-- ================================================================
-- 프론트 페이지 + API JSON → PostgreSQL 샘플 데이터
-- 생성: generate_sample_sql_front.js
-- 스키마: shopjoy_2604
-- 전제: generate_sample_sql.js + generate_sample_sql_ec.js 먼저 실행
-- ================================================================
SET search_path TO shopjoy_2604;

-- ================================================================
-- 1. cm_bltn_cate — 블로그 카테고리
-- ================================================================
INSERT INTO shopjoy_2604.cm_bltn_cate (blog_cate_id, site_id, blog_cate_nm, sort_ord, use_yn, reg_by, reg_date) VALUES ('BC000001', 'SITE000001', '패션', 1, 'Y', 'SYSTEM', '2026-04-20 00:00:00') ON CONFLICT DO NOTHING;
INSERT INTO shopjoy_2604.cm_bltn_cate (blog_cate_id, site_id, blog_cate_nm, sort_ord, use_yn, reg_by, reg_date) VALUES ('BC000002', 'SITE000001', '트렌드', 2, 'Y', 'SYSTEM', '2026-04-20 00:00:00') ON CONFLICT DO NOTHING;
INSERT INTO shopjoy_2604.cm_bltn_cate (blog_cate_id, site_id, blog_cate_nm, sort_ord, use_yn, reg_by, reg_date) VALUES ('BC000003', 'SITE000001', '라이프스타일', 3, 'Y', 'SYSTEM', '2026-04-20 00:00:00') ON CONFLICT DO NOTHING;
INSERT INTO shopjoy_2604.cm_bltn_cate (blog_cate_id, site_id, blog_cate_nm, sort_ord, use_yn, reg_by, reg_date) VALUES ('BC000004', 'SITE000001', '스타일링 팁', 4, 'Y', 'SYSTEM', '2026-04-20 00:00:00') ON CONFLICT DO NOTHING;

-- ================================================================
-- 2. cm_bltn — 블로그 게시글
-- ================================================================
INSERT INTO shopjoy_2604.cm_bltn (blog_id, site_id, blog_cate_id, blog_title, blog_summary, blog_content, blog_author, view_count, use_yn, reg_by, reg_date) VALUES ('BL000001', 'SITE000001', 'BC000001', 'Anteposuerit litterarum formas.', '고급 코튼 소재로 제작된 프리미엄 티셔츠. 통기성이 우수하고 세탁 후에도 형태가 유지됩니다.', 'Elga Ksenia shall Tirza use these kitchen utensils designed for Élinka, a new design-oriented brand for consumers introduced at the Ambiente show in February 2016. Lightweight anodized aluminum, bright colors, stainless steel and matte plastic shapes.

And round tips on the cutting feature of these products designed for the kitchen.', '김민지', 1240, 'Y', 'SYSTEM', '2026-04-10 00:00:00') ON CONFLICT DO NOTHING;
INSERT INTO shopjoy_2604.cm_bltn (blog_id, site_id, blog_cate_id, blog_title, blog_summary, blog_content, blog_author, view_count, use_yn, reg_by, reg_date) VALUES ('BL000002', 'SITE000001', 'BC000002', '2026 봄 트렌드 컬러 가이드', '올 봄 주목해야 할 트렌드 컬러와 컬러 매칭 방법을 알아봅니다.', '올 봄 주목해야 할 트렌드 컬러는 파스텔 라벤더, 소프트 민트, 코랄 핑크입니다.

파스텔 컬러는 부드러운 분위기를 연출하면서도 세련된 느낌을 줍니다.', '이수진', 890, 'Y', 'SYSTEM', '2026-04-08 00:00:00') ON CONFLICT DO NOTHING;
INSERT INTO shopjoy_2604.cm_bltn (blog_id, site_id, blog_cate_id, blog_title, blog_summary, blog_content, blog_author, view_count, use_yn, reg_by, reg_date) VALUES ('BL000003', 'SITE000001', 'BC000003', '미니멀 라이프를 위한 옷장 정리법', '효율적인 옷장 정리 방법과 캡슐 워드로브 구성 팁.', '효율적인 옷장 정리를 위한 캡슐 워드로브 구성 팁을 소개합니다.

우선, 자신의 스타일에 맞는 기본 컬러 팔레트를 정합니다.', '박지현', 2100, 'Y', 'SYSTEM', '2026-04-05 00:00:00') ON CONFLICT DO NOTHING;
INSERT INTO shopjoy_2604.cm_bltn (blog_id, site_id, blog_cate_id, blog_title, blog_summary, blog_content, blog_author, view_count, use_yn, reg_by, reg_date) VALUES ('BL000004', 'SITE000001', 'BC000004', '데님 스타일링 A to Z', '계절별 데님 스타일링 팁과 데님 케어 방법까지.', '데님은 가장 기본적이면서도 활용도 높은 아이템입니다.

계절별로 적합한 데님 소재와 핏을 선택하는 것이 중요합니다.', '정다운', 1560, 'Y', 'SYSTEM', '2026-04-03 00:00:00') ON CONFLICT DO NOTHING;
INSERT INTO shopjoy_2604.cm_bltn (blog_id, site_id, blog_cate_id, blog_title, blog_summary, blog_content, blog_author, view_count, use_yn, reg_by, reg_date) VALUES ('BL000005', 'SITE000001', 'BC000003', '지속 가능한 패션의 시작', '환경을 생각하는 패션 소비, 어디서부터 시작할 수 있을까요?', '지속 가능한 패션은 환경 보호와 윤리적 소비를 위한 선택입니다.

오가닉 코튼, 재활용 소재, 공정무역 인증 제품을 선택해 보세요.', '최예린', 780, 'Y', 'SYSTEM', '2026-03-28 00:00:00') ON CONFLICT DO NOTHING;
INSERT INTO shopjoy_2604.cm_bltn (blog_id, site_id, blog_cate_id, blog_title, blog_summary, blog_content, blog_author, view_count, use_yn, reg_by, reg_date) VALUES ('BL000006', 'SITE000001', 'BC000001', '봄 아우터 베스트 5', '환절기 필수 아우터 추천! 트렌치코트부터 라이트 재킷까지.', '봄철 아우터 선택 시 소재와 두께가 가장 중요합니다.

트렌치코트는 클래식하면서도 다양한 스타일링이 가능한 봄 필수 아이템입니다.', '강하늘', 1890, 'Y', 'SYSTEM', '2026-03-25 00:00:00') ON CONFLICT DO NOTHING;

-- ================================================================
-- 3. cm_bltn_tag — 블로그 태그
-- ================================================================
INSERT INTO shopjoy_2604.cm_bltn_tag (blog_tag_id, site_id, blog_id, tag_nm, sort_ord, reg_by, reg_date) VALUES ('BTG000001', 'SITE000001', 'BL000001', '패션', 1, 'SYSTEM', '2026-04-20 00:00:00') ON CONFLICT DO NOTHING;
INSERT INTO shopjoy_2604.cm_bltn_tag (blog_tag_id, site_id, blog_id, tag_nm, sort_ord, reg_by, reg_date) VALUES ('BTG000002', 'SITE000001', 'BL000001', '신상품', 2, 'SYSTEM', '2026-04-20 00:00:00') ON CONFLICT DO NOTHING;
INSERT INTO shopjoy_2604.cm_bltn_tag (blog_tag_id, site_id, blog_id, tag_nm, sort_ord, reg_by, reg_date) VALUES ('BTG000003', 'SITE000001', 'BL000001', '코튼100%', 3, 'SYSTEM', '2026-04-20 00:00:00') ON CONFLICT DO NOTHING;
INSERT INTO shopjoy_2604.cm_bltn_tag (blog_tag_id, site_id, blog_id, tag_nm, sort_ord, reg_by, reg_date) VALUES ('BTG000004', 'SITE000001', 'BL000002', '트렌드', 1, 'SYSTEM', '2026-04-20 00:00:00') ON CONFLICT DO NOTHING;
INSERT INTO shopjoy_2604.cm_bltn_tag (blog_tag_id, site_id, blog_id, tag_nm, sort_ord, reg_by, reg_date) VALUES ('BTG000005', 'SITE000001', 'BL000002', '컬러', 2, 'SYSTEM', '2026-04-20 00:00:00') ON CONFLICT DO NOTHING;
INSERT INTO shopjoy_2604.cm_bltn_tag (blog_tag_id, site_id, blog_id, tag_nm, sort_ord, reg_by, reg_date) VALUES ('BTG000006', 'SITE000001', 'BL000002', '2026SS', 3, 'SYSTEM', '2026-04-20 00:00:00') ON CONFLICT DO NOTHING;
INSERT INTO shopjoy_2604.cm_bltn_tag (blog_tag_id, site_id, blog_id, tag_nm, sort_ord, reg_by, reg_date) VALUES ('BTG000007', 'SITE000001', 'BL000003', '미니멀', 1, 'SYSTEM', '2026-04-20 00:00:00') ON CONFLICT DO NOTHING;
INSERT INTO shopjoy_2604.cm_bltn_tag (blog_tag_id, site_id, blog_id, tag_nm, sort_ord, reg_by, reg_date) VALUES ('BTG000008', 'SITE000001', 'BL000003', '정리', 2, 'SYSTEM', '2026-04-20 00:00:00') ON CONFLICT DO NOTHING;
INSERT INTO shopjoy_2604.cm_bltn_tag (blog_tag_id, site_id, blog_id, tag_nm, sort_ord, reg_by, reg_date) VALUES ('BTG000009', 'SITE000001', 'BL000003', '캡슐워드로브', 3, 'SYSTEM', '2026-04-20 00:00:00') ON CONFLICT DO NOTHING;
INSERT INTO shopjoy_2604.cm_bltn_tag (blog_tag_id, site_id, blog_id, tag_nm, sort_ord, reg_by, reg_date) VALUES ('BTG000010', 'SITE000001', 'BL000004', '데님', 1, 'SYSTEM', '2026-04-20 00:00:00') ON CONFLICT DO NOTHING;
INSERT INTO shopjoy_2604.cm_bltn_tag (blog_tag_id, site_id, blog_id, tag_nm, sort_ord, reg_by, reg_date) VALUES ('BTG000011', 'SITE000001', 'BL000004', '스타일링', 2, 'SYSTEM', '2026-04-20 00:00:00') ON CONFLICT DO NOTHING;
INSERT INTO shopjoy_2604.cm_bltn_tag (blog_tag_id, site_id, blog_id, tag_nm, sort_ord, reg_by, reg_date) VALUES ('BTG000012', 'SITE000001', 'BL000004', '가이드', 3, 'SYSTEM', '2026-04-20 00:00:00') ON CONFLICT DO NOTHING;
INSERT INTO shopjoy_2604.cm_bltn_tag (blog_tag_id, site_id, blog_id, tag_nm, sort_ord, reg_by, reg_date) VALUES ('BTG000013', 'SITE000001', 'BL000005', '지속가능', 1, 'SYSTEM', '2026-04-20 00:00:00') ON CONFLICT DO NOTHING;
INSERT INTO shopjoy_2604.cm_bltn_tag (blog_tag_id, site_id, blog_id, tag_nm, sort_ord, reg_by, reg_date) VALUES ('BTG000014', 'SITE000001', 'BL000005', '친환경', 2, 'SYSTEM', '2026-04-20 00:00:00') ON CONFLICT DO NOTHING;
INSERT INTO shopjoy_2604.cm_bltn_tag (blog_tag_id, site_id, blog_id, tag_nm, sort_ord, reg_by, reg_date) VALUES ('BTG000015', 'SITE000001', 'BL000005', '윤리패션', 3, 'SYSTEM', '2026-04-20 00:00:00') ON CONFLICT DO NOTHING;
INSERT INTO shopjoy_2604.cm_bltn_tag (blog_tag_id, site_id, blog_id, tag_nm, sort_ord, reg_by, reg_date) VALUES ('BTG000016', 'SITE000001', 'BL000006', '아우터', 1, 'SYSTEM', '2026-04-20 00:00:00') ON CONFLICT DO NOTHING;
INSERT INTO shopjoy_2604.cm_bltn_tag (blog_tag_id, site_id, blog_id, tag_nm, sort_ord, reg_by, reg_date) VALUES ('BTG000017', 'SITE000001', 'BL000006', '추천', 2, 'SYSTEM', '2026-04-20 00:00:00') ON CONFLICT DO NOTHING;
INSERT INTO shopjoy_2604.cm_bltn_tag (blog_tag_id, site_id, blog_id, tag_nm, sort_ord, reg_by, reg_date) VALUES ('BTG000018', 'SITE000001', 'BL000006', '봄패션', 3, 'SYSTEM', '2026-04-20 00:00:00') ON CONFLICT DO NOTHING;

-- ================================================================
-- 4. cm_bltn_reply — 블로그 댓글
-- ================================================================
INSERT INTO shopjoy_2604.cm_bltn_reply (comment_id, site_id, blog_id, writer_nm, blog_comment_content, comment_status_cd, reg_by, reg_date) VALUES ('BR000001', 'SITE000001', 'BL000001', '이수진', '정말 유용한 정보네요! 다음 시즌 스타일링에 참고하겠습니다.', 'PUBLISH', 'SYSTEM', '2026-04-11 00:00:00') ON CONFLICT DO NOTHING;
INSERT INTO shopjoy_2604.cm_bltn_reply (comment_id, site_id, blog_id, writer_nm, blog_comment_content, comment_status_cd, reg_by, reg_date) VALUES ('BR000002', 'SITE000001', 'BL000001', '박지현', '사진도 예쁘고 설명도 자세해서 좋아요.', 'PUBLISH', 'SYSTEM', '2026-04-11 00:00:00') ON CONFLICT DO NOTHING;
INSERT INTO shopjoy_2604.cm_bltn_reply (comment_id, site_id, blog_id, writer_nm, blog_comment_content, comment_status_cd, reg_by, reg_date) VALUES ('BR000003', 'SITE000001', 'BL000001', '정다운', '이런 글 더 많이 올려주세요!', 'PUBLISH', 'SYSTEM', '2026-04-12 00:00:00') ON CONFLICT DO NOTHING;
INSERT INTO shopjoy_2604.cm_bltn_reply (comment_id, site_id, blog_id, writer_nm, blog_comment_content, comment_status_cd, reg_by, reg_date) VALUES ('BR000004', 'SITE000001', 'BL000002', '강하늘', '라벤더 컬러 너무 예뻐요!', 'PUBLISH', 'SYSTEM', '2026-04-09 00:00:00') ON CONFLICT DO NOTHING;

-- ================================================================
-- 5. sy_bbs — FAQ 게시물
-- ================================================================
INSERT INTO shopjoy_2604.sy_bbs (bbs_id, site_id, bbm_id, author_nm, bbs_title, content_html, view_count, like_count, comment_count, is_fixed, bbs_status_cd, reg_by, reg_date) VALUES ('BSFQ000001', 'SITE000001', 'BM000002', 'SYSTEM', '주문 후 배송까지 얼마나 걸리나요?', '결제 확인 후 1~2 영업일 이내 출고됩니다. 출고 후 일반 배송은 2~3일, 제주·도서산간 지역은 추가 2~3일이 소요됩니다.', 0, 0, 0, 'N', 'PUBLISH', 'SYSTEM', '2026-04-20 00:00:00') ON CONFLICT DO NOTHING;
INSERT INTO shopjoy_2604.sy_bbs (bbs_id, site_id, bbm_id, author_nm, bbs_title, content_html, view_count, like_count, comment_count, is_fixed, bbs_status_cd, reg_by, reg_date) VALUES ('BSFQ000002', 'SITE000001', 'BM000002', 'SYSTEM', '교환·반품은 어떻게 신청하나요?', '상품 수령 후 7일 이내에 고객센터로 연락해주세요. 단, 착용 후 세탁하거나 태그를 제거한 경우 교환·반품이 불가합니다.', 0, 0, 0, 'N', 'PUBLISH', 'SYSTEM', '2026-04-20 00:00:00') ON CONFLICT DO NOTHING;
INSERT INTO shopjoy_2604.sy_bbs (bbs_id, site_id, bbm_id, author_nm, bbs_title, content_html, view_count, like_count, comment_count, is_fixed, bbs_status_cd, reg_by, reg_date) VALUES ('BSFQ000003', 'SITE000001', 'BM000002', 'SYSTEM', '사이즈 교환이 가능한가요?', '미착용·미세탁 상태에서 7일 이내라면 사이즈 교환이 가능합니다. 왕복 배송비는 고객 부담이며, 재고 상황에 따라 불가한 경우도 있습니다.', 0, 0, 0, 'N', 'PUBLISH', 'SYSTEM', '2026-04-20 00:00:00') ON CONFLICT DO NOTHING;
INSERT INTO shopjoy_2604.sy_bbs (bbs_id, site_id, bbm_id, author_nm, bbs_title, content_html, view_count, like_count, comment_count, is_fixed, bbs_status_cd, reg_by, reg_date) VALUES ('BSFQ000004', 'SITE000001', 'BM000002', 'SYSTEM', '색상이 화면과 다를 수 있나요?', '모니터 환경에 따라 실제 색상과 다소 차이가 있을 수 있습니다. 정확한 색상은 상품 상세 이미지를 참고하거나 고객센터로 문의해주세요.', 0, 0, 0, 'N', 'PUBLISH', 'SYSTEM', '2026-04-20 00:00:00') ON CONFLICT DO NOTHING;
INSERT INTO shopjoy_2604.sy_bbs (bbs_id, site_id, bbm_id, author_nm, bbs_title, content_html, view_count, like_count, comment_count, is_fixed, bbs_status_cd, reg_by, reg_date) VALUES ('BSFQ000005', 'SITE000001', 'BM000002', 'SYSTEM', '세탁 방법은 어떻게 되나요?', '각 상품의 라벨에 표기된 세탁 방법을 따라주세요. 대부분의 상품은 찬물 손세탁 또는 세탁기 약세탁을 권장합니다.', 0, 0, 0, 'N', 'PUBLISH', 'SYSTEM', '2026-04-20 00:00:00') ON CONFLICT DO NOTHING;
INSERT INTO shopjoy_2604.sy_bbs (bbs_id, site_id, bbm_id, author_nm, bbs_title, content_html, view_count, like_count, comment_count, is_fixed, bbs_status_cd, reg_by, reg_date) VALUES ('BSFQ000006', 'SITE000001', 'BM000002', 'SYSTEM', '결제는 어떤 방식으로 하나요?', '현재 계좌이체 방식으로 운영됩니다. 주문 후 안내된 계좌로 입금해주시면 확인 후 발송합니다.', 0, 0, 0, 'N', 'PUBLISH', 'SYSTEM', '2026-04-20 00:00:00') ON CONFLICT DO NOTHING;

-- ================================================================
-- 6. pd_prod — 상품 50개 (api/products/list.json)
-- ================================================================
INSERT INTO shopjoy_2604.pd_prod (prod_id, site_id, category_id, brand_id, prod_nm, sale_price, list_price, prod_stock, prod_status_cd, reg_by, reg_date) VALUES ('PD000001', 'SITE000001', 'CT000029', NULL, '오버사이즈 코튼 티셔츠', 29900, 39900, 100, 'SALE', 'SYSTEM', '2026-04-20 00:00:00') ON CONFLICT DO NOTHING;
INSERT INTO shopjoy_2604.pd_prod (prod_id, site_id, category_id, brand_id, prod_nm, sale_price, list_price, prod_stock, prod_status_cd, reg_by, reg_date) VALUES ('PD000002', 'SITE000001', 'CT000029', NULL, '스트라이프 린넨 셔츠', 45000, 45000, 100, 'SALE', 'SYSTEM', '2026-04-20 00:00:00') ON CONFLICT DO NOTHING;
INSERT INTO shopjoy_2604.pd_prod (prod_id, site_id, category_id, brand_id, prod_nm, sale_price, list_price, prod_stock, prod_status_cd, reg_by, reg_date) VALUES ('PD000003', 'SITE000001', 'CT000029', NULL, '케이블 니트 스웨터', 49000, 62000, 100, 'SALE', 'SYSTEM', '2026-04-20 00:00:00') ON CONFLICT DO NOTHING;
INSERT INTO shopjoy_2604.pd_prod (prod_id, site_id, category_id, brand_id, prod_nm, sale_price, list_price, prod_stock, prod_status_cd, reg_by, reg_date) VALUES ('PD000004', 'SITE000001', 'CT000029', NULL, '크롭 후디 스웨트셔츠', 55000, 69000, 100, 'SALE', 'SYSTEM', '2026-04-20 00:00:00') ON CONFLICT DO NOTHING;
INSERT INTO shopjoy_2604.pd_prod (prod_id, site_id, category_id, brand_id, prod_nm, sale_price, list_price, prod_stock, prod_status_cd, reg_by, reg_date) VALUES ('PD000005', 'SITE000001', 'CT000029', NULL, '체크 플란넬 셔츠', 52000, 65000, 100, 'SALE', 'SYSTEM', '2026-04-20 00:00:00') ON CONFLICT DO NOTHING;
INSERT INTO shopjoy_2604.pd_prod (prod_id, site_id, category_id, brand_id, prod_nm, sale_price, list_price, prod_stock, prod_status_cd, reg_by, reg_date) VALUES ('PD000006', 'SITE000001', 'CT000029', NULL, 'V넥 슬림 티셔츠', 19900, 19900, 100, 'SALE', 'SYSTEM', '2026-04-20 00:00:00') ON CONFLICT DO NOTHING;
INSERT INTO shopjoy_2604.pd_prod (prod_id, site_id, category_id, brand_id, prod_nm, sale_price, list_price, prod_stock, prod_status_cd, reg_by, reg_date) VALUES ('PD000007', 'SITE000001', 'CT000029', NULL, '오픈칼라 반팔 셔츠', 58000, 72000, 100, 'SALE', 'SYSTEM', '2026-04-20 00:00:00') ON CONFLICT DO NOTHING;
INSERT INTO shopjoy_2604.pd_prod (prod_id, site_id, category_id, brand_id, prod_nm, sale_price, list_price, prod_stock, prod_status_cd, reg_by, reg_date) VALUES ('PD000008', 'SITE000001', 'CT000029', NULL, '레이어드 롱슬리브 티', 32000, 32000, 100, 'SALE', 'SYSTEM', '2026-04-20 00:00:00') ON CONFLICT DO NOTHING;
INSERT INTO shopjoy_2604.pd_prod (prod_id, site_id, category_id, brand_id, prod_nm, sale_price, list_price, prod_stock, prod_status_cd, reg_by, reg_date) VALUES ('PD000009', 'SITE000001', 'CT000029', NULL, '후드 집업 스웨트셔츠', 69000, 69000, 100, 'SALE', 'SYSTEM', '2026-04-20 00:00:00') ON CONFLICT DO NOTHING;
INSERT INTO shopjoy_2604.pd_prod (prod_id, site_id, category_id, brand_id, prod_nm, sale_price, list_price, prod_stock, prod_status_cd, reg_by, reg_date) VALUES ('PD000010', 'SITE000001', 'CT000029', NULL, '오가닉 루즈핏 맨투맨', 42000, 52000, 100, 'SALE', 'SYSTEM', '2026-04-20 00:00:00') ON CONFLICT DO NOTHING;
INSERT INTO shopjoy_2604.pd_prod (prod_id, site_id, category_id, brand_id, prod_nm, sale_price, list_price, prod_stock, prod_status_cd, reg_by, reg_date) VALUES ('PD000011', 'SITE000001', 'CT000030', NULL, '슬림핏 데님 진', 59900, 75000, 100, 'SALE', 'SYSTEM', '2026-04-20 00:00:00') ON CONFLICT DO NOTHING;
INSERT INTO shopjoy_2604.pd_prod (prod_id, site_id, category_id, brand_id, prod_nm, sale_price, list_price, prod_stock, prod_status_cd, reg_by, reg_date) VALUES ('PD000012', 'SITE000001', 'CT000030', NULL, '카고 와이드 팬츠', 55000, 65000, 100, 'SALE', 'SYSTEM', '2026-04-20 00:00:00') ON CONFLICT DO NOTHING;
INSERT INTO shopjoy_2604.pd_prod (prod_id, site_id, category_id, brand_id, prod_nm, sale_price, list_price, prod_stock, prod_status_cd, reg_by, reg_date) VALUES ('PD000013', 'SITE000001', 'CT000030', NULL, '와이드 린넨 슬랙스', 52000, 52000, 100, 'SALE', 'SYSTEM', '2026-04-20 00:00:00') ON CONFLICT DO NOTHING;
INSERT INTO shopjoy_2604.pd_prod (prod_id, site_id, category_id, brand_id, prod_nm, sale_price, list_price, prod_stock, prod_status_cd, reg_by, reg_date) VALUES ('PD000014', 'SITE000001', 'CT000030', NULL, '조거 스웻 팬츠', 38000, 48000, 100, 'SALE', 'SYSTEM', '2026-04-20 00:00:00') ON CONFLICT DO NOTHING;
INSERT INTO shopjoy_2604.pd_prod (prod_id, site_id, category_id, brand_id, prod_nm, sale_price, list_price, prod_stock, prod_status_cd, reg_by, reg_date) VALUES ('PD000015', 'SITE000001', 'CT000030', NULL, '하이웨이스트 숏팬츠', 29900, 29900, 100, 'SALE', 'SYSTEM', '2026-04-20 00:00:00') ON CONFLICT DO NOTHING;
INSERT INTO shopjoy_2604.pd_prod (prod_id, site_id, category_id, brand_id, prod_nm, sale_price, list_price, prod_stock, prod_status_cd, reg_by, reg_date) VALUES ('PD000016', 'SITE000001', 'CT000030', NULL, '미니 플리츠 스커트', 35000, 44000, 100, 'SALE', 'SYSTEM', '2026-04-20 00:00:00') ON CONFLICT DO NOTHING;
INSERT INTO shopjoy_2604.pd_prod (prod_id, site_id, category_id, brand_id, prod_nm, sale_price, list_price, prod_stock, prod_status_cd, reg_by, reg_date) VALUES ('PD000017', 'SITE000001', 'CT000030', NULL, '맥시 롱스커트', 48000, 60000, 100, 'SALE', 'SYSTEM', '2026-04-20 00:00:00') ON CONFLICT DO NOTHING;
INSERT INTO shopjoy_2604.pd_prod (prod_id, site_id, category_id, brand_id, prod_nm, sale_price, list_price, prod_stock, prod_status_cd, reg_by, reg_date) VALUES ('PD000018', 'SITE000001', 'CT000030', NULL, '체크 플리츠 스커트', 42000, 42000, 100, 'SALE', 'SYSTEM', '2026-04-20 00:00:00') ON CONFLICT DO NOTHING;
INSERT INTO shopjoy_2604.pd_prod (prod_id, site_id, category_id, brand_id, prod_nm, sale_price, list_price, prod_stock, prod_status_cd, reg_by, reg_date) VALUES ('PD000019', 'SITE000001', 'CT000030', NULL, '벨벳 와이드 팬츠', 65000, 82000, 100, 'SALE', 'SYSTEM', '2026-04-20 00:00:00') ON CONFLICT DO NOTHING;
INSERT INTO shopjoy_2604.pd_prod (prod_id, site_id, category_id, brand_id, prod_nm, sale_price, list_price, prod_stock, prod_status_cd, reg_by, reg_date) VALUES ('PD000020', 'SITE000001', 'CT000030', NULL, '스트레이트 코튼 팬츠', 46000, 46000, 100, 'SALE', 'SYSTEM', '2026-04-20 00:00:00') ON CONFLICT DO NOTHING;
INSERT INTO shopjoy_2604.pd_prod (prod_id, site_id, category_id, brand_id, prod_nm, sale_price, list_price, prod_stock, prod_status_cd, reg_by, reg_date) VALUES ('PD000021', 'SITE000001', NULL, NULL, '울 블렌드 롱코트', 119000, 119000, 100, 'SALE', 'SYSTEM', '2026-04-20 00:00:00') ON CONFLICT DO NOTHING;
INSERT INTO shopjoy_2604.pd_prod (prod_id, site_id, category_id, brand_id, prod_nm, sale_price, list_price, prod_stock, prod_status_cd, reg_by, reg_date) VALUES ('PD000022', 'SITE000001', NULL, NULL, '퀼티드 숏 점퍼', 89000, 115000, 100, 'SALE', 'SYSTEM', '2026-04-20 00:00:00') ON CONFLICT DO NOTHING;
INSERT INTO shopjoy_2604.pd_prod (prod_id, site_id, category_id, brand_id, prod_nm, sale_price, list_price, prod_stock, prod_status_cd, reg_by, reg_date) VALUES ('PD000023', 'SITE000001', NULL, NULL, '오버사이즈 후드 집업', 72000, 89000, 100, 'SALE', 'SYSTEM', '2026-04-20 00:00:00') ON CONFLICT DO NOTHING;
INSERT INTO shopjoy_2604.pd_prod (prod_id, site_id, category_id, brand_id, prod_nm, sale_price, list_price, prod_stock, prod_status_cd, reg_by, reg_date) VALUES ('PD000024', 'SITE000001', NULL, NULL, '레더룩 라이더 재킷', 139000, 139000, 100, 'SALE', 'SYSTEM', '2026-04-20 00:00:00') ON CONFLICT DO NOTHING;
INSERT INTO shopjoy_2604.pd_prod (prod_id, site_id, category_id, brand_id, prod_nm, sale_price, list_price, prod_stock, prod_status_cd, reg_by, reg_date) VALUES ('PD000025', 'SITE000001', NULL, NULL, '리넨 오버핏 블레이저', 95000, 120000, 100, 'SALE', 'SYSTEM', '2026-04-20 00:00:00') ON CONFLICT DO NOTHING;
INSERT INTO shopjoy_2604.pd_prod (prod_id, site_id, category_id, brand_id, prod_nm, sale_price, list_price, prod_stock, prod_status_cd, reg_by, reg_date) VALUES ('PD000026', 'SITE000001', NULL, NULL, '항공점퍼 MA-1', 109000, 109000, 100, 'SALE', 'SYSTEM', '2026-04-20 00:00:00') ON CONFLICT DO NOTHING;
INSERT INTO shopjoy_2604.pd_prod (prod_id, site_id, category_id, brand_id, prod_nm, sale_price, list_price, prod_stock, prod_status_cd, reg_by, reg_date) VALUES ('PD000027', 'SITE000001', NULL, NULL, '더블 브레스트 코트', 158000, 199000, 100, 'SALE', 'SYSTEM', '2026-04-20 00:00:00') ON CONFLICT DO NOTHING;
INSERT INTO shopjoy_2604.pd_prod (prod_id, site_id, category_id, brand_id, prod_nm, sale_price, list_price, prod_stock, prod_status_cd, reg_by, reg_date) VALUES ('PD000028', 'SITE000001', NULL, NULL, '데님 재킷', 68000, 85000, 100, 'SALE', 'SYSTEM', '2026-04-20 00:00:00') ON CONFLICT DO NOTHING;
INSERT INTO shopjoy_2604.pd_prod (prod_id, site_id, category_id, brand_id, prod_nm, sale_price, list_price, prod_stock, prod_status_cd, reg_by, reg_date) VALUES ('PD000029', 'SITE000001', NULL, NULL, '경량 패딩 조끼', 55000, 55000, 100, 'SALE', 'SYSTEM', '2026-04-20 00:00:00') ON CONFLICT DO NOTHING;
INSERT INTO shopjoy_2604.pd_prod (prod_id, site_id, category_id, brand_id, prod_nm, sale_price, list_price, prod_stock, prod_status_cd, reg_by, reg_date) VALUES ('PD000030', 'SITE000001', NULL, NULL, '롱 가디건', 62000, 78000, 100, 'SALE', 'SYSTEM', '2026-04-20 00:00:00') ON CONFLICT DO NOTHING;
INSERT INTO shopjoy_2604.pd_prod (prod_id, site_id, category_id, brand_id, prod_nm, sale_price, list_price, prod_stock, prod_status_cd, reg_by, reg_date) VALUES ('PD000031', 'SITE000001', NULL, NULL, '플로럴 미디 드레스', 79000, 95000, 100, 'SALE', 'SYSTEM', '2026-04-20 00:00:00') ON CONFLICT DO NOTHING;
INSERT INTO shopjoy_2604.pd_prod (prod_id, site_id, category_id, brand_id, prod_nm, sale_price, list_price, prod_stock, prod_status_cd, reg_by, reg_date) VALUES ('PD000032', 'SITE000001', NULL, NULL, '미니 플리츠 드레스', 59000, 59000, 100, 'SALE', 'SYSTEM', '2026-04-20 00:00:00') ON CONFLICT DO NOTHING;
INSERT INTO shopjoy_2604.pd_prod (prod_id, site_id, category_id, brand_id, prod_nm, sale_price, list_price, prod_stock, prod_status_cd, reg_by, reg_date) VALUES ('PD000033', 'SITE000001', NULL, NULL, '맥시 롱 원피스', 88000, 110000, 100, 'SALE', 'SYSTEM', '2026-04-20 00:00:00') ON CONFLICT DO NOTHING;
INSERT INTO shopjoy_2604.pd_prod (prod_id, site_id, category_id, brand_id, prod_nm, sale_price, list_price, prod_stock, prod_status_cd, reg_by, reg_date) VALUES ('PD000034', 'SITE000001', NULL, NULL, '오프숄더 드레스', 69000, 85000, 100, 'SALE', 'SYSTEM', '2026-04-20 00:00:00') ON CONFLICT DO NOTHING;
INSERT INTO shopjoy_2604.pd_prod (prod_id, site_id, category_id, brand_id, prod_nm, sale_price, list_price, prod_stock, prod_status_cd, reg_by, reg_date) VALUES ('PD000035', 'SITE000001', NULL, NULL, '니트 미디 원피스', 72000, 72000, 100, 'SALE', 'SYSTEM', '2026-04-20 00:00:00') ON CONFLICT DO NOTHING;
INSERT INTO shopjoy_2604.pd_prod (prod_id, site_id, category_id, brand_id, prod_nm, sale_price, list_price, prod_stock, prod_status_cd, reg_by, reg_date) VALUES ('PD000036', 'SITE000001', NULL, NULL, '셔츠 미니 원피스', 55000, 68000, 100, 'SALE', 'SYSTEM', '2026-04-20 00:00:00') ON CONFLICT DO NOTHING;
INSERT INTO shopjoy_2604.pd_prod (prod_id, site_id, category_id, brand_id, prod_nm, sale_price, list_price, prod_stock, prod_status_cd, reg_by, reg_date) VALUES ('PD000037', 'SITE000001', NULL, NULL, '슬립 드레스', 62000, 62000, 100, 'SALE', 'SYSTEM', '2026-04-20 00:00:00') ON CONFLICT DO NOTHING;
INSERT INTO shopjoy_2604.pd_prod (prod_id, site_id, category_id, brand_id, prod_nm, sale_price, list_price, prod_stock, prod_status_cd, reg_by, reg_date) VALUES ('PD000038', 'SITE000001', NULL, NULL, '타이다이 썸머 드레스', 48000, 60000, 100, 'SALE', 'SYSTEM', '2026-04-20 00:00:00') ON CONFLICT DO NOTHING;
INSERT INTO shopjoy_2604.pd_prod (prod_id, site_id, category_id, brand_id, prod_nm, sale_price, list_price, prod_stock, prod_status_cd, reg_by, reg_date) VALUES ('PD000039', 'SITE000001', NULL, NULL, '자수 블라우스 원피스', 82000, 82000, 100, 'SALE', 'SYSTEM', '2026-04-20 00:00:00') ON CONFLICT DO NOTHING;
INSERT INTO shopjoy_2604.pd_prod (prod_id, site_id, category_id, brand_id, prod_nm, sale_price, list_price, prod_stock, prod_status_cd, reg_by, reg_date) VALUES ('PD000040', 'SITE000001', NULL, NULL, '랩 스타일 드레스', 66000, 79000, 100, 'SALE', 'SYSTEM', '2026-04-20 00:00:00') ON CONFLICT DO NOTHING;
INSERT INTO shopjoy_2604.pd_prod (prod_id, site_id, category_id, brand_id, prod_nm, sale_price, list_price, prod_stock, prod_status_cd, reg_by, reg_date) VALUES ('PD000041', 'SITE000001', NULL, NULL, '캔버스 토트백', 35000, 45000, 100, 'SALE', 'SYSTEM', '2026-04-20 00:00:00') ON CONFLICT DO NOTHING;
INSERT INTO shopjoy_2604.pd_prod (prod_id, site_id, category_id, brand_id, prod_nm, sale_price, list_price, prod_stock, prod_status_cd, reg_by, reg_date) VALUES ('PD000042', 'SITE000001', NULL, NULL, '버킷햇', 22000, 22000, 100, 'SALE', 'SYSTEM', '2026-04-20 00:00:00') ON CONFLICT DO NOTHING;
INSERT INTO shopjoy_2604.pd_prod (prod_id, site_id, category_id, brand_id, prod_nm, sale_price, list_price, prod_stock, prod_status_cd, reg_by, reg_date) VALUES ('PD000043', 'SITE000001', NULL, NULL, '울 머플러', 28000, 35000, 100, 'SALE', 'SYSTEM', '2026-04-20 00:00:00') ON CONFLICT DO NOTHING;
INSERT INTO shopjoy_2604.pd_prod (prod_id, site_id, category_id, brand_id, prod_nm, sale_price, list_price, prod_stock, prod_status_cd, reg_by, reg_date) VALUES ('PD000044', 'SITE000001', NULL, NULL, '가죽 벨트', 32000, 32000, 100, 'SALE', 'SYSTEM', '2026-04-20 00:00:00') ON CONFLICT DO NOTHING;
INSERT INTO shopjoy_2604.pd_prod (prod_id, site_id, category_id, brand_id, prod_nm, sale_price, list_price, prod_stock, prod_status_cd, reg_by, reg_date) VALUES ('PD000045', 'SITE000001', NULL, NULL, '볼캡 스냅백', 25000, 32000, 100, 'SALE', 'SYSTEM', '2026-04-20 00:00:00') ON CONFLICT DO NOTHING;
INSERT INTO shopjoy_2604.pd_prod (prod_id, site_id, category_id, brand_id, prod_nm, sale_price, list_price, prod_stock, prod_status_cd, reg_by, reg_date) VALUES ('PD000046', 'SITE000001', NULL, NULL, '선글라스', 42000, 42000, 100, 'SALE', 'SYSTEM', '2026-04-20 00:00:00') ON CONFLICT DO NOTHING;
INSERT INTO shopjoy_2604.pd_prod (prod_id, site_id, category_id, brand_id, prod_nm, sale_price, list_price, prod_stock, prod_status_cd, reg_by, reg_date) VALUES ('PD000047', 'SITE000001', NULL, NULL, '미니 크로스백', 55000, 68000, 100, 'SALE', 'SYSTEM', '2026-04-20 00:00:00') ON CONFLICT DO NOTHING;
INSERT INTO shopjoy_2604.pd_prod (prod_id, site_id, category_id, brand_id, prod_nm, sale_price, list_price, prod_stock, prod_status_cd, reg_by, reg_date) VALUES ('PD000048', 'SITE000001', NULL, NULL, '니트 비니', 18000, 18000, 100, 'SALE', 'SYSTEM', '2026-04-20 00:00:00') ON CONFLICT DO NOTHING;
INSERT INTO shopjoy_2604.pd_prod (prod_id, site_id, category_id, brand_id, prod_nm, sale_price, list_price, prod_stock, prod_status_cd, reg_by, reg_date) VALUES ('PD000049', 'SITE000001', NULL, NULL, '캔버스 숄더백', 48000, 59000, 100, 'SALE', 'SYSTEM', '2026-04-20 00:00:00') ON CONFLICT DO NOTHING;
INSERT INTO shopjoy_2604.pd_prod (prod_id, site_id, category_id, brand_id, prod_nm, sale_price, list_price, prod_stock, prod_status_cd, reg_by, reg_date) VALUES ('PD000050', 'SITE000001', NULL, NULL, '가죽 장갑', 38000, 38000, 100, 'SALE', 'SYSTEM', '2026-04-20 00:00:00') ON CONFLICT DO NOTHING;

-- ================================================================
-- 7. pd_prod_opt — 상품 옵션 그룹
-- ================================================================
INSERT INTO shopjoy_2604.pd_prod_opt (opt_id, site_id, prod_id, opt_grp_nm, opt_level, opt_type_cd, sort_ord, reg_by, reg_date) VALUES ('OG000001', 'SITE000001', 'PD000001', '색상', 1, 'COLOR', 1, 'SYSTEM', '2026-04-20 00:00:00') ON CONFLICT DO NOTHING;
INSERT INTO shopjoy_2604.pd_prod_opt (opt_id, site_id, prod_id, opt_grp_nm, opt_level, opt_type_cd, sort_ord, reg_by, reg_date) VALUES ('OG000002', 'SITE000001', 'PD000001', '사이즈', 2, 'SIZE', 2, 'SYSTEM', '2026-04-20 00:00:00') ON CONFLICT DO NOTHING;
INSERT INTO shopjoy_2604.pd_prod_opt (opt_id, site_id, prod_id, opt_grp_nm, opt_level, opt_type_cd, sort_ord, reg_by, reg_date) VALUES ('OG000003', 'SITE000001', 'PD000002', '색상', 1, 'COLOR', 1, 'SYSTEM', '2026-04-20 00:00:00') ON CONFLICT DO NOTHING;
INSERT INTO shopjoy_2604.pd_prod_opt (opt_id, site_id, prod_id, opt_grp_nm, opt_level, opt_type_cd, sort_ord, reg_by, reg_date) VALUES ('OG000004', 'SITE000001', 'PD000002', '사이즈', 2, 'SIZE', 2, 'SYSTEM', '2026-04-20 00:00:00') ON CONFLICT DO NOTHING;
INSERT INTO shopjoy_2604.pd_prod_opt (opt_id, site_id, prod_id, opt_grp_nm, opt_level, opt_type_cd, sort_ord, reg_by, reg_date) VALUES ('OG000005', 'SITE000001', 'PD000003', '색상', 1, 'COLOR', 1, 'SYSTEM', '2026-04-20 00:00:00') ON CONFLICT DO NOTHING;
INSERT INTO shopjoy_2604.pd_prod_opt (opt_id, site_id, prod_id, opt_grp_nm, opt_level, opt_type_cd, sort_ord, reg_by, reg_date) VALUES ('OG000006', 'SITE000001', 'PD000003', '사이즈', 2, 'SIZE', 2, 'SYSTEM', '2026-04-20 00:00:00') ON CONFLICT DO NOTHING;
INSERT INTO shopjoy_2604.pd_prod_opt (opt_id, site_id, prod_id, opt_grp_nm, opt_level, opt_type_cd, sort_ord, reg_by, reg_date) VALUES ('OG000007', 'SITE000001', 'PD000004', '색상', 1, 'COLOR', 1, 'SYSTEM', '2026-04-20 00:00:00') ON CONFLICT DO NOTHING;
INSERT INTO shopjoy_2604.pd_prod_opt (opt_id, site_id, prod_id, opt_grp_nm, opt_level, opt_type_cd, sort_ord, reg_by, reg_date) VALUES ('OG000008', 'SITE000001', 'PD000004', '사이즈', 2, 'SIZE', 2, 'SYSTEM', '2026-04-20 00:00:00') ON CONFLICT DO NOTHING;
INSERT INTO shopjoy_2604.pd_prod_opt (opt_id, site_id, prod_id, opt_grp_nm, opt_level, opt_type_cd, sort_ord, reg_by, reg_date) VALUES ('OG000009', 'SITE000001', 'PD000005', '색상', 1, 'COLOR', 1, 'SYSTEM', '2026-04-20 00:00:00') ON CONFLICT DO NOTHING;
INSERT INTO shopjoy_2604.pd_prod_opt (opt_id, site_id, prod_id, opt_grp_nm, opt_level, opt_type_cd, sort_ord, reg_by, reg_date) VALUES ('OG000010', 'SITE000001', 'PD000005', '사이즈', 2, 'SIZE', 2, 'SYSTEM', '2026-04-20 00:00:00') ON CONFLICT DO NOTHING;
INSERT INTO shopjoy_2604.pd_prod_opt (opt_id, site_id, prod_id, opt_grp_nm, opt_level, opt_type_cd, sort_ord, reg_by, reg_date) VALUES ('OG000011', 'SITE000001', 'PD000006', '색상', 1, 'COLOR', 1, 'SYSTEM', '2026-04-20 00:00:00') ON CONFLICT DO NOTHING;
INSERT INTO shopjoy_2604.pd_prod_opt (opt_id, site_id, prod_id, opt_grp_nm, opt_level, opt_type_cd, sort_ord, reg_by, reg_date) VALUES ('OG000012', 'SITE000001', 'PD000006', '사이즈', 2, 'SIZE', 2, 'SYSTEM', '2026-04-20 00:00:00') ON CONFLICT DO NOTHING;
INSERT INTO shopjoy_2604.pd_prod_opt (opt_id, site_id, prod_id, opt_grp_nm, opt_level, opt_type_cd, sort_ord, reg_by, reg_date) VALUES ('OG000013', 'SITE000001', 'PD000007', '색상', 1, 'COLOR', 1, 'SYSTEM', '2026-04-20 00:00:00') ON CONFLICT DO NOTHING;
INSERT INTO shopjoy_2604.pd_prod_opt (opt_id, site_id, prod_id, opt_grp_nm, opt_level, opt_type_cd, sort_ord, reg_by, reg_date) VALUES ('OG000014', 'SITE000001', 'PD000007', '사이즈', 2, 'SIZE', 2, 'SYSTEM', '2026-04-20 00:00:00') ON CONFLICT DO NOTHING;
INSERT INTO shopjoy_2604.pd_prod_opt (opt_id, site_id, prod_id, opt_grp_nm, opt_level, opt_type_cd, sort_ord, reg_by, reg_date) VALUES ('OG000015', 'SITE000001', 'PD000008', '색상', 1, 'COLOR', 1, 'SYSTEM', '2026-04-20 00:00:00') ON CONFLICT DO NOTHING;
INSERT INTO shopjoy_2604.pd_prod_opt (opt_id, site_id, prod_id, opt_grp_nm, opt_level, opt_type_cd, sort_ord, reg_by, reg_date) VALUES ('OG000016', 'SITE000001', 'PD000008', '사이즈', 2, 'SIZE', 2, 'SYSTEM', '2026-04-20 00:00:00') ON CONFLICT DO NOTHING;
INSERT INTO shopjoy_2604.pd_prod_opt (opt_id, site_id, prod_id, opt_grp_nm, opt_level, opt_type_cd, sort_ord, reg_by, reg_date) VALUES ('OG000017', 'SITE000001', 'PD000009', '색상', 1, 'COLOR', 1, 'SYSTEM', '2026-04-20 00:00:00') ON CONFLICT DO NOTHING;
INSERT INTO shopjoy_2604.pd_prod_opt (opt_id, site_id, prod_id, opt_grp_nm, opt_level, opt_type_cd, sort_ord, reg_by, reg_date) VALUES ('OG000018', 'SITE000001', 'PD000009', '사이즈', 2, 'SIZE', 2, 'SYSTEM', '2026-04-20 00:00:00') ON CONFLICT DO NOTHING;
INSERT INTO shopjoy_2604.pd_prod_opt (opt_id, site_id, prod_id, opt_grp_nm, opt_level, opt_type_cd, sort_ord, reg_by, reg_date) VALUES ('OG000019', 'SITE000001', 'PD000010', '색상', 1, 'COLOR', 1, 'SYSTEM', '2026-04-20 00:00:00') ON CONFLICT DO NOTHING;
INSERT INTO shopjoy_2604.pd_prod_opt (opt_id, site_id, prod_id, opt_grp_nm, opt_level, opt_type_cd, sort_ord, reg_by, reg_date) VALUES ('OG000020', 'SITE000001', 'PD000010', '사이즈', 2, 'SIZE', 2, 'SYSTEM', '2026-04-20 00:00:00') ON CONFLICT DO NOTHING;
INSERT INTO shopjoy_2604.pd_prod_opt (opt_id, site_id, prod_id, opt_grp_nm, opt_level, opt_type_cd, sort_ord, reg_by, reg_date) VALUES ('OG000021', 'SITE000001', 'PD000011', '색상', 1, 'COLOR', 1, 'SYSTEM', '2026-04-20 00:00:00') ON CONFLICT DO NOTHING;
INSERT INTO shopjoy_2604.pd_prod_opt (opt_id, site_id, prod_id, opt_grp_nm, opt_level, opt_type_cd, sort_ord, reg_by, reg_date) VALUES ('OG000022', 'SITE000001', 'PD000011', '사이즈', 2, 'SIZE', 2, 'SYSTEM', '2026-04-20 00:00:00') ON CONFLICT DO NOTHING;
INSERT INTO shopjoy_2604.pd_prod_opt (opt_id, site_id, prod_id, opt_grp_nm, opt_level, opt_type_cd, sort_ord, reg_by, reg_date) VALUES ('OG000023', 'SITE000001', 'PD000012', '색상', 1, 'COLOR', 1, 'SYSTEM', '2026-04-20 00:00:00') ON CONFLICT DO NOTHING;
INSERT INTO shopjoy_2604.pd_prod_opt (opt_id, site_id, prod_id, opt_grp_nm, opt_level, opt_type_cd, sort_ord, reg_by, reg_date) VALUES ('OG000024', 'SITE000001', 'PD000012', '사이즈', 2, 'SIZE', 2, 'SYSTEM', '2026-04-20 00:00:00') ON CONFLICT DO NOTHING;
INSERT INTO shopjoy_2604.pd_prod_opt (opt_id, site_id, prod_id, opt_grp_nm, opt_level, opt_type_cd, sort_ord, reg_by, reg_date) VALUES ('OG000025', 'SITE000001', 'PD000013', '색상', 1, 'COLOR', 1, 'SYSTEM', '2026-04-20 00:00:00') ON CONFLICT DO NOTHING;
INSERT INTO shopjoy_2604.pd_prod_opt (opt_id, site_id, prod_id, opt_grp_nm, opt_level, opt_type_cd, sort_ord, reg_by, reg_date) VALUES ('OG000026', 'SITE000001', 'PD000013', '사이즈', 2, 'SIZE', 2, 'SYSTEM', '2026-04-20 00:00:00') ON CONFLICT DO NOTHING;
INSERT INTO shopjoy_2604.pd_prod_opt (opt_id, site_id, prod_id, opt_grp_nm, opt_level, opt_type_cd, sort_ord, reg_by, reg_date) VALUES ('OG000027', 'SITE000001', 'PD000014', '색상', 1, 'COLOR', 1, 'SYSTEM', '2026-04-20 00:00:00') ON CONFLICT DO NOTHING;
INSERT INTO shopjoy_2604.pd_prod_opt (opt_id, site_id, prod_id, opt_grp_nm, opt_level, opt_type_cd, sort_ord, reg_by, reg_date) VALUES ('OG000028', 'SITE000001', 'PD000014', '사이즈', 2, 'SIZE', 2, 'SYSTEM', '2026-04-20 00:00:00') ON CONFLICT DO NOTHING;
INSERT INTO shopjoy_2604.pd_prod_opt (opt_id, site_id, prod_id, opt_grp_nm, opt_level, opt_type_cd, sort_ord, reg_by, reg_date) VALUES ('OG000029', 'SITE000001', 'PD000015', '색상', 1, 'COLOR', 1, 'SYSTEM', '2026-04-20 00:00:00') ON CONFLICT DO NOTHING;
INSERT INTO shopjoy_2604.pd_prod_opt (opt_id, site_id, prod_id, opt_grp_nm, opt_level, opt_type_cd, sort_ord, reg_by, reg_date) VALUES ('OG000030', 'SITE000001', 'PD000015', '사이즈', 2, 'SIZE', 2, 'SYSTEM', '2026-04-20 00:00:00') ON CONFLICT DO NOTHING;
INSERT INTO shopjoy_2604.pd_prod_opt (opt_id, site_id, prod_id, opt_grp_nm, opt_level, opt_type_cd, sort_ord, reg_by, reg_date) VALUES ('OG000031', 'SITE000001', 'PD000016', '색상', 1, 'COLOR', 1, 'SYSTEM', '2026-04-20 00:00:00') ON CONFLICT DO NOTHING;
INSERT INTO shopjoy_2604.pd_prod_opt (opt_id, site_id, prod_id, opt_grp_nm, opt_level, opt_type_cd, sort_ord, reg_by, reg_date) VALUES ('OG000032', 'SITE000001', 'PD000016', '사이즈', 2, 'SIZE', 2, 'SYSTEM', '2026-04-20 00:00:00') ON CONFLICT DO NOTHING;
INSERT INTO shopjoy_2604.pd_prod_opt (opt_id, site_id, prod_id, opt_grp_nm, opt_level, opt_type_cd, sort_ord, reg_by, reg_date) VALUES ('OG000033', 'SITE000001', 'PD000017', '색상', 1, 'COLOR', 1, 'SYSTEM', '2026-04-20 00:00:00') ON CONFLICT DO NOTHING;
INSERT INTO shopjoy_2604.pd_prod_opt (opt_id, site_id, prod_id, opt_grp_nm, opt_level, opt_type_cd, sort_ord, reg_by, reg_date) VALUES ('OG000034', 'SITE000001', 'PD000017', '사이즈', 2, 'SIZE', 2, 'SYSTEM', '2026-04-20 00:00:00') ON CONFLICT DO NOTHING;
INSERT INTO shopjoy_2604.pd_prod_opt (opt_id, site_id, prod_id, opt_grp_nm, opt_level, opt_type_cd, sort_ord, reg_by, reg_date) VALUES ('OG000035', 'SITE000001', 'PD000018', '색상', 1, 'COLOR', 1, 'SYSTEM', '2026-04-20 00:00:00') ON CONFLICT DO NOTHING;
INSERT INTO shopjoy_2604.pd_prod_opt (opt_id, site_id, prod_id, opt_grp_nm, opt_level, opt_type_cd, sort_ord, reg_by, reg_date) VALUES ('OG000036', 'SITE000001', 'PD000018', '사이즈', 2, 'SIZE', 2, 'SYSTEM', '2026-04-20 00:00:00') ON CONFLICT DO NOTHING;
INSERT INTO shopjoy_2604.pd_prod_opt (opt_id, site_id, prod_id, opt_grp_nm, opt_level, opt_type_cd, sort_ord, reg_by, reg_date) VALUES ('OG000037', 'SITE000001', 'PD000019', '색상', 1, 'COLOR', 1, 'SYSTEM', '2026-04-20 00:00:00') ON CONFLICT DO NOTHING;
INSERT INTO shopjoy_2604.pd_prod_opt (opt_id, site_id, prod_id, opt_grp_nm, opt_level, opt_type_cd, sort_ord, reg_by, reg_date) VALUES ('OG000038', 'SITE000001', 'PD000019', '사이즈', 2, 'SIZE', 2, 'SYSTEM', '2026-04-20 00:00:00') ON CONFLICT DO NOTHING;
INSERT INTO shopjoy_2604.pd_prod_opt (opt_id, site_id, prod_id, opt_grp_nm, opt_level, opt_type_cd, sort_ord, reg_by, reg_date) VALUES ('OG000039', 'SITE000001', 'PD000020', '색상', 1, 'COLOR', 1, 'SYSTEM', '2026-04-20 00:00:00') ON CONFLICT DO NOTHING;
INSERT INTO shopjoy_2604.pd_prod_opt (opt_id, site_id, prod_id, opt_grp_nm, opt_level, opt_type_cd, sort_ord, reg_by, reg_date) VALUES ('OG000040', 'SITE000001', 'PD000020', '사이즈', 2, 'SIZE', 2, 'SYSTEM', '2026-04-20 00:00:00') ON CONFLICT DO NOTHING;
INSERT INTO shopjoy_2604.pd_prod_opt (opt_id, site_id, prod_id, opt_grp_nm, opt_level, opt_type_cd, sort_ord, reg_by, reg_date) VALUES ('OG000041', 'SITE000001', 'PD000021', '색상', 1, 'COLOR', 1, 'SYSTEM', '2026-04-20 00:00:00') ON CONFLICT DO NOTHING;
INSERT INTO shopjoy_2604.pd_prod_opt (opt_id, site_id, prod_id, opt_grp_nm, opt_level, opt_type_cd, sort_ord, reg_by, reg_date) VALUES ('OG000042', 'SITE000001', 'PD000021', '사이즈', 2, 'SIZE', 2, 'SYSTEM', '2026-04-20 00:00:00') ON CONFLICT DO NOTHING;
INSERT INTO shopjoy_2604.pd_prod_opt (opt_id, site_id, prod_id, opt_grp_nm, opt_level, opt_type_cd, sort_ord, reg_by, reg_date) VALUES ('OG000043', 'SITE000001', 'PD000022', '색상', 1, 'COLOR', 1, 'SYSTEM', '2026-04-20 00:00:00') ON CONFLICT DO NOTHING;
INSERT INTO shopjoy_2604.pd_prod_opt (opt_id, site_id, prod_id, opt_grp_nm, opt_level, opt_type_cd, sort_ord, reg_by, reg_date) VALUES ('OG000044', 'SITE000001', 'PD000022', '사이즈', 2, 'SIZE', 2, 'SYSTEM', '2026-04-20 00:00:00') ON CONFLICT DO NOTHING;
INSERT INTO shopjoy_2604.pd_prod_opt (opt_id, site_id, prod_id, opt_grp_nm, opt_level, opt_type_cd, sort_ord, reg_by, reg_date) VALUES ('OG000045', 'SITE000001', 'PD000023', '색상', 1, 'COLOR', 1, 'SYSTEM', '2026-04-20 00:00:00') ON CONFLICT DO NOTHING;
INSERT INTO shopjoy_2604.pd_prod_opt (opt_id, site_id, prod_id, opt_grp_nm, opt_level, opt_type_cd, sort_ord, reg_by, reg_date) VALUES ('OG000046', 'SITE000001', 'PD000023', '사이즈', 2, 'SIZE', 2, 'SYSTEM', '2026-04-20 00:00:00') ON CONFLICT DO NOTHING;
INSERT INTO shopjoy_2604.pd_prod_opt (opt_id, site_id, prod_id, opt_grp_nm, opt_level, opt_type_cd, sort_ord, reg_by, reg_date) VALUES ('OG000047', 'SITE000001', 'PD000024', '색상', 1, 'COLOR', 1, 'SYSTEM', '2026-04-20 00:00:00') ON CONFLICT DO NOTHING;
INSERT INTO shopjoy_2604.pd_prod_opt (opt_id, site_id, prod_id, opt_grp_nm, opt_level, opt_type_cd, sort_ord, reg_by, reg_date) VALUES ('OG000048', 'SITE000001', 'PD000024', '사이즈', 2, 'SIZE', 2, 'SYSTEM', '2026-04-20 00:00:00') ON CONFLICT DO NOTHING;
INSERT INTO shopjoy_2604.pd_prod_opt (opt_id, site_id, prod_id, opt_grp_nm, opt_level, opt_type_cd, sort_ord, reg_by, reg_date) VALUES ('OG000049', 'SITE000001', 'PD000025', '색상', 1, 'COLOR', 1, 'SYSTEM', '2026-04-20 00:00:00') ON CONFLICT DO NOTHING;
INSERT INTO shopjoy_2604.pd_prod_opt (opt_id, site_id, prod_id, opt_grp_nm, opt_level, opt_type_cd, sort_ord, reg_by, reg_date) VALUES ('OG000050', 'SITE000001', 'PD000025', '사이즈', 2, 'SIZE', 2, 'SYSTEM', '2026-04-20 00:00:00') ON CONFLICT DO NOTHING;
INSERT INTO shopjoy_2604.pd_prod_opt (opt_id, site_id, prod_id, opt_grp_nm, opt_level, opt_type_cd, sort_ord, reg_by, reg_date) VALUES ('OG000051', 'SITE000001', 'PD000026', '색상', 1, 'COLOR', 1, 'SYSTEM', '2026-04-20 00:00:00') ON CONFLICT DO NOTHING;
INSERT INTO shopjoy_2604.pd_prod_opt (opt_id, site_id, prod_id, opt_grp_nm, opt_level, opt_type_cd, sort_ord, reg_by, reg_date) VALUES ('OG000052', 'SITE000001', 'PD000026', '사이즈', 2, 'SIZE', 2, 'SYSTEM', '2026-04-20 00:00:00') ON CONFLICT DO NOTHING;
INSERT INTO shopjoy_2604.pd_prod_opt (opt_id, site_id, prod_id, opt_grp_nm, opt_level, opt_type_cd, sort_ord, reg_by, reg_date) VALUES ('OG000053', 'SITE000001', 'PD000027', '색상', 1, 'COLOR', 1, 'SYSTEM', '2026-04-20 00:00:00') ON CONFLICT DO NOTHING;
INSERT INTO shopjoy_2604.pd_prod_opt (opt_id, site_id, prod_id, opt_grp_nm, opt_level, opt_type_cd, sort_ord, reg_by, reg_date) VALUES ('OG000054', 'SITE000001', 'PD000027', '사이즈', 2, 'SIZE', 2, 'SYSTEM', '2026-04-20 00:00:00') ON CONFLICT DO NOTHING;
INSERT INTO shopjoy_2604.pd_prod_opt (opt_id, site_id, prod_id, opt_grp_nm, opt_level, opt_type_cd, sort_ord, reg_by, reg_date) VALUES ('OG000055', 'SITE000001', 'PD000028', '색상', 1, 'COLOR', 1, 'SYSTEM', '2026-04-20 00:00:00') ON CONFLICT DO NOTHING;
INSERT INTO shopjoy_2604.pd_prod_opt (opt_id, site_id, prod_id, opt_grp_nm, opt_level, opt_type_cd, sort_ord, reg_by, reg_date) VALUES ('OG000056', 'SITE000001', 'PD000028', '사이즈', 2, 'SIZE', 2, 'SYSTEM', '2026-04-20 00:00:00') ON CONFLICT DO NOTHING;
INSERT INTO shopjoy_2604.pd_prod_opt (opt_id, site_id, prod_id, opt_grp_nm, opt_level, opt_type_cd, sort_ord, reg_by, reg_date) VALUES ('OG000057', 'SITE000001', 'PD000029', '색상', 1, 'COLOR', 1, 'SYSTEM', '2026-04-20 00:00:00') ON CONFLICT DO NOTHING;
INSERT INTO shopjoy_2604.pd_prod_opt (opt_id, site_id, prod_id, opt_grp_nm, opt_level, opt_type_cd, sort_ord, reg_by, reg_date) VALUES ('OG000058', 'SITE000001', 'PD000029', '사이즈', 2, 'SIZE', 2, 'SYSTEM', '2026-04-20 00:00:00') ON CONFLICT DO NOTHING;
INSERT INTO shopjoy_2604.pd_prod_opt (opt_id, site_id, prod_id, opt_grp_nm, opt_level, opt_type_cd, sort_ord, reg_by, reg_date) VALUES ('OG000059', 'SITE000001', 'PD000030', '색상', 1, 'COLOR', 1, 'SYSTEM', '2026-04-20 00:00:00') ON CONFLICT DO NOTHING;
INSERT INTO shopjoy_2604.pd_prod_opt (opt_id, site_id, prod_id, opt_grp_nm, opt_level, opt_type_cd, sort_ord, reg_by, reg_date) VALUES ('OG000060', 'SITE000001', 'PD000030', '사이즈', 2, 'SIZE', 2, 'SYSTEM', '2026-04-20 00:00:00') ON CONFLICT DO NOTHING;
INSERT INTO shopjoy_2604.pd_prod_opt (opt_id, site_id, prod_id, opt_grp_nm, opt_level, opt_type_cd, sort_ord, reg_by, reg_date) VALUES ('OG000061', 'SITE000001', 'PD000031', '색상', 1, 'COLOR', 1, 'SYSTEM', '2026-04-20 00:00:00') ON CONFLICT DO NOTHING;
INSERT INTO shopjoy_2604.pd_prod_opt (opt_id, site_id, prod_id, opt_grp_nm, opt_level, opt_type_cd, sort_ord, reg_by, reg_date) VALUES ('OG000062', 'SITE000001', 'PD000031', '사이즈', 2, 'SIZE', 2, 'SYSTEM', '2026-04-20 00:00:00') ON CONFLICT DO NOTHING;
INSERT INTO shopjoy_2604.pd_prod_opt (opt_id, site_id, prod_id, opt_grp_nm, opt_level, opt_type_cd, sort_ord, reg_by, reg_date) VALUES ('OG000063', 'SITE000001', 'PD000032', '색상', 1, 'COLOR', 1, 'SYSTEM', '2026-04-20 00:00:00') ON CONFLICT DO NOTHING;
INSERT INTO shopjoy_2604.pd_prod_opt (opt_id, site_id, prod_id, opt_grp_nm, opt_level, opt_type_cd, sort_ord, reg_by, reg_date) VALUES ('OG000064', 'SITE000001', 'PD000032', '사이즈', 2, 'SIZE', 2, 'SYSTEM', '2026-04-20 00:00:00') ON CONFLICT DO NOTHING;
INSERT INTO shopjoy_2604.pd_prod_opt (opt_id, site_id, prod_id, opt_grp_nm, opt_level, opt_type_cd, sort_ord, reg_by, reg_date) VALUES ('OG000065', 'SITE000001', 'PD000033', '색상', 1, 'COLOR', 1, 'SYSTEM', '2026-04-20 00:00:00') ON CONFLICT DO NOTHING;
INSERT INTO shopjoy_2604.pd_prod_opt (opt_id, site_id, prod_id, opt_grp_nm, opt_level, opt_type_cd, sort_ord, reg_by, reg_date) VALUES ('OG000066', 'SITE000001', 'PD000033', '사이즈', 2, 'SIZE', 2, 'SYSTEM', '2026-04-20 00:00:00') ON CONFLICT DO NOTHING;
INSERT INTO shopjoy_2604.pd_prod_opt (opt_id, site_id, prod_id, opt_grp_nm, opt_level, opt_type_cd, sort_ord, reg_by, reg_date) VALUES ('OG000067', 'SITE000001', 'PD000034', '색상', 1, 'COLOR', 1, 'SYSTEM', '2026-04-20 00:00:00') ON CONFLICT DO NOTHING;
INSERT INTO shopjoy_2604.pd_prod_opt (opt_id, site_id, prod_id, opt_grp_nm, opt_level, opt_type_cd, sort_ord, reg_by, reg_date) VALUES ('OG000068', 'SITE000001', 'PD000034', '사이즈', 2, 'SIZE', 2, 'SYSTEM', '2026-04-20 00:00:00') ON CONFLICT DO NOTHING;
INSERT INTO shopjoy_2604.pd_prod_opt (opt_id, site_id, prod_id, opt_grp_nm, opt_level, opt_type_cd, sort_ord, reg_by, reg_date) VALUES ('OG000069', 'SITE000001', 'PD000035', '색상', 1, 'COLOR', 1, 'SYSTEM', '2026-04-20 00:00:00') ON CONFLICT DO NOTHING;
INSERT INTO shopjoy_2604.pd_prod_opt (opt_id, site_id, prod_id, opt_grp_nm, opt_level, opt_type_cd, sort_ord, reg_by, reg_date) VALUES ('OG000070', 'SITE000001', 'PD000035', '사이즈', 2, 'SIZE', 2, 'SYSTEM', '2026-04-20 00:00:00') ON CONFLICT DO NOTHING;
INSERT INTO shopjoy_2604.pd_prod_opt (opt_id, site_id, prod_id, opt_grp_nm, opt_level, opt_type_cd, sort_ord, reg_by, reg_date) VALUES ('OG000071', 'SITE000001', 'PD000036', '색상', 1, 'COLOR', 1, 'SYSTEM', '2026-04-20 00:00:00') ON CONFLICT DO NOTHING;
INSERT INTO shopjoy_2604.pd_prod_opt (opt_id, site_id, prod_id, opt_grp_nm, opt_level, opt_type_cd, sort_ord, reg_by, reg_date) VALUES ('OG000072', 'SITE000001', 'PD000036', '사이즈', 2, 'SIZE', 2, 'SYSTEM', '2026-04-20 00:00:00') ON CONFLICT DO NOTHING;
INSERT INTO shopjoy_2604.pd_prod_opt (opt_id, site_id, prod_id, opt_grp_nm, opt_level, opt_type_cd, sort_ord, reg_by, reg_date) VALUES ('OG000073', 'SITE000001', 'PD000037', '색상', 1, 'COLOR', 1, 'SYSTEM', '2026-04-20 00:00:00') ON CONFLICT DO NOTHING;
INSERT INTO shopjoy_2604.pd_prod_opt (opt_id, site_id, prod_id, opt_grp_nm, opt_level, opt_type_cd, sort_ord, reg_by, reg_date) VALUES ('OG000074', 'SITE000001', 'PD000037', '사이즈', 2, 'SIZE', 2, 'SYSTEM', '2026-04-20 00:00:00') ON CONFLICT DO NOTHING;
INSERT INTO shopjoy_2604.pd_prod_opt (opt_id, site_id, prod_id, opt_grp_nm, opt_level, opt_type_cd, sort_ord, reg_by, reg_date) VALUES ('OG000075', 'SITE000001', 'PD000038', '색상', 1, 'COLOR', 1, 'SYSTEM', '2026-04-20 00:00:00') ON CONFLICT DO NOTHING;
INSERT INTO shopjoy_2604.pd_prod_opt (opt_id, site_id, prod_id, opt_grp_nm, opt_level, opt_type_cd, sort_ord, reg_by, reg_date) VALUES ('OG000076', 'SITE000001', 'PD000038', '사이즈', 2, 'SIZE', 2, 'SYSTEM', '2026-04-20 00:00:00') ON CONFLICT DO NOTHING;
INSERT INTO shopjoy_2604.pd_prod_opt (opt_id, site_id, prod_id, opt_grp_nm, opt_level, opt_type_cd, sort_ord, reg_by, reg_date) VALUES ('OG000077', 'SITE000001', 'PD000039', '색상', 1, 'COLOR', 1, 'SYSTEM', '2026-04-20 00:00:00') ON CONFLICT DO NOTHING;
INSERT INTO shopjoy_2604.pd_prod_opt (opt_id, site_id, prod_id, opt_grp_nm, opt_level, opt_type_cd, sort_ord, reg_by, reg_date) VALUES ('OG000078', 'SITE000001', 'PD000039', '사이즈', 2, 'SIZE', 2, 'SYSTEM', '2026-04-20 00:00:00') ON CONFLICT DO NOTHING;
INSERT INTO shopjoy_2604.pd_prod_opt (opt_id, site_id, prod_id, opt_grp_nm, opt_level, opt_type_cd, sort_ord, reg_by, reg_date) VALUES ('OG000079', 'SITE000001', 'PD000040', '색상', 1, 'COLOR', 1, 'SYSTEM', '2026-04-20 00:00:00') ON CONFLICT DO NOTHING;
INSERT INTO shopjoy_2604.pd_prod_opt (opt_id, site_id, prod_id, opt_grp_nm, opt_level, opt_type_cd, sort_ord, reg_by, reg_date) VALUES ('OG000080', 'SITE000001', 'PD000040', '사이즈', 2, 'SIZE', 2, 'SYSTEM', '2026-04-20 00:00:00') ON CONFLICT DO NOTHING;
INSERT INTO shopjoy_2604.pd_prod_opt (opt_id, site_id, prod_id, opt_grp_nm, opt_level, opt_type_cd, sort_ord, reg_by, reg_date) VALUES ('OG000081', 'SITE000001', 'PD000041', '색상', 1, 'COLOR', 1, 'SYSTEM', '2026-04-20 00:00:00') ON CONFLICT DO NOTHING;
INSERT INTO shopjoy_2604.pd_prod_opt (opt_id, site_id, prod_id, opt_grp_nm, opt_level, opt_type_cd, sort_ord, reg_by, reg_date) VALUES ('OG000082', 'SITE000001', 'PD000041', '사이즈', 2, 'SIZE', 2, 'SYSTEM', '2026-04-20 00:00:00') ON CONFLICT DO NOTHING;
INSERT INTO shopjoy_2604.pd_prod_opt (opt_id, site_id, prod_id, opt_grp_nm, opt_level, opt_type_cd, sort_ord, reg_by, reg_date) VALUES ('OG000083', 'SITE000001', 'PD000042', '색상', 1, 'COLOR', 1, 'SYSTEM', '2026-04-20 00:00:00') ON CONFLICT DO NOTHING;
INSERT INTO shopjoy_2604.pd_prod_opt (opt_id, site_id, prod_id, opt_grp_nm, opt_level, opt_type_cd, sort_ord, reg_by, reg_date) VALUES ('OG000084', 'SITE000001', 'PD000042', '사이즈', 2, 'SIZE', 2, 'SYSTEM', '2026-04-20 00:00:00') ON CONFLICT DO NOTHING;
INSERT INTO shopjoy_2604.pd_prod_opt (opt_id, site_id, prod_id, opt_grp_nm, opt_level, opt_type_cd, sort_ord, reg_by, reg_date) VALUES ('OG000085', 'SITE000001', 'PD000043', '색상', 1, 'COLOR', 1, 'SYSTEM', '2026-04-20 00:00:00') ON CONFLICT DO NOTHING;
INSERT INTO shopjoy_2604.pd_prod_opt (opt_id, site_id, prod_id, opt_grp_nm, opt_level, opt_type_cd, sort_ord, reg_by, reg_date) VALUES ('OG000086', 'SITE000001', 'PD000043', '사이즈', 2, 'SIZE', 2, 'SYSTEM', '2026-04-20 00:00:00') ON CONFLICT DO NOTHING;
INSERT INTO shopjoy_2604.pd_prod_opt (opt_id, site_id, prod_id, opt_grp_nm, opt_level, opt_type_cd, sort_ord, reg_by, reg_date) VALUES ('OG000087', 'SITE000001', 'PD000044', '색상', 1, 'COLOR', 1, 'SYSTEM', '2026-04-20 00:00:00') ON CONFLICT DO NOTHING;
INSERT INTO shopjoy_2604.pd_prod_opt (opt_id, site_id, prod_id, opt_grp_nm, opt_level, opt_type_cd, sort_ord, reg_by, reg_date) VALUES ('OG000088', 'SITE000001', 'PD000044', '사이즈', 2, 'SIZE', 2, 'SYSTEM', '2026-04-20 00:00:00') ON CONFLICT DO NOTHING;
INSERT INTO shopjoy_2604.pd_prod_opt (opt_id, site_id, prod_id, opt_grp_nm, opt_level, opt_type_cd, sort_ord, reg_by, reg_date) VALUES ('OG000089', 'SITE000001', 'PD000045', '색상', 1, 'COLOR', 1, 'SYSTEM', '2026-04-20 00:00:00') ON CONFLICT DO NOTHING;
INSERT INTO shopjoy_2604.pd_prod_opt (opt_id, site_id, prod_id, opt_grp_nm, opt_level, opt_type_cd, sort_ord, reg_by, reg_date) VALUES ('OG000090', 'SITE000001', 'PD000045', '사이즈', 2, 'SIZE', 2, 'SYSTEM', '2026-04-20 00:00:00') ON CONFLICT DO NOTHING;
INSERT INTO shopjoy_2604.pd_prod_opt (opt_id, site_id, prod_id, opt_grp_nm, opt_level, opt_type_cd, sort_ord, reg_by, reg_date) VALUES ('OG000091', 'SITE000001', 'PD000046', '색상', 1, 'COLOR', 1, 'SYSTEM', '2026-04-20 00:00:00') ON CONFLICT DO NOTHING;
INSERT INTO shopjoy_2604.pd_prod_opt (opt_id, site_id, prod_id, opt_grp_nm, opt_level, opt_type_cd, sort_ord, reg_by, reg_date) VALUES ('OG000092', 'SITE000001', 'PD000046', '사이즈', 2, 'SIZE', 2, 'SYSTEM', '2026-04-20 00:00:00') ON CONFLICT DO NOTHING;
INSERT INTO shopjoy_2604.pd_prod_opt (opt_id, site_id, prod_id, opt_grp_nm, opt_level, opt_type_cd, sort_ord, reg_by, reg_date) VALUES ('OG000093', 'SITE000001', 'PD000047', '색상', 1, 'COLOR', 1, 'SYSTEM', '2026-04-20 00:00:00') ON CONFLICT DO NOTHING;
INSERT INTO shopjoy_2604.pd_prod_opt (opt_id, site_id, prod_id, opt_grp_nm, opt_level, opt_type_cd, sort_ord, reg_by, reg_date) VALUES ('OG000094', 'SITE000001', 'PD000047', '사이즈', 2, 'SIZE', 2, 'SYSTEM', '2026-04-20 00:00:00') ON CONFLICT DO NOTHING;
INSERT INTO shopjoy_2604.pd_prod_opt (opt_id, site_id, prod_id, opt_grp_nm, opt_level, opt_type_cd, sort_ord, reg_by, reg_date) VALUES ('OG000095', 'SITE000001', 'PD000048', '색상', 1, 'COLOR', 1, 'SYSTEM', '2026-04-20 00:00:00') ON CONFLICT DO NOTHING;
INSERT INTO shopjoy_2604.pd_prod_opt (opt_id, site_id, prod_id, opt_grp_nm, opt_level, opt_type_cd, sort_ord, reg_by, reg_date) VALUES ('OG000096', 'SITE000001', 'PD000048', '사이즈', 2, 'SIZE', 2, 'SYSTEM', '2026-04-20 00:00:00') ON CONFLICT DO NOTHING;
INSERT INTO shopjoy_2604.pd_prod_opt (opt_id, site_id, prod_id, opt_grp_nm, opt_level, opt_type_cd, sort_ord, reg_by, reg_date) VALUES ('OG000097', 'SITE000001', 'PD000049', '색상', 1, 'COLOR', 1, 'SYSTEM', '2026-04-20 00:00:00') ON CONFLICT DO NOTHING;
INSERT INTO shopjoy_2604.pd_prod_opt (opt_id, site_id, prod_id, opt_grp_nm, opt_level, opt_type_cd, sort_ord, reg_by, reg_date) VALUES ('OG000098', 'SITE000001', 'PD000049', '사이즈', 2, 'SIZE', 2, 'SYSTEM', '2026-04-20 00:00:00') ON CONFLICT DO NOTHING;
INSERT INTO shopjoy_2604.pd_prod_opt (opt_id, site_id, prod_id, opt_grp_nm, opt_level, opt_type_cd, sort_ord, reg_by, reg_date) VALUES ('OG000099', 'SITE000001', 'PD000050', '색상', 1, 'COLOR', 1, 'SYSTEM', '2026-04-20 00:00:00') ON CONFLICT DO NOTHING;
INSERT INTO shopjoy_2604.pd_prod_opt (opt_id, site_id, prod_id, opt_grp_nm, opt_level, opt_type_cd, sort_ord, reg_by, reg_date) VALUES ('OG000100', 'SITE000001', 'PD000050', '사이즈', 2, 'SIZE', 2, 'SYSTEM', '2026-04-20 00:00:00') ON CONFLICT DO NOTHING;

-- ================================================================
-- 8. pd_prod_opt_item — 옵션 아이템
-- ================================================================
INSERT INTO shopjoy_2604.pd_prod_opt_item (opt_item_id, site_id, opt_id, opt_type_cd, opt_nm, opt_val, sort_ord, use_yn, reg_by, reg_date) VALUES ('OI000001', 'SITE000001', 'OG000001', 'COLOR', '블랙', '#1a1a1a', 1, 'Y', 'SYSTEM', '2026-04-20 00:00:00') ON CONFLICT DO NOTHING;
INSERT INTO shopjoy_2604.pd_prod_opt_item (opt_item_id, site_id, opt_id, opt_type_cd, opt_nm, opt_val, sort_ord, use_yn, reg_by, reg_date) VALUES ('OI000002', 'SITE000001', 'OG000001', 'COLOR', '화이트', '#f5f0eb', 2, 'Y', 'SYSTEM', '2026-04-20 00:00:00') ON CONFLICT DO NOTHING;
INSERT INTO shopjoy_2604.pd_prod_opt_item (opt_item_id, site_id, opt_id, opt_type_cd, opt_nm, opt_val, sort_ord, use_yn, reg_by, reg_date) VALUES ('OI000003', 'SITE000001', 'OG000001', 'COLOR', '네이비', '#1e3a5f', 3, 'Y', 'SYSTEM', '2026-04-20 00:00:00') ON CONFLICT DO NOTHING;
INSERT INTO shopjoy_2604.pd_prod_opt_item (opt_item_id, site_id, opt_id, opt_type_cd, opt_nm, opt_val, sort_ord, use_yn, reg_by, reg_date) VALUES ('OI000004', 'SITE000001', 'OG000001', 'COLOR', '베이지', '#d4b896', 4, 'Y', 'SYSTEM', '2026-04-20 00:00:00') ON CONFLICT DO NOTHING;
INSERT INTO shopjoy_2604.pd_prod_opt_item (opt_item_id, site_id, opt_id, opt_type_cd, opt_nm, opt_val, sort_ord, use_yn, reg_by, reg_date) VALUES ('OI000005', 'SITE000001', 'OG000002', 'SIZE', 'XS', 'XS', 1, 'Y', 'SYSTEM', '2026-04-20 00:00:00') ON CONFLICT DO NOTHING;
INSERT INTO shopjoy_2604.pd_prod_opt_item (opt_item_id, site_id, opt_id, opt_type_cd, opt_nm, opt_val, sort_ord, use_yn, reg_by, reg_date) VALUES ('OI000006', 'SITE000001', 'OG000002', 'SIZE', 'S', 'S', 2, 'Y', 'SYSTEM', '2026-04-20 00:00:00') ON CONFLICT DO NOTHING;
INSERT INTO shopjoy_2604.pd_prod_opt_item (opt_item_id, site_id, opt_id, opt_type_cd, opt_nm, opt_val, sort_ord, use_yn, reg_by, reg_date) VALUES ('OI000007', 'SITE000001', 'OG000002', 'SIZE', 'M', 'M', 3, 'Y', 'SYSTEM', '2026-04-20 00:00:00') ON CONFLICT DO NOTHING;
INSERT INTO shopjoy_2604.pd_prod_opt_item (opt_item_id, site_id, opt_id, opt_type_cd, opt_nm, opt_val, sort_ord, use_yn, reg_by, reg_date) VALUES ('OI000008', 'SITE000001', 'OG000002', 'SIZE', 'L', 'L', 4, 'Y', 'SYSTEM', '2026-04-20 00:00:00') ON CONFLICT DO NOTHING;
INSERT INTO shopjoy_2604.pd_prod_opt_item (opt_item_id, site_id, opt_id, opt_type_cd, opt_nm, opt_val, sort_ord, use_yn, reg_by, reg_date) VALUES ('OI000009', 'SITE000001', 'OG000002', 'SIZE', 'XL', 'XL', 5, 'Y', 'SYSTEM', '2026-04-20 00:00:00') ON CONFLICT DO NOTHING;
INSERT INTO shopjoy_2604.pd_prod_opt_item (opt_item_id, site_id, opt_id, opt_type_cd, opt_nm, opt_val, sort_ord, use_yn, reg_by, reg_date) VALUES ('OI000010', 'SITE000001', 'OG000003', 'COLOR', '화이트네이비', '#e8eef5', 1, 'Y', 'SYSTEM', '2026-04-20 00:00:00') ON CONFLICT DO NOTHING;
INSERT INTO shopjoy_2604.pd_prod_opt_item (opt_item_id, site_id, opt_id, opt_type_cd, opt_nm, opt_val, sort_ord, use_yn, reg_by, reg_date) VALUES ('OI000011', 'SITE000001', 'OG000003', 'COLOR', '베이지브라운', '#e8ddd0', 2, 'Y', 'SYSTEM', '2026-04-20 00:00:00') ON CONFLICT DO NOTHING;
INSERT INTO shopjoy_2604.pd_prod_opt_item (opt_item_id, site_id, opt_id, opt_type_cd, opt_nm, opt_val, sort_ord, use_yn, reg_by, reg_date) VALUES ('OI000012', 'SITE000001', 'OG000003', 'COLOR', '화이트블랙', '#f0f0f0', 3, 'Y', 'SYSTEM', '2026-04-20 00:00:00') ON CONFLICT DO NOTHING;
INSERT INTO shopjoy_2604.pd_prod_opt_item (opt_item_id, site_id, opt_id, opt_type_cd, opt_nm, opt_val, sort_ord, use_yn, reg_by, reg_date) VALUES ('OI000013', 'SITE000001', 'OG000004', 'SIZE', 'S', 'S', 1, 'Y', 'SYSTEM', '2026-04-20 00:00:00') ON CONFLICT DO NOTHING;
INSERT INTO shopjoy_2604.pd_prod_opt_item (opt_item_id, site_id, opt_id, opt_type_cd, opt_nm, opt_val, sort_ord, use_yn, reg_by, reg_date) VALUES ('OI000014', 'SITE000001', 'OG000004', 'SIZE', 'M', 'M', 2, 'Y', 'SYSTEM', '2026-04-20 00:00:00') ON CONFLICT DO NOTHING;
INSERT INTO shopjoy_2604.pd_prod_opt_item (opt_item_id, site_id, opt_id, opt_type_cd, opt_nm, opt_val, sort_ord, use_yn, reg_by, reg_date) VALUES ('OI000015', 'SITE000001', 'OG000004', 'SIZE', 'L', 'L', 3, 'Y', 'SYSTEM', '2026-04-20 00:00:00') ON CONFLICT DO NOTHING;
INSERT INTO shopjoy_2604.pd_prod_opt_item (opt_item_id, site_id, opt_id, opt_type_cd, opt_nm, opt_val, sort_ord, use_yn, reg_by, reg_date) VALUES ('OI000016', 'SITE000001', 'OG000004', 'SIZE', 'XL', 'XL', 4, 'Y', 'SYSTEM', '2026-04-20 00:00:00') ON CONFLICT DO NOTHING;
INSERT INTO shopjoy_2604.pd_prod_opt_item (opt_item_id, site_id, opt_id, opt_type_cd, opt_nm, opt_val, sort_ord, use_yn, reg_by, reg_date) VALUES ('OI000017', 'SITE000001', 'OG000004', 'SIZE', 'XXL', 'XXL', 5, 'Y', 'SYSTEM', '2026-04-20 00:00:00') ON CONFLICT DO NOTHING;
INSERT INTO shopjoy_2604.pd_prod_opt_item (opt_item_id, site_id, opt_id, opt_type_cd, opt_nm, opt_val, sort_ord, use_yn, reg_by, reg_date) VALUES ('OI000018', 'SITE000001', 'OG000005', 'COLOR', '아이보리', '#f5f0e0', 1, 'Y', 'SYSTEM', '2026-04-20 00:00:00') ON CONFLICT DO NOTHING;
INSERT INTO shopjoy_2604.pd_prod_opt_item (opt_item_id, site_id, opt_id, opt_type_cd, opt_nm, opt_val, sort_ord, use_yn, reg_by, reg_date) VALUES ('OI000019', 'SITE000001', 'OG000005', 'COLOR', '카멜', '#c19a6b', 2, 'Y', 'SYSTEM', '2026-04-20 00:00:00') ON CONFLICT DO NOTHING;
INSERT INTO shopjoy_2604.pd_prod_opt_item (opt_item_id, site_id, opt_id, opt_type_cd, opt_nm, opt_val, sort_ord, use_yn, reg_by, reg_date) VALUES ('OI000020', 'SITE000001', 'OG000005', 'COLOR', '그레이', '#8a8a8a', 3, 'Y', 'SYSTEM', '2026-04-20 00:00:00') ON CONFLICT DO NOTHING;
INSERT INTO shopjoy_2604.pd_prod_opt_item (opt_item_id, site_id, opt_id, opt_type_cd, opt_nm, opt_val, sort_ord, use_yn, reg_by, reg_date) VALUES ('OI000021', 'SITE000001', 'OG000005', 'COLOR', '버건디', '#7a1a2a', 4, 'Y', 'SYSTEM', '2026-04-20 00:00:00') ON CONFLICT DO NOTHING;
INSERT INTO shopjoy_2604.pd_prod_opt_item (opt_item_id, site_id, opt_id, opt_type_cd, opt_nm, opt_val, sort_ord, use_yn, reg_by, reg_date) VALUES ('OI000022', 'SITE000001', 'OG000005', 'COLOR', '네이비', '#1e3a5f', 5, 'Y', 'SYSTEM', '2026-04-20 00:00:00') ON CONFLICT DO NOTHING;
INSERT INTO shopjoy_2604.pd_prod_opt_item (opt_item_id, site_id, opt_id, opt_type_cd, opt_nm, opt_val, sort_ord, use_yn, reg_by, reg_date) VALUES ('OI000023', 'SITE000001', 'OG000006', 'SIZE', 'XS', 'XS', 1, 'Y', 'SYSTEM', '2026-04-20 00:00:00') ON CONFLICT DO NOTHING;
INSERT INTO shopjoy_2604.pd_prod_opt_item (opt_item_id, site_id, opt_id, opt_type_cd, opt_nm, opt_val, sort_ord, use_yn, reg_by, reg_date) VALUES ('OI000024', 'SITE000001', 'OG000006', 'SIZE', 'S', 'S', 2, 'Y', 'SYSTEM', '2026-04-20 00:00:00') ON CONFLICT DO NOTHING;
INSERT INTO shopjoy_2604.pd_prod_opt_item (opt_item_id, site_id, opt_id, opt_type_cd, opt_nm, opt_val, sort_ord, use_yn, reg_by, reg_date) VALUES ('OI000025', 'SITE000001', 'OG000006', 'SIZE', 'M', 'M', 3, 'Y', 'SYSTEM', '2026-04-20 00:00:00') ON CONFLICT DO NOTHING;
INSERT INTO shopjoy_2604.pd_prod_opt_item (opt_item_id, site_id, opt_id, opt_type_cd, opt_nm, opt_val, sort_ord, use_yn, reg_by, reg_date) VALUES ('OI000026', 'SITE000001', 'OG000006', 'SIZE', 'L', 'L', 4, 'Y', 'SYSTEM', '2026-04-20 00:00:00') ON CONFLICT DO NOTHING;
INSERT INTO shopjoy_2604.pd_prod_opt_item (opt_item_id, site_id, opt_id, opt_type_cd, opt_nm, opt_val, sort_ord, use_yn, reg_by, reg_date) VALUES ('OI000027', 'SITE000001', 'OG000006', 'SIZE', 'XL', 'XL', 5, 'Y', 'SYSTEM', '2026-04-20 00:00:00') ON CONFLICT DO NOTHING;
INSERT INTO shopjoy_2604.pd_prod_opt_item (opt_item_id, site_id, opt_id, opt_type_cd, opt_nm, opt_val, sort_ord, use_yn, reg_by, reg_date) VALUES ('OI000028', 'SITE000001', 'OG000007', 'COLOR', '블랙', '#1a1a1a', 1, 'Y', 'SYSTEM', '2026-04-20 00:00:00') ON CONFLICT DO NOTHING;
INSERT INTO shopjoy_2604.pd_prod_opt_item (opt_item_id, site_id, opt_id, opt_type_cd, opt_nm, opt_val, sort_ord, use_yn, reg_by, reg_date) VALUES ('OI000029', 'SITE000001', 'OG000007', 'COLOR', '그레이', '#8a8a8a', 2, 'Y', 'SYSTEM', '2026-04-20 00:00:00') ON CONFLICT DO NOTHING;
INSERT INTO shopjoy_2604.pd_prod_opt_item (opt_item_id, site_id, opt_id, opt_type_cd, opt_nm, opt_val, sort_ord, use_yn, reg_by, reg_date) VALUES ('OI000030', 'SITE000001', 'OG000007', 'COLOR', '핑크', '#e8a0b4', 3, 'Y', 'SYSTEM', '2026-04-20 00:00:00') ON CONFLICT DO NOTHING;
INSERT INTO shopjoy_2604.pd_prod_opt_item (opt_item_id, site_id, opt_id, opt_type_cd, opt_nm, opt_val, sort_ord, use_yn, reg_by, reg_date) VALUES ('OI000031', 'SITE000001', 'OG000007', 'COLOR', '민트', '#7ed8c4', 4, 'Y', 'SYSTEM', '2026-04-20 00:00:00') ON CONFLICT DO NOTHING;
INSERT INTO shopjoy_2604.pd_prod_opt_item (opt_item_id, site_id, opt_id, opt_type_cd, opt_nm, opt_val, sort_ord, use_yn, reg_by, reg_date) VALUES ('OI000032', 'SITE000001', 'OG000008', 'SIZE', 'S', 'S', 1, 'Y', 'SYSTEM', '2026-04-20 00:00:00') ON CONFLICT DO NOTHING;
INSERT INTO shopjoy_2604.pd_prod_opt_item (opt_item_id, site_id, opt_id, opt_type_cd, opt_nm, opt_val, sort_ord, use_yn, reg_by, reg_date) VALUES ('OI000033', 'SITE000001', 'OG000008', 'SIZE', 'M', 'M', 2, 'Y', 'SYSTEM', '2026-04-20 00:00:00') ON CONFLICT DO NOTHING;
INSERT INTO shopjoy_2604.pd_prod_opt_item (opt_item_id, site_id, opt_id, opt_type_cd, opt_nm, opt_val, sort_ord, use_yn, reg_by, reg_date) VALUES ('OI000034', 'SITE000001', 'OG000008', 'SIZE', 'L', 'L', 3, 'Y', 'SYSTEM', '2026-04-20 00:00:00') ON CONFLICT DO NOTHING;
INSERT INTO shopjoy_2604.pd_prod_opt_item (opt_item_id, site_id, opt_id, opt_type_cd, opt_nm, opt_val, sort_ord, use_yn, reg_by, reg_date) VALUES ('OI000035', 'SITE000001', 'OG000008', 'SIZE', 'XL', 'XL', 4, 'Y', 'SYSTEM', '2026-04-20 00:00:00') ON CONFLICT DO NOTHING;
INSERT INTO shopjoy_2604.pd_prod_opt_item (opt_item_id, site_id, opt_id, opt_type_cd, opt_nm, opt_val, sort_ord, use_yn, reg_by, reg_date) VALUES ('OI000036', 'SITE000001', 'OG000009', 'COLOR', '레드체크', '#c84040', 1, 'Y', 'SYSTEM', '2026-04-20 00:00:00') ON CONFLICT DO NOTHING;
INSERT INTO shopjoy_2604.pd_prod_opt_item (opt_item_id, site_id, opt_id, opt_type_cd, opt_nm, opt_val, sort_ord, use_yn, reg_by, reg_date) VALUES ('OI000037', 'SITE000001', 'OG000009', 'COLOR', '블루체크', '#4070b0', 2, 'Y', 'SYSTEM', '2026-04-20 00:00:00') ON CONFLICT DO NOTHING;
INSERT INTO shopjoy_2604.pd_prod_opt_item (opt_item_id, site_id, opt_id, opt_type_cd, opt_nm, opt_val, sort_ord, use_yn, reg_by, reg_date) VALUES ('OI000038', 'SITE000001', 'OG000009', 'COLOR', '그린체크', '#4a7050', 3, 'Y', 'SYSTEM', '2026-04-20 00:00:00') ON CONFLICT DO NOTHING;
INSERT INTO shopjoy_2604.pd_prod_opt_item (opt_item_id, site_id, opt_id, opt_type_cd, opt_nm, opt_val, sort_ord, use_yn, reg_by, reg_date) VALUES ('OI000039', 'SITE000001', 'OG000010', 'SIZE', 'S', 'S', 1, 'Y', 'SYSTEM', '2026-04-20 00:00:00') ON CONFLICT DO NOTHING;
INSERT INTO shopjoy_2604.pd_prod_opt_item (opt_item_id, site_id, opt_id, opt_type_cd, opt_nm, opt_val, sort_ord, use_yn, reg_by, reg_date) VALUES ('OI000040', 'SITE000001', 'OG000010', 'SIZE', 'M', 'M', 2, 'Y', 'SYSTEM', '2026-04-20 00:00:00') ON CONFLICT DO NOTHING;
INSERT INTO shopjoy_2604.pd_prod_opt_item (opt_item_id, site_id, opt_id, opt_type_cd, opt_nm, opt_val, sort_ord, use_yn, reg_by, reg_date) VALUES ('OI000041', 'SITE000001', 'OG000010', 'SIZE', 'L', 'L', 3, 'Y', 'SYSTEM', '2026-04-20 00:00:00') ON CONFLICT DO NOTHING;
INSERT INTO shopjoy_2604.pd_prod_opt_item (opt_item_id, site_id, opt_id, opt_type_cd, opt_nm, opt_val, sort_ord, use_yn, reg_by, reg_date) VALUES ('OI000042', 'SITE000001', 'OG000010', 'SIZE', 'XL', 'XL', 4, 'Y', 'SYSTEM', '2026-04-20 00:00:00') ON CONFLICT DO NOTHING;
INSERT INTO shopjoy_2604.pd_prod_opt_item (opt_item_id, site_id, opt_id, opt_type_cd, opt_nm, opt_val, sort_ord, use_yn, reg_by, reg_date) VALUES ('OI000043', 'SITE000001', 'OG000010', 'SIZE', 'XXL', 'XXL', 5, 'Y', 'SYSTEM', '2026-04-20 00:00:00') ON CONFLICT DO NOTHING;
INSERT INTO shopjoy_2604.pd_prod_opt_item (opt_item_id, site_id, opt_id, opt_type_cd, opt_nm, opt_val, sort_ord, use_yn, reg_by, reg_date) VALUES ('OI000044', 'SITE000001', 'OG000011', 'COLOR', '블랙', '#1a1a1a', 1, 'Y', 'SYSTEM', '2026-04-20 00:00:00') ON CONFLICT DO NOTHING;
INSERT INTO shopjoy_2604.pd_prod_opt_item (opt_item_id, site_id, opt_id, opt_type_cd, opt_nm, opt_val, sort_ord, use_yn, reg_by, reg_date) VALUES ('OI000045', 'SITE000001', 'OG000011', 'COLOR', '화이트', '#f5f0eb', 2, 'Y', 'SYSTEM', '2026-04-20 00:00:00') ON CONFLICT DO NOTHING;
INSERT INTO shopjoy_2604.pd_prod_opt_item (opt_item_id, site_id, opt_id, opt_type_cd, opt_nm, opt_val, sort_ord, use_yn, reg_by, reg_date) VALUES ('OI000046', 'SITE000001', 'OG000011', 'COLOR', '그레이', '#8a8a8a', 3, 'Y', 'SYSTEM', '2026-04-20 00:00:00') ON CONFLICT DO NOTHING;
INSERT INTO shopjoy_2604.pd_prod_opt_item (opt_item_id, site_id, opt_id, opt_type_cd, opt_nm, opt_val, sort_ord, use_yn, reg_by, reg_date) VALUES ('OI000047', 'SITE000001', 'OG000011', 'COLOR', '네이비', '#1e3a5f', 4, 'Y', 'SYSTEM', '2026-04-20 00:00:00') ON CONFLICT DO NOTHING;
INSERT INTO shopjoy_2604.pd_prod_opt_item (opt_item_id, site_id, opt_id, opt_type_cd, opt_nm, opt_val, sort_ord, use_yn, reg_by, reg_date) VALUES ('OI000048', 'SITE000001', 'OG000011', 'COLOR', '와인', '#722f37', 5, 'Y', 'SYSTEM', '2026-04-20 00:00:00') ON CONFLICT DO NOTHING;
INSERT INTO shopjoy_2604.pd_prod_opt_item (opt_item_id, site_id, opt_id, opt_type_cd, opt_nm, opt_val, sort_ord, use_yn, reg_by, reg_date) VALUES ('OI000049', 'SITE000001', 'OG000012', 'SIZE', 'XS', 'XS', 1, 'Y', 'SYSTEM', '2026-04-20 00:00:00') ON CONFLICT DO NOTHING;
INSERT INTO shopjoy_2604.pd_prod_opt_item (opt_item_id, site_id, opt_id, opt_type_cd, opt_nm, opt_val, sort_ord, use_yn, reg_by, reg_date) VALUES ('OI000050', 'SITE000001', 'OG000012', 'SIZE', 'S', 'S', 2, 'Y', 'SYSTEM', '2026-04-20 00:00:00') ON CONFLICT DO NOTHING;
INSERT INTO shopjoy_2604.pd_prod_opt_item (opt_item_id, site_id, opt_id, opt_type_cd, opt_nm, opt_val, sort_ord, use_yn, reg_by, reg_date) VALUES ('OI000051', 'SITE000001', 'OG000012', 'SIZE', 'M', 'M', 3, 'Y', 'SYSTEM', '2026-04-20 00:00:00') ON CONFLICT DO NOTHING;
INSERT INTO shopjoy_2604.pd_prod_opt_item (opt_item_id, site_id, opt_id, opt_type_cd, opt_nm, opt_val, sort_ord, use_yn, reg_by, reg_date) VALUES ('OI000052', 'SITE000001', 'OG000012', 'SIZE', 'L', 'L', 4, 'Y', 'SYSTEM', '2026-04-20 00:00:00') ON CONFLICT DO NOTHING;
INSERT INTO shopjoy_2604.pd_prod_opt_item (opt_item_id, site_id, opt_id, opt_type_cd, opt_nm, opt_val, sort_ord, use_yn, reg_by, reg_date) VALUES ('OI000053', 'SITE000001', 'OG000012', 'SIZE', 'XL', 'XL', 5, 'Y', 'SYSTEM', '2026-04-20 00:00:00') ON CONFLICT DO NOTHING;
INSERT INTO shopjoy_2604.pd_prod_opt_item (opt_item_id, site_id, opt_id, opt_type_cd, opt_nm, opt_val, sort_ord, use_yn, reg_by, reg_date) VALUES ('OI000054', 'SITE000001', 'OG000013', 'COLOR', '화이트', '#f5f0eb', 1, 'Y', 'SYSTEM', '2026-04-20 00:00:00') ON CONFLICT DO NOTHING;
INSERT INTO shopjoy_2604.pd_prod_opt_item (opt_item_id, site_id, opt_id, opt_type_cd, opt_nm, opt_val, sort_ord, use_yn, reg_by, reg_date) VALUES ('OI000055', 'SITE000001', 'OG000013', 'COLOR', '베이지', '#d4b896', 2, 'Y', 'SYSTEM', '2026-04-20 00:00:00') ON CONFLICT DO NOTHING;
INSERT INTO shopjoy_2604.pd_prod_opt_item (opt_item_id, site_id, opt_id, opt_type_cd, opt_nm, opt_val, sort_ord, use_yn, reg_by, reg_date) VALUES ('OI000056', 'SITE000001', 'OG000013', 'COLOR', '스카이', '#87ceeb', 3, 'Y', 'SYSTEM', '2026-04-20 00:00:00') ON CONFLICT DO NOTHING;
INSERT INTO shopjoy_2604.pd_prod_opt_item (opt_item_id, site_id, opt_id, opt_type_cd, opt_nm, opt_val, sort_ord, use_yn, reg_by, reg_date) VALUES ('OI000057', 'SITE000001', 'OG000013', 'COLOR', '민트', '#7ed8c4', 4, 'Y', 'SYSTEM', '2026-04-20 00:00:00') ON CONFLICT DO NOTHING;
INSERT INTO shopjoy_2604.pd_prod_opt_item (opt_item_id, site_id, opt_id, opt_type_cd, opt_nm, opt_val, sort_ord, use_yn, reg_by, reg_date) VALUES ('OI000058', 'SITE000001', 'OG000014', 'SIZE', 'S', 'S', 1, 'Y', 'SYSTEM', '2026-04-20 00:00:00') ON CONFLICT DO NOTHING;
INSERT INTO shopjoy_2604.pd_prod_opt_item (opt_item_id, site_id, opt_id, opt_type_cd, opt_nm, opt_val, sort_ord, use_yn, reg_by, reg_date) VALUES ('OI000059', 'SITE000001', 'OG000014', 'SIZE', 'M', 'M', 2, 'Y', 'SYSTEM', '2026-04-20 00:00:00') ON CONFLICT DO NOTHING;
INSERT INTO shopjoy_2604.pd_prod_opt_item (opt_item_id, site_id, opt_id, opt_type_cd, opt_nm, opt_val, sort_ord, use_yn, reg_by, reg_date) VALUES ('OI000060', 'SITE000001', 'OG000014', 'SIZE', 'L', 'L', 3, 'Y', 'SYSTEM', '2026-04-20 00:00:00') ON CONFLICT DO NOTHING;
INSERT INTO shopjoy_2604.pd_prod_opt_item (opt_item_id, site_id, opt_id, opt_type_cd, opt_nm, opt_val, sort_ord, use_yn, reg_by, reg_date) VALUES ('OI000061', 'SITE000001', 'OG000014', 'SIZE', 'XL', 'XL', 4, 'Y', 'SYSTEM', '2026-04-20 00:00:00') ON CONFLICT DO NOTHING;
INSERT INTO shopjoy_2604.pd_prod_opt_item (opt_item_id, site_id, opt_id, opt_type_cd, opt_nm, opt_val, sort_ord, use_yn, reg_by, reg_date) VALUES ('OI000062', 'SITE000001', 'OG000015', 'COLOR', '블랙', '#1a1a1a', 1, 'Y', 'SYSTEM', '2026-04-20 00:00:00') ON CONFLICT DO NOTHING;
INSERT INTO shopjoy_2604.pd_prod_opt_item (opt_item_id, site_id, opt_id, opt_type_cd, opt_nm, opt_val, sort_ord, use_yn, reg_by, reg_date) VALUES ('OI000063', 'SITE000001', 'OG000015', 'COLOR', '그레이', '#8a8a8a', 2, 'Y', 'SYSTEM', '2026-04-20 00:00:00') ON CONFLICT DO NOTHING;
INSERT INTO shopjoy_2604.pd_prod_opt_item (opt_item_id, site_id, opt_id, opt_type_cd, opt_nm, opt_val, sort_ord, use_yn, reg_by, reg_date) VALUES ('OI000064', 'SITE000001', 'OG000015', 'COLOR', '네이비', '#1e3a5f', 3, 'Y', 'SYSTEM', '2026-04-20 00:00:00') ON CONFLICT DO NOTHING;
INSERT INTO shopjoy_2604.pd_prod_opt_item (opt_item_id, site_id, opt_id, opt_type_cd, opt_nm, opt_val, sort_ord, use_yn, reg_by, reg_date) VALUES ('OI000065', 'SITE000001', 'OG000015', 'COLOR', '베이지', '#d4b896', 4, 'Y', 'SYSTEM', '2026-04-20 00:00:00') ON CONFLICT DO NOTHING;
INSERT INTO shopjoy_2604.pd_prod_opt_item (opt_item_id, site_id, opt_id, opt_type_cd, opt_nm, opt_val, sort_ord, use_yn, reg_by, reg_date) VALUES ('OI000066', 'SITE000001', 'OG000016', 'SIZE', 'XS', 'XS', 1, 'Y', 'SYSTEM', '2026-04-20 00:00:00') ON CONFLICT DO NOTHING;
INSERT INTO shopjoy_2604.pd_prod_opt_item (opt_item_id, site_id, opt_id, opt_type_cd, opt_nm, opt_val, sort_ord, use_yn, reg_by, reg_date) VALUES ('OI000067', 'SITE000001', 'OG000016', 'SIZE', 'S', 'S', 2, 'Y', 'SYSTEM', '2026-04-20 00:00:00') ON CONFLICT DO NOTHING;
INSERT INTO shopjoy_2604.pd_prod_opt_item (opt_item_id, site_id, opt_id, opt_type_cd, opt_nm, opt_val, sort_ord, use_yn, reg_by, reg_date) VALUES ('OI000068', 'SITE000001', 'OG000016', 'SIZE', 'M', 'M', 3, 'Y', 'SYSTEM', '2026-04-20 00:00:00') ON CONFLICT DO NOTHING;
INSERT INTO shopjoy_2604.pd_prod_opt_item (opt_item_id, site_id, opt_id, opt_type_cd, opt_nm, opt_val, sort_ord, use_yn, reg_by, reg_date) VALUES ('OI000069', 'SITE000001', 'OG000016', 'SIZE', 'L', 'L', 4, 'Y', 'SYSTEM', '2026-04-20 00:00:00') ON CONFLICT DO NOTHING;
INSERT INTO shopjoy_2604.pd_prod_opt_item (opt_item_id, site_id, opt_id, opt_type_cd, opt_nm, opt_val, sort_ord, use_yn, reg_by, reg_date) VALUES ('OI000070', 'SITE000001', 'OG000016', 'SIZE', 'XL', 'XL', 5, 'Y', 'SYSTEM', '2026-04-20 00:00:00') ON CONFLICT DO NOTHING;
INSERT INTO shopjoy_2604.pd_prod_opt_item (opt_item_id, site_id, opt_id, opt_type_cd, opt_nm, opt_val, sort_ord, use_yn, reg_by, reg_date) VALUES ('OI000071', 'SITE000001', 'OG000017', 'COLOR', '블랙', '#1a1a1a', 1, 'Y', 'SYSTEM', '2026-04-20 00:00:00') ON CONFLICT DO NOTHING;
INSERT INTO shopjoy_2604.pd_prod_opt_item (opt_item_id, site_id, opt_id, opt_type_cd, opt_nm, opt_val, sort_ord, use_yn, reg_by, reg_date) VALUES ('OI000072', 'SITE000001', 'OG000017', 'COLOR', '그레이', '#8a8a8a', 2, 'Y', 'SYSTEM', '2026-04-20 00:00:00') ON CONFLICT DO NOTHING;
INSERT INTO shopjoy_2604.pd_prod_opt_item (opt_item_id, site_id, opt_id, opt_type_cd, opt_nm, opt_val, sort_ord, use_yn, reg_by, reg_date) VALUES ('OI000073', 'SITE000001', 'OG000017', 'COLOR', '차콜', '#3a3a3a', 3, 'Y', 'SYSTEM', '2026-04-20 00:00:00') ON CONFLICT DO NOTHING;
INSERT INTO shopjoy_2604.pd_prod_opt_item (opt_item_id, site_id, opt_id, opt_type_cd, opt_nm, opt_val, sort_ord, use_yn, reg_by, reg_date) VALUES ('OI000074', 'SITE000001', 'OG000017', 'COLOR', '올리브', '#5a6a3a', 4, 'Y', 'SYSTEM', '2026-04-20 00:00:00') ON CONFLICT DO NOTHING;
INSERT INTO shopjoy_2604.pd_prod_opt_item (opt_item_id, site_id, opt_id, opt_type_cd, opt_nm, opt_val, sort_ord, use_yn, reg_by, reg_date) VALUES ('OI000075', 'SITE000001', 'OG000018', 'SIZE', 'S', 'S', 1, 'Y', 'SYSTEM', '2026-04-20 00:00:00') ON CONFLICT DO NOTHING;
INSERT INTO shopjoy_2604.pd_prod_opt_item (opt_item_id, site_id, opt_id, opt_type_cd, opt_nm, opt_val, sort_ord, use_yn, reg_by, reg_date) VALUES ('OI000076', 'SITE000001', 'OG000018', 'SIZE', 'M', 'M', 2, 'Y', 'SYSTEM', '2026-04-20 00:00:00') ON CONFLICT DO NOTHING;
INSERT INTO shopjoy_2604.pd_prod_opt_item (opt_item_id, site_id, opt_id, opt_type_cd, opt_nm, opt_val, sort_ord, use_yn, reg_by, reg_date) VALUES ('OI000077', 'SITE000001', 'OG000018', 'SIZE', 'L', 'L', 3, 'Y', 'SYSTEM', '2026-04-20 00:00:00') ON CONFLICT DO NOTHING;
INSERT INTO shopjoy_2604.pd_prod_opt_item (opt_item_id, site_id, opt_id, opt_type_cd, opt_nm, opt_val, sort_ord, use_yn, reg_by, reg_date) VALUES ('OI000078', 'SITE000001', 'OG000018', 'SIZE', 'XL', 'XL', 4, 'Y', 'SYSTEM', '2026-04-20 00:00:00') ON CONFLICT DO NOTHING;
INSERT INTO shopjoy_2604.pd_prod_opt_item (opt_item_id, site_id, opt_id, opt_type_cd, opt_nm, opt_val, sort_ord, use_yn, reg_by, reg_date) VALUES ('OI000079', 'SITE000001', 'OG000018', 'SIZE', 'XXL', 'XXL', 5, 'Y', 'SYSTEM', '2026-04-20 00:00:00') ON CONFLICT DO NOTHING;
INSERT INTO shopjoy_2604.pd_prod_opt_item (opt_item_id, site_id, opt_id, opt_type_cd, opt_nm, opt_val, sort_ord, use_yn, reg_by, reg_date) VALUES ('OI000080', 'SITE000001', 'OG000019', 'COLOR', '크림', '#f5f0e8', 1, 'Y', 'SYSTEM', '2026-04-20 00:00:00') ON CONFLICT DO NOTHING;
INSERT INTO shopjoy_2604.pd_prod_opt_item (opt_item_id, site_id, opt_id, opt_type_cd, opt_nm, opt_val, sort_ord, use_yn, reg_by, reg_date) VALUES ('OI000081', 'SITE000001', 'OG000019', 'COLOR', '그레이', '#8a8a8a', 2, 'Y', 'SYSTEM', '2026-04-20 00:00:00') ON CONFLICT DO NOTHING;
INSERT INTO shopjoy_2604.pd_prod_opt_item (opt_item_id, site_id, opt_id, opt_type_cd, opt_nm, opt_val, sort_ord, use_yn, reg_by, reg_date) VALUES ('OI000082', 'SITE000001', 'OG000019', 'COLOR', '블랙', '#1a1a1a', 3, 'Y', 'SYSTEM', '2026-04-20 00:00:00') ON CONFLICT DO NOTHING;
INSERT INTO shopjoy_2604.pd_prod_opt_item (opt_item_id, site_id, opt_id, opt_type_cd, opt_nm, opt_val, sort_ord, use_yn, reg_by, reg_date) VALUES ('OI000083', 'SITE000001', 'OG000019', 'COLOR', '핑크', '#e8a0b4', 4, 'Y', 'SYSTEM', '2026-04-20 00:00:00') ON CONFLICT DO NOTHING;
INSERT INTO shopjoy_2604.pd_prod_opt_item (opt_item_id, site_id, opt_id, opt_type_cd, opt_nm, opt_val, sort_ord, use_yn, reg_by, reg_date) VALUES ('OI000084', 'SITE000001', 'OG000020', 'SIZE', 'S', 'S', 1, 'Y', 'SYSTEM', '2026-04-20 00:00:00') ON CONFLICT DO NOTHING;
INSERT INTO shopjoy_2604.pd_prod_opt_item (opt_item_id, site_id, opt_id, opt_type_cd, opt_nm, opt_val, sort_ord, use_yn, reg_by, reg_date) VALUES ('OI000085', 'SITE000001', 'OG000020', 'SIZE', 'M', 'M', 2, 'Y', 'SYSTEM', '2026-04-20 00:00:00') ON CONFLICT DO NOTHING;
INSERT INTO shopjoy_2604.pd_prod_opt_item (opt_item_id, site_id, opt_id, opt_type_cd, opt_nm, opt_val, sort_ord, use_yn, reg_by, reg_date) VALUES ('OI000086', 'SITE000001', 'OG000020', 'SIZE', 'L', 'L', 3, 'Y', 'SYSTEM', '2026-04-20 00:00:00') ON CONFLICT DO NOTHING;
INSERT INTO shopjoy_2604.pd_prod_opt_item (opt_item_id, site_id, opt_id, opt_type_cd, opt_nm, opt_val, sort_ord, use_yn, reg_by, reg_date) VALUES ('OI000087', 'SITE000001', 'OG000020', 'SIZE', 'XL', 'XL', 4, 'Y', 'SYSTEM', '2026-04-20 00:00:00') ON CONFLICT DO NOTHING;
INSERT INTO shopjoy_2604.pd_prod_opt_item (opt_item_id, site_id, opt_id, opt_type_cd, opt_nm, opt_val, sort_ord, use_yn, reg_by, reg_date) VALUES ('OI000088', 'SITE000001', 'OG000021', 'COLOR', '라이트블루', '#7bafd4', 1, 'Y', 'SYSTEM', '2026-04-20 00:00:00') ON CONFLICT DO NOTHING;
INSERT INTO shopjoy_2604.pd_prod_opt_item (opt_item_id, site_id, opt_id, opt_type_cd, opt_nm, opt_val, sort_ord, use_yn, reg_by, reg_date) VALUES ('OI000089', 'SITE000001', 'OG000021', 'COLOR', '미드블루', '#3f6fa8', 2, 'Y', 'SYSTEM', '2026-04-20 00:00:00') ON CONFLICT DO NOTHING;
INSERT INTO shopjoy_2604.pd_prod_opt_item (opt_item_id, site_id, opt_id, opt_type_cd, opt_nm, opt_val, sort_ord, use_yn, reg_by, reg_date) VALUES ('OI000090', 'SITE000001', 'OG000021', 'COLOR', '다크블루', '#1a3560', 3, 'Y', 'SYSTEM', '2026-04-20 00:00:00') ON CONFLICT DO NOTHING;
INSERT INTO shopjoy_2604.pd_prod_opt_item (opt_item_id, site_id, opt_id, opt_type_cd, opt_nm, opt_val, sort_ord, use_yn, reg_by, reg_date) VALUES ('OI000091', 'SITE000001', 'OG000021', 'COLOR', '블랙', '#1a1a1a', 4, 'Y', 'SYSTEM', '2026-04-20 00:00:00') ON CONFLICT DO NOTHING;
INSERT INTO shopjoy_2604.pd_prod_opt_item (opt_item_id, site_id, opt_id, opt_type_cd, opt_nm, opt_val, sort_ord, use_yn, reg_by, reg_date) VALUES ('OI000092', 'SITE000001', 'OG000022', 'SIZE', 'XS', 'XS', 1, 'Y', 'SYSTEM', '2026-04-20 00:00:00') ON CONFLICT DO NOTHING;
INSERT INTO shopjoy_2604.pd_prod_opt_item (opt_item_id, site_id, opt_id, opt_type_cd, opt_nm, opt_val, sort_ord, use_yn, reg_by, reg_date) VALUES ('OI000093', 'SITE000001', 'OG000022', 'SIZE', 'S', 'S', 2, 'Y', 'SYSTEM', '2026-04-20 00:00:00') ON CONFLICT DO NOTHING;
INSERT INTO shopjoy_2604.pd_prod_opt_item (opt_item_id, site_id, opt_id, opt_type_cd, opt_nm, opt_val, sort_ord, use_yn, reg_by, reg_date) VALUES ('OI000094', 'SITE000001', 'OG000022', 'SIZE', 'M', 'M', 3, 'Y', 'SYSTEM', '2026-04-20 00:00:00') ON CONFLICT DO NOTHING;
INSERT INTO shopjoy_2604.pd_prod_opt_item (opt_item_id, site_id, opt_id, opt_type_cd, opt_nm, opt_val, sort_ord, use_yn, reg_by, reg_date) VALUES ('OI000095', 'SITE000001', 'OG000022', 'SIZE', 'L', 'L', 4, 'Y', 'SYSTEM', '2026-04-20 00:00:00') ON CONFLICT DO NOTHING;
INSERT INTO shopjoy_2604.pd_prod_opt_item (opt_item_id, site_id, opt_id, opt_type_cd, opt_nm, opt_val, sort_ord, use_yn, reg_by, reg_date) VALUES ('OI000096', 'SITE000001', 'OG000022', 'SIZE', 'XL', 'XL', 5, 'Y', 'SYSTEM', '2026-04-20 00:00:00') ON CONFLICT DO NOTHING;
INSERT INTO shopjoy_2604.pd_prod_opt_item (opt_item_id, site_id, opt_id, opt_type_cd, opt_nm, opt_val, sort_ord, use_yn, reg_by, reg_date) VALUES ('OI000097', 'SITE000001', 'OG000022', 'SIZE', 'XXL', 'XXL', 6, 'Y', 'SYSTEM', '2026-04-20 00:00:00') ON CONFLICT DO NOTHING;
INSERT INTO shopjoy_2604.pd_prod_opt_item (opt_item_id, site_id, opt_id, opt_type_cd, opt_nm, opt_val, sort_ord, use_yn, reg_by, reg_date) VALUES ('OI000098', 'SITE000001', 'OG000023', 'COLOR', '카키', '#6b7c4a', 1, 'Y', 'SYSTEM', '2026-04-20 00:00:00') ON CONFLICT DO NOTHING;
INSERT INTO shopjoy_2604.pd_prod_opt_item (opt_item_id, site_id, opt_id, opt_type_cd, opt_nm, opt_val, sort_ord, use_yn, reg_by, reg_date) VALUES ('OI000099', 'SITE000001', 'OG000023', 'COLOR', '블랙', '#1a1a1a', 2, 'Y', 'SYSTEM', '2026-04-20 00:00:00') ON CONFLICT DO NOTHING;
INSERT INTO shopjoy_2604.pd_prod_opt_item (opt_item_id, site_id, opt_id, opt_type_cd, opt_nm, opt_val, sort_ord, use_yn, reg_by, reg_date) VALUES ('OI000100', 'SITE000001', 'OG000023', 'COLOR', '베이지', '#d4b896', 3, 'Y', 'SYSTEM', '2026-04-20 00:00:00') ON CONFLICT DO NOTHING;
INSERT INTO shopjoy_2604.pd_prod_opt_item (opt_item_id, site_id, opt_id, opt_type_cd, opt_nm, opt_val, sort_ord, use_yn, reg_by, reg_date) VALUES ('OI000101', 'SITE000001', 'OG000023', 'COLOR', '그레이', '#8a8a8a', 4, 'Y', 'SYSTEM', '2026-04-20 00:00:00') ON CONFLICT DO NOTHING;
INSERT INTO shopjoy_2604.pd_prod_opt_item (opt_item_id, site_id, opt_id, opt_type_cd, opt_nm, opt_val, sort_ord, use_yn, reg_by, reg_date) VALUES ('OI000102', 'SITE000001', 'OG000024', 'SIZE', 'XS', 'XS', 1, 'Y', 'SYSTEM', '2026-04-20 00:00:00') ON CONFLICT DO NOTHING;
INSERT INTO shopjoy_2604.pd_prod_opt_item (opt_item_id, site_id, opt_id, opt_type_cd, opt_nm, opt_val, sort_ord, use_yn, reg_by, reg_date) VALUES ('OI000103', 'SITE000001', 'OG000024', 'SIZE', 'S', 'S', 2, 'Y', 'SYSTEM', '2026-04-20 00:00:00') ON CONFLICT DO NOTHING;
INSERT INTO shopjoy_2604.pd_prod_opt_item (opt_item_id, site_id, opt_id, opt_type_cd, opt_nm, opt_val, sort_ord, use_yn, reg_by, reg_date) VALUES ('OI000104', 'SITE000001', 'OG000024', 'SIZE', 'M', 'M', 3, 'Y', 'SYSTEM', '2026-04-20 00:00:00') ON CONFLICT DO NOTHING;
INSERT INTO shopjoy_2604.pd_prod_opt_item (opt_item_id, site_id, opt_id, opt_type_cd, opt_nm, opt_val, sort_ord, use_yn, reg_by, reg_date) VALUES ('OI000105', 'SITE000001', 'OG000024', 'SIZE', 'L', 'L', 4, 'Y', 'SYSTEM', '2026-04-20 00:00:00') ON CONFLICT DO NOTHING;
INSERT INTO shopjoy_2604.pd_prod_opt_item (opt_item_id, site_id, opt_id, opt_type_cd, opt_nm, opt_val, sort_ord, use_yn, reg_by, reg_date) VALUES ('OI000106', 'SITE000001', 'OG000024', 'SIZE', 'XL', 'XL', 5, 'Y', 'SYSTEM', '2026-04-20 00:00:00') ON CONFLICT DO NOTHING;
INSERT INTO shopjoy_2604.pd_prod_opt_item (opt_item_id, site_id, opt_id, opt_type_cd, opt_nm, opt_val, sort_ord, use_yn, reg_by, reg_date) VALUES ('OI000107', 'SITE000001', 'OG000025', 'COLOR', '베이지', '#d4b896', 1, 'Y', 'SYSTEM', '2026-04-20 00:00:00') ON CONFLICT DO NOTHING;
INSERT INTO shopjoy_2604.pd_prod_opt_item (opt_item_id, site_id, opt_id, opt_type_cd, opt_nm, opt_val, sort_ord, use_yn, reg_by, reg_date) VALUES ('OI000108', 'SITE000001', 'OG000025', 'COLOR', '화이트', '#f5f0eb', 2, 'Y', 'SYSTEM', '2026-04-20 00:00:00') ON CONFLICT DO NOTHING;
INSERT INTO shopjoy_2604.pd_prod_opt_item (opt_item_id, site_id, opt_id, opt_type_cd, opt_nm, opt_val, sort_ord, use_yn, reg_by, reg_date) VALUES ('OI000109', 'SITE000001', 'OG000025', 'COLOR', '그레이', '#8a8a8a', 3, 'Y', 'SYSTEM', '2026-04-20 00:00:00') ON CONFLICT DO NOTHING;
INSERT INTO shopjoy_2604.pd_prod_opt_item (opt_item_id, site_id, opt_id, opt_type_cd, opt_nm, opt_val, sort_ord, use_yn, reg_by, reg_date) VALUES ('OI000110', 'SITE000001', 'OG000025', 'COLOR', '네이비', '#1e3a5f', 4, 'Y', 'SYSTEM', '2026-04-20 00:00:00') ON CONFLICT DO NOTHING;
INSERT INTO shopjoy_2604.pd_prod_opt_item (opt_item_id, site_id, opt_id, opt_type_cd, opt_nm, opt_val, sort_ord, use_yn, reg_by, reg_date) VALUES ('OI000111', 'SITE000001', 'OG000026', 'SIZE', 'S', 'S', 1, 'Y', 'SYSTEM', '2026-04-20 00:00:00') ON CONFLICT DO NOTHING;
INSERT INTO shopjoy_2604.pd_prod_opt_item (opt_item_id, site_id, opt_id, opt_type_cd, opt_nm, opt_val, sort_ord, use_yn, reg_by, reg_date) VALUES ('OI000112', 'SITE000001', 'OG000026', 'SIZE', 'M', 'M', 2, 'Y', 'SYSTEM', '2026-04-20 00:00:00') ON CONFLICT DO NOTHING;
INSERT INTO shopjoy_2604.pd_prod_opt_item (opt_item_id, site_id, opt_id, opt_type_cd, opt_nm, opt_val, sort_ord, use_yn, reg_by, reg_date) VALUES ('OI000113', 'SITE000001', 'OG000026', 'SIZE', 'L', 'L', 3, 'Y', 'SYSTEM', '2026-04-20 00:00:00') ON CONFLICT DO NOTHING;
INSERT INTO shopjoy_2604.pd_prod_opt_item (opt_item_id, site_id, opt_id, opt_type_cd, opt_nm, opt_val, sort_ord, use_yn, reg_by, reg_date) VALUES ('OI000114', 'SITE000001', 'OG000026', 'SIZE', 'XL', 'XL', 4, 'Y', 'SYSTEM', '2026-04-20 00:00:00') ON CONFLICT DO NOTHING;
INSERT INTO shopjoy_2604.pd_prod_opt_item (opt_item_id, site_id, opt_id, opt_type_cd, opt_nm, opt_val, sort_ord, use_yn, reg_by, reg_date) VALUES ('OI000115', 'SITE000001', 'OG000027', 'COLOR', '블랙', '#1a1a1a', 1, 'Y', 'SYSTEM', '2026-04-20 00:00:00') ON CONFLICT DO NOTHING;
INSERT INTO shopjoy_2604.pd_prod_opt_item (opt_item_id, site_id, opt_id, opt_type_cd, opt_nm, opt_val, sort_ord, use_yn, reg_by, reg_date) VALUES ('OI000116', 'SITE000001', 'OG000027', 'COLOR', '그레이', '#8a8a8a', 2, 'Y', 'SYSTEM', '2026-04-20 00:00:00') ON CONFLICT DO NOTHING;
INSERT INTO shopjoy_2604.pd_prod_opt_item (opt_item_id, site_id, opt_id, opt_type_cd, opt_nm, opt_val, sort_ord, use_yn, reg_by, reg_date) VALUES ('OI000117', 'SITE000001', 'OG000027', 'COLOR', '네이비', '#1e3a5f', 3, 'Y', 'SYSTEM', '2026-04-20 00:00:00') ON CONFLICT DO NOTHING;
INSERT INTO shopjoy_2604.pd_prod_opt_item (opt_item_id, site_id, opt_id, opt_type_cd, opt_nm, opt_val, sort_ord, use_yn, reg_by, reg_date) VALUES ('OI000118', 'SITE000001', 'OG000027', 'COLOR', '베이지', '#d4b896', 4, 'Y', 'SYSTEM', '2026-04-20 00:00:00') ON CONFLICT DO NOTHING;
INSERT INTO shopjoy_2604.pd_prod_opt_item (opt_item_id, site_id, opt_id, opt_type_cd, opt_nm, opt_val, sort_ord, use_yn, reg_by, reg_date) VALUES ('OI000119', 'SITE000001', 'OG000028', 'SIZE', 'S', 'S', 1, 'Y', 'SYSTEM', '2026-04-20 00:00:00') ON CONFLICT DO NOTHING;
INSERT INTO shopjoy_2604.pd_prod_opt_item (opt_item_id, site_id, opt_id, opt_type_cd, opt_nm, opt_val, sort_ord, use_yn, reg_by, reg_date) VALUES ('OI000120', 'SITE000001', 'OG000028', 'SIZE', 'M', 'M', 2, 'Y', 'SYSTEM', '2026-04-20 00:00:00') ON CONFLICT DO NOTHING;
INSERT INTO shopjoy_2604.pd_prod_opt_item (opt_item_id, site_id, opt_id, opt_type_cd, opt_nm, opt_val, sort_ord, use_yn, reg_by, reg_date) VALUES ('OI000121', 'SITE000001', 'OG000028', 'SIZE', 'L', 'L', 3, 'Y', 'SYSTEM', '2026-04-20 00:00:00') ON CONFLICT DO NOTHING;
INSERT INTO shopjoy_2604.pd_prod_opt_item (opt_item_id, site_id, opt_id, opt_type_cd, opt_nm, opt_val, sort_ord, use_yn, reg_by, reg_date) VALUES ('OI000122', 'SITE000001', 'OG000028', 'SIZE', 'XL', 'XL', 4, 'Y', 'SYSTEM', '2026-04-20 00:00:00') ON CONFLICT DO NOTHING;
INSERT INTO shopjoy_2604.pd_prod_opt_item (opt_item_id, site_id, opt_id, opt_type_cd, opt_nm, opt_val, sort_ord, use_yn, reg_by, reg_date) VALUES ('OI000123', 'SITE000001', 'OG000028', 'SIZE', 'XXL', 'XXL', 5, 'Y', 'SYSTEM', '2026-04-20 00:00:00') ON CONFLICT DO NOTHING;
INSERT INTO shopjoy_2604.pd_prod_opt_item (opt_item_id, site_id, opt_id, opt_type_cd, opt_nm, opt_val, sort_ord, use_yn, reg_by, reg_date) VALUES ('OI000124', 'SITE000001', 'OG000029', 'COLOR', '블랙', '#1a1a1a', 1, 'Y', 'SYSTEM', '2026-04-20 00:00:00') ON CONFLICT DO NOTHING;
INSERT INTO shopjoy_2604.pd_prod_opt_item (opt_item_id, site_id, opt_id, opt_type_cd, opt_nm, opt_val, sort_ord, use_yn, reg_by, reg_date) VALUES ('OI000125', 'SITE000001', 'OG000029', 'COLOR', '화이트', '#f5f0eb', 2, 'Y', 'SYSTEM', '2026-04-20 00:00:00') ON CONFLICT DO NOTHING;
INSERT INTO shopjoy_2604.pd_prod_opt_item (opt_item_id, site_id, opt_id, opt_type_cd, opt_nm, opt_val, sort_ord, use_yn, reg_by, reg_date) VALUES ('OI000126', 'SITE000001', 'OG000029', 'COLOR', '데님', '#4078a0', 3, 'Y', 'SYSTEM', '2026-04-20 00:00:00') ON CONFLICT DO NOTHING;
INSERT INTO shopjoy_2604.pd_prod_opt_item (opt_item_id, site_id, opt_id, opt_type_cd, opt_nm, opt_val, sort_ord, use_yn, reg_by, reg_date) VALUES ('OI000127', 'SITE000001', 'OG000029', 'COLOR', '카키', '#6b7c4a', 4, 'Y', 'SYSTEM', '2026-04-20 00:00:00') ON CONFLICT DO NOTHING;
INSERT INTO shopjoy_2604.pd_prod_opt_item (opt_item_id, site_id, opt_id, opt_type_cd, opt_nm, opt_val, sort_ord, use_yn, reg_by, reg_date) VALUES ('OI000128', 'SITE000001', 'OG000030', 'SIZE', 'XS', 'XS', 1, 'Y', 'SYSTEM', '2026-04-20 00:00:00') ON CONFLICT DO NOTHING;
INSERT INTO shopjoy_2604.pd_prod_opt_item (opt_item_id, site_id, opt_id, opt_type_cd, opt_nm, opt_val, sort_ord, use_yn, reg_by, reg_date) VALUES ('OI000129', 'SITE000001', 'OG000030', 'SIZE', 'S', 'S', 2, 'Y', 'SYSTEM', '2026-04-20 00:00:00') ON CONFLICT DO NOTHING;
INSERT INTO shopjoy_2604.pd_prod_opt_item (opt_item_id, site_id, opt_id, opt_type_cd, opt_nm, opt_val, sort_ord, use_yn, reg_by, reg_date) VALUES ('OI000130', 'SITE000001', 'OG000030', 'SIZE', 'M', 'M', 3, 'Y', 'SYSTEM', '2026-04-20 00:00:00') ON CONFLICT DO NOTHING;
INSERT INTO shopjoy_2604.pd_prod_opt_item (opt_item_id, site_id, opt_id, opt_type_cd, opt_nm, opt_val, sort_ord, use_yn, reg_by, reg_date) VALUES ('OI000131', 'SITE000001', 'OG000030', 'SIZE', 'L', 'L', 4, 'Y', 'SYSTEM', '2026-04-20 00:00:00') ON CONFLICT DO NOTHING;
INSERT INTO shopjoy_2604.pd_prod_opt_item (opt_item_id, site_id, opt_id, opt_type_cd, opt_nm, opt_val, sort_ord, use_yn, reg_by, reg_date) VALUES ('OI000132', 'SITE000001', 'OG000031', 'COLOR', '블랙', '#1a1a1a', 1, 'Y', 'SYSTEM', '2026-04-20 00:00:00') ON CONFLICT DO NOTHING;
INSERT INTO shopjoy_2604.pd_prod_opt_item (opt_item_id, site_id, opt_id, opt_type_cd, opt_nm, opt_val, sort_ord, use_yn, reg_by, reg_date) VALUES ('OI000133', 'SITE000001', 'OG000031', 'COLOR', '화이트', '#f5f0eb', 2, 'Y', 'SYSTEM', '2026-04-20 00:00:00') ON CONFLICT DO NOTHING;
INSERT INTO shopjoy_2604.pd_prod_opt_item (opt_item_id, site_id, opt_id, opt_type_cd, opt_nm, opt_val, sort_ord, use_yn, reg_by, reg_date) VALUES ('OI000134', 'SITE000001', 'OG000031', 'COLOR', '핑크', '#e8a0b4', 3, 'Y', 'SYSTEM', '2026-04-20 00:00:00') ON CONFLICT DO NOTHING;
INSERT INTO shopjoy_2604.pd_prod_opt_item (opt_item_id, site_id, opt_id, opt_type_cd, opt_nm, opt_val, sort_ord, use_yn, reg_by, reg_date) VALUES ('OI000135', 'SITE000001', 'OG000031', 'COLOR', '베이지', '#d4b896', 4, 'Y', 'SYSTEM', '2026-04-20 00:00:00') ON CONFLICT DO NOTHING;
INSERT INTO shopjoy_2604.pd_prod_opt_item (opt_item_id, site_id, opt_id, opt_type_cd, opt_nm, opt_val, sort_ord, use_yn, reg_by, reg_date) VALUES ('OI000136', 'SITE000001', 'OG000032', 'SIZE', 'XS', 'XS', 1, 'Y', 'SYSTEM', '2026-04-20 00:00:00') ON CONFLICT DO NOTHING;
INSERT INTO shopjoy_2604.pd_prod_opt_item (opt_item_id, site_id, opt_id, opt_type_cd, opt_nm, opt_val, sort_ord, use_yn, reg_by, reg_date) VALUES ('OI000137', 'SITE000001', 'OG000032', 'SIZE', 'S', 'S', 2, 'Y', 'SYSTEM', '2026-04-20 00:00:00') ON CONFLICT DO NOTHING;
INSERT INTO shopjoy_2604.pd_prod_opt_item (opt_item_id, site_id, opt_id, opt_type_cd, opt_nm, opt_val, sort_ord, use_yn, reg_by, reg_date) VALUES ('OI000138', 'SITE000001', 'OG000032', 'SIZE', 'M', 'M', 3, 'Y', 'SYSTEM', '2026-04-20 00:00:00') ON CONFLICT DO NOTHING;
INSERT INTO shopjoy_2604.pd_prod_opt_item (opt_item_id, site_id, opt_id, opt_type_cd, opt_nm, opt_val, sort_ord, use_yn, reg_by, reg_date) VALUES ('OI000139', 'SITE000001', 'OG000032', 'SIZE', 'L', 'L', 4, 'Y', 'SYSTEM', '2026-04-20 00:00:00') ON CONFLICT DO NOTHING;
INSERT INTO shopjoy_2604.pd_prod_opt_item (opt_item_id, site_id, opt_id, opt_type_cd, opt_nm, opt_val, sort_ord, use_yn, reg_by, reg_date) VALUES ('OI000140', 'SITE000001', 'OG000033', 'COLOR', '블랙', '#1a1a1a', 1, 'Y', 'SYSTEM', '2026-04-20 00:00:00') ON CONFLICT DO NOTHING;
INSERT INTO shopjoy_2604.pd_prod_opt_item (opt_item_id, site_id, opt_id, opt_type_cd, opt_nm, opt_val, sort_ord, use_yn, reg_by, reg_date) VALUES ('OI000141', 'SITE000001', 'OG000033', 'COLOR', '베이지', '#d4b896', 2, 'Y', 'SYSTEM', '2026-04-20 00:00:00') ON CONFLICT DO NOTHING;
INSERT INTO shopjoy_2604.pd_prod_opt_item (opt_item_id, site_id, opt_id, opt_type_cd, opt_nm, opt_val, sort_ord, use_yn, reg_by, reg_date) VALUES ('OI000142', 'SITE000001', 'OG000033', 'COLOR', '카키', '#6b7c4a', 3, 'Y', 'SYSTEM', '2026-04-20 00:00:00') ON CONFLICT DO NOTHING;
INSERT INTO shopjoy_2604.pd_prod_opt_item (opt_item_id, site_id, opt_id, opt_type_cd, opt_nm, opt_val, sort_ord, use_yn, reg_by, reg_date) VALUES ('OI000143', 'SITE000001', 'OG000033', 'COLOR', '와인', '#722f37', 4, 'Y', 'SYSTEM', '2026-04-20 00:00:00') ON CONFLICT DO NOTHING;
INSERT INTO shopjoy_2604.pd_prod_opt_item (opt_item_id, site_id, opt_id, opt_type_cd, opt_nm, opt_val, sort_ord, use_yn, reg_by, reg_date) VALUES ('OI000144', 'SITE000001', 'OG000034', 'SIZE', 'XS', 'XS', 1, 'Y', 'SYSTEM', '2026-04-20 00:00:00') ON CONFLICT DO NOTHING;
INSERT INTO shopjoy_2604.pd_prod_opt_item (opt_item_id, site_id, opt_id, opt_type_cd, opt_nm, opt_val, sort_ord, use_yn, reg_by, reg_date) VALUES ('OI000145', 'SITE000001', 'OG000034', 'SIZE', 'S', 'S', 2, 'Y', 'SYSTEM', '2026-04-20 00:00:00') ON CONFLICT DO NOTHING;
INSERT INTO shopjoy_2604.pd_prod_opt_item (opt_item_id, site_id, opt_id, opt_type_cd, opt_nm, opt_val, sort_ord, use_yn, reg_by, reg_date) VALUES ('OI000146', 'SITE000001', 'OG000034', 'SIZE', 'M', 'M', 3, 'Y', 'SYSTEM', '2026-04-20 00:00:00') ON CONFLICT DO NOTHING;
INSERT INTO shopjoy_2604.pd_prod_opt_item (opt_item_id, site_id, opt_id, opt_type_cd, opt_nm, opt_val, sort_ord, use_yn, reg_by, reg_date) VALUES ('OI000147', 'SITE000001', 'OG000034', 'SIZE', 'L', 'L', 4, 'Y', 'SYSTEM', '2026-04-20 00:00:00') ON CONFLICT DO NOTHING;
INSERT INTO shopjoy_2604.pd_prod_opt_item (opt_item_id, site_id, opt_id, opt_type_cd, opt_nm, opt_val, sort_ord, use_yn, reg_by, reg_date) VALUES ('OI000148', 'SITE000001', 'OG000034', 'SIZE', 'XL', 'XL', 5, 'Y', 'SYSTEM', '2026-04-20 00:00:00') ON CONFLICT DO NOTHING;
INSERT INTO shopjoy_2604.pd_prod_opt_item (opt_item_id, site_id, opt_id, opt_type_cd, opt_nm, opt_val, sort_ord, use_yn, reg_by, reg_date) VALUES ('OI000149', 'SITE000001', 'OG000035', 'COLOR', '블랙체크', '#2a2a2a', 1, 'Y', 'SYSTEM', '2026-04-20 00:00:00') ON CONFLICT DO NOTHING;
INSERT INTO shopjoy_2604.pd_prod_opt_item (opt_item_id, site_id, opt_id, opt_type_cd, opt_nm, opt_val, sort_ord, use_yn, reg_by, reg_date) VALUES ('OI000150', 'SITE000001', 'OG000035', 'COLOR', '브라운체크', '#8b6040', 2, 'Y', 'SYSTEM', '2026-04-20 00:00:00') ON CONFLICT DO NOTHING;
INSERT INTO shopjoy_2604.pd_prod_opt_item (opt_item_id, site_id, opt_id, opt_type_cd, opt_nm, opt_val, sort_ord, use_yn, reg_by, reg_date) VALUES ('OI000151', 'SITE000001', 'OG000035', 'COLOR', '그린체크', '#4a7050', 3, 'Y', 'SYSTEM', '2026-04-20 00:00:00') ON CONFLICT DO NOTHING;
INSERT INTO shopjoy_2604.pd_prod_opt_item (opt_item_id, site_id, opt_id, opt_type_cd, opt_nm, opt_val, sort_ord, use_yn, reg_by, reg_date) VALUES ('OI000152', 'SITE000001', 'OG000036', 'SIZE', 'XS', 'XS', 1, 'Y', 'SYSTEM', '2026-04-20 00:00:00') ON CONFLICT DO NOTHING;
INSERT INTO shopjoy_2604.pd_prod_opt_item (opt_item_id, site_id, opt_id, opt_type_cd, opt_nm, opt_val, sort_ord, use_yn, reg_by, reg_date) VALUES ('OI000153', 'SITE000001', 'OG000036', 'SIZE', 'S', 'S', 2, 'Y', 'SYSTEM', '2026-04-20 00:00:00') ON CONFLICT DO NOTHING;
INSERT INTO shopjoy_2604.pd_prod_opt_item (opt_item_id, site_id, opt_id, opt_type_cd, opt_nm, opt_val, sort_ord, use_yn, reg_by, reg_date) VALUES ('OI000154', 'SITE000001', 'OG000036', 'SIZE', 'M', 'M', 3, 'Y', 'SYSTEM', '2026-04-20 00:00:00') ON CONFLICT DO NOTHING;
INSERT INTO shopjoy_2604.pd_prod_opt_item (opt_item_id, site_id, opt_id, opt_type_cd, opt_nm, opt_val, sort_ord, use_yn, reg_by, reg_date) VALUES ('OI000155', 'SITE000001', 'OG000036', 'SIZE', 'L', 'L', 4, 'Y', 'SYSTEM', '2026-04-20 00:00:00') ON CONFLICT DO NOTHING;
INSERT INTO shopjoy_2604.pd_prod_opt_item (opt_item_id, site_id, opt_id, opt_type_cd, opt_nm, opt_val, sort_ord, use_yn, reg_by, reg_date) VALUES ('OI000156', 'SITE000001', 'OG000037', 'COLOR', '와인', '#722f37', 1, 'Y', 'SYSTEM', '2026-04-20 00:00:00') ON CONFLICT DO NOTHING;
INSERT INTO shopjoy_2604.pd_prod_opt_item (opt_item_id, site_id, opt_id, opt_type_cd, opt_nm, opt_val, sort_ord, use_yn, reg_by, reg_date) VALUES ('OI000157', 'SITE000001', 'OG000037', 'COLOR', '블랙', '#1a1a1a', 2, 'Y', 'SYSTEM', '2026-04-20 00:00:00') ON CONFLICT DO NOTHING;
INSERT INTO shopjoy_2604.pd_prod_opt_item (opt_item_id, site_id, opt_id, opt_type_cd, opt_nm, opt_val, sort_ord, use_yn, reg_by, reg_date) VALUES ('OI000158', 'SITE000001', 'OG000037', 'COLOR', '네이비', '#1e3a5f', 3, 'Y', 'SYSTEM', '2026-04-20 00:00:00') ON CONFLICT DO NOTHING;
INSERT INTO shopjoy_2604.pd_prod_opt_item (opt_item_id, site_id, opt_id, opt_type_cd, opt_nm, opt_val, sort_ord, use_yn, reg_by, reg_date) VALUES ('OI000159', 'SITE000001', 'OG000037', 'COLOR', '모카', '#795548', 4, 'Y', 'SYSTEM', '2026-04-20 00:00:00') ON CONFLICT DO NOTHING;
INSERT INTO shopjoy_2604.pd_prod_opt_item (opt_item_id, site_id, opt_id, opt_type_cd, opt_nm, opt_val, sort_ord, use_yn, reg_by, reg_date) VALUES ('OI000160', 'SITE000001', 'OG000038', 'SIZE', 'S', 'S', 1, 'Y', 'SYSTEM', '2026-04-20 00:00:00') ON CONFLICT DO NOTHING;
INSERT INTO shopjoy_2604.pd_prod_opt_item (opt_item_id, site_id, opt_id, opt_type_cd, opt_nm, opt_val, sort_ord, use_yn, reg_by, reg_date) VALUES ('OI000161', 'SITE000001', 'OG000038', 'SIZE', 'M', 'M', 2, 'Y', 'SYSTEM', '2026-04-20 00:00:00') ON CONFLICT DO NOTHING;
INSERT INTO shopjoy_2604.pd_prod_opt_item (opt_item_id, site_id, opt_id, opt_type_cd, opt_nm, opt_val, sort_ord, use_yn, reg_by, reg_date) VALUES ('OI000162', 'SITE000001', 'OG000038', 'SIZE', 'L', 'L', 3, 'Y', 'SYSTEM', '2026-04-20 00:00:00') ON CONFLICT DO NOTHING;
INSERT INTO shopjoy_2604.pd_prod_opt_item (opt_item_id, site_id, opt_id, opt_type_cd, opt_nm, opt_val, sort_ord, use_yn, reg_by, reg_date) VALUES ('OI000163', 'SITE000001', 'OG000038', 'SIZE', 'XL', 'XL', 4, 'Y', 'SYSTEM', '2026-04-20 00:00:00') ON CONFLICT DO NOTHING;
INSERT INTO shopjoy_2604.pd_prod_opt_item (opt_item_id, site_id, opt_id, opt_type_cd, opt_nm, opt_val, sort_ord, use_yn, reg_by, reg_date) VALUES ('OI000164', 'SITE000001', 'OG000039', 'COLOR', '베이지', '#d4b896', 1, 'Y', 'SYSTEM', '2026-04-20 00:00:00') ON CONFLICT DO NOTHING;
INSERT INTO shopjoy_2604.pd_prod_opt_item (opt_item_id, site_id, opt_id, opt_type_cd, opt_nm, opt_val, sort_ord, use_yn, reg_by, reg_date) VALUES ('OI000165', 'SITE000001', 'OG000039', 'COLOR', '블랙', '#1a1a1a', 2, 'Y', 'SYSTEM', '2026-04-20 00:00:00') ON CONFLICT DO NOTHING;
INSERT INTO shopjoy_2604.pd_prod_opt_item (opt_item_id, site_id, opt_id, opt_type_cd, opt_nm, opt_val, sort_ord, use_yn, reg_by, reg_date) VALUES ('OI000166', 'SITE000001', 'OG000039', 'COLOR', '그레이', '#8a8a8a', 3, 'Y', 'SYSTEM', '2026-04-20 00:00:00') ON CONFLICT DO NOTHING;
INSERT INTO shopjoy_2604.pd_prod_opt_item (opt_item_id, site_id, opt_id, opt_type_cd, opt_nm, opt_val, sort_ord, use_yn, reg_by, reg_date) VALUES ('OI000167', 'SITE000001', 'OG000039', 'COLOR', '카키', '#6b7c4a', 4, 'Y', 'SYSTEM', '2026-04-20 00:00:00') ON CONFLICT DO NOTHING;
INSERT INTO shopjoy_2604.pd_prod_opt_item (opt_item_id, site_id, opt_id, opt_type_cd, opt_nm, opt_val, sort_ord, use_yn, reg_by, reg_date) VALUES ('OI000168', 'SITE000001', 'OG000040', 'SIZE', 'S', 'S', 1, 'Y', 'SYSTEM', '2026-04-20 00:00:00') ON CONFLICT DO NOTHING;
INSERT INTO shopjoy_2604.pd_prod_opt_item (opt_item_id, site_id, opt_id, opt_type_cd, opt_nm, opt_val, sort_ord, use_yn, reg_by, reg_date) VALUES ('OI000169', 'SITE000001', 'OG000040', 'SIZE', 'M', 'M', 2, 'Y', 'SYSTEM', '2026-04-20 00:00:00') ON CONFLICT DO NOTHING;
INSERT INTO shopjoy_2604.pd_prod_opt_item (opt_item_id, site_id, opt_id, opt_type_cd, opt_nm, opt_val, sort_ord, use_yn, reg_by, reg_date) VALUES ('OI000170', 'SITE000001', 'OG000040', 'SIZE', 'L', 'L', 3, 'Y', 'SYSTEM', '2026-04-20 00:00:00') ON CONFLICT DO NOTHING;
INSERT INTO shopjoy_2604.pd_prod_opt_item (opt_item_id, site_id, opt_id, opt_type_cd, opt_nm, opt_val, sort_ord, use_yn, reg_by, reg_date) VALUES ('OI000171', 'SITE000001', 'OG000040', 'SIZE', 'XL', 'XL', 4, 'Y', 'SYSTEM', '2026-04-20 00:00:00') ON CONFLICT DO NOTHING;
INSERT INTO shopjoy_2604.pd_prod_opt_item (opt_item_id, site_id, opt_id, opt_type_cd, opt_nm, opt_val, sort_ord, use_yn, reg_by, reg_date) VALUES ('OI000172', 'SITE000001', 'OG000040', 'SIZE', 'XXL', 'XXL', 5, 'Y', 'SYSTEM', '2026-04-20 00:00:00') ON CONFLICT DO NOTHING;
INSERT INTO shopjoy_2604.pd_prod_opt_item (opt_item_id, site_id, opt_id, opt_type_cd, opt_nm, opt_val, sort_ord, use_yn, reg_by, reg_date) VALUES ('OI000173', 'SITE000001', 'OG000041', 'COLOR', '카멜', '#c19a6b', 1, 'Y', 'SYSTEM', '2026-04-20 00:00:00') ON CONFLICT DO NOTHING;
INSERT INTO shopjoy_2604.pd_prod_opt_item (opt_item_id, site_id, opt_id, opt_type_cd, opt_nm, opt_val, sort_ord, use_yn, reg_by, reg_date) VALUES ('OI000174', 'SITE000001', 'OG000041', 'COLOR', '블랙', '#1a1a1a', 2, 'Y', 'SYSTEM', '2026-04-20 00:00:00') ON CONFLICT DO NOTHING;
INSERT INTO shopjoy_2604.pd_prod_opt_item (opt_item_id, site_id, opt_id, opt_type_cd, opt_nm, opt_val, sort_ord, use_yn, reg_by, reg_date) VALUES ('OI000175', 'SITE000001', 'OG000041', 'COLOR', '차콜', '#3a3a3a', 3, 'Y', 'SYSTEM', '2026-04-20 00:00:00') ON CONFLICT DO NOTHING;
INSERT INTO shopjoy_2604.pd_prod_opt_item (opt_item_id, site_id, opt_id, opt_type_cd, opt_nm, opt_val, sort_ord, use_yn, reg_by, reg_date) VALUES ('OI000176', 'SITE000001', 'OG000041', 'COLOR', '크림', '#f5f0e8', 4, 'Y', 'SYSTEM', '2026-04-20 00:00:00') ON CONFLICT DO NOTHING;
INSERT INTO shopjoy_2604.pd_prod_opt_item (opt_item_id, site_id, opt_id, opt_type_cd, opt_nm, opt_val, sort_ord, use_yn, reg_by, reg_date) VALUES ('OI000177', 'SITE000001', 'OG000042', 'SIZE', 'S', 'S', 1, 'Y', 'SYSTEM', '2026-04-20 00:00:00') ON CONFLICT DO NOTHING;
INSERT INTO shopjoy_2604.pd_prod_opt_item (opt_item_id, site_id, opt_id, opt_type_cd, opt_nm, opt_val, sort_ord, use_yn, reg_by, reg_date) VALUES ('OI000178', 'SITE000001', 'OG000042', 'SIZE', 'M', 'M', 2, 'Y', 'SYSTEM', '2026-04-20 00:00:00') ON CONFLICT DO NOTHING;
INSERT INTO shopjoy_2604.pd_prod_opt_item (opt_item_id, site_id, opt_id, opt_type_cd, opt_nm, opt_val, sort_ord, use_yn, reg_by, reg_date) VALUES ('OI000179', 'SITE000001', 'OG000042', 'SIZE', 'L', 'L', 3, 'Y', 'SYSTEM', '2026-04-20 00:00:00') ON CONFLICT DO NOTHING;
INSERT INTO shopjoy_2604.pd_prod_opt_item (opt_item_id, site_id, opt_id, opt_type_cd, opt_nm, opt_val, sort_ord, use_yn, reg_by, reg_date) VALUES ('OI000180', 'SITE000001', 'OG000042', 'SIZE', 'XL', 'XL', 4, 'Y', 'SYSTEM', '2026-04-20 00:00:00') ON CONFLICT DO NOTHING;
INSERT INTO shopjoy_2604.pd_prod_opt_item (opt_item_id, site_id, opt_id, opt_type_cd, opt_nm, opt_val, sort_ord, use_yn, reg_by, reg_date) VALUES ('OI000181', 'SITE000001', 'OG000043', 'COLOR', '블랙', '#1a1a1a', 1, 'Y', 'SYSTEM', '2026-04-20 00:00:00') ON CONFLICT DO NOTHING;
INSERT INTO shopjoy_2604.pd_prod_opt_item (opt_item_id, site_id, opt_id, opt_type_cd, opt_nm, opt_val, sort_ord, use_yn, reg_by, reg_date) VALUES ('OI000182', 'SITE000001', 'OG000043', 'COLOR', '올리브', '#5a6a3a', 2, 'Y', 'SYSTEM', '2026-04-20 00:00:00') ON CONFLICT DO NOTHING;
INSERT INTO shopjoy_2604.pd_prod_opt_item (opt_item_id, site_id, opt_id, opt_type_cd, opt_nm, opt_val, sort_ord, use_yn, reg_by, reg_date) VALUES ('OI000183', 'SITE000001', 'OG000043', 'COLOR', '버건디', '#7a1a2a', 3, 'Y', 'SYSTEM', '2026-04-20 00:00:00') ON CONFLICT DO NOTHING;
INSERT INTO shopjoy_2604.pd_prod_opt_item (opt_item_id, site_id, opt_id, opt_type_cd, opt_nm, opt_val, sort_ord, use_yn, reg_by, reg_date) VALUES ('OI000184', 'SITE000001', 'OG000043', 'COLOR', '크림', '#f5f0e8', 4, 'Y', 'SYSTEM', '2026-04-20 00:00:00') ON CONFLICT DO NOTHING;
INSERT INTO shopjoy_2604.pd_prod_opt_item (opt_item_id, site_id, opt_id, opt_type_cd, opt_nm, opt_val, sort_ord, use_yn, reg_by, reg_date) VALUES ('OI000185', 'SITE000001', 'OG000044', 'SIZE', 'S', 'S', 1, 'Y', 'SYSTEM', '2026-04-20 00:00:00') ON CONFLICT DO NOTHING;
INSERT INTO shopjoy_2604.pd_prod_opt_item (opt_item_id, site_id, opt_id, opt_type_cd, opt_nm, opt_val, sort_ord, use_yn, reg_by, reg_date) VALUES ('OI000186', 'SITE000001', 'OG000044', 'SIZE', 'M', 'M', 2, 'Y', 'SYSTEM', '2026-04-20 00:00:00') ON CONFLICT DO NOTHING;
INSERT INTO shopjoy_2604.pd_prod_opt_item (opt_item_id, site_id, opt_id, opt_type_cd, opt_nm, opt_val, sort_ord, use_yn, reg_by, reg_date) VALUES ('OI000187', 'SITE000001', 'OG000044', 'SIZE', 'L', 'L', 3, 'Y', 'SYSTEM', '2026-04-20 00:00:00') ON CONFLICT DO NOTHING;
INSERT INTO shopjoy_2604.pd_prod_opt_item (opt_item_id, site_id, opt_id, opt_type_cd, opt_nm, opt_val, sort_ord, use_yn, reg_by, reg_date) VALUES ('OI000188', 'SITE000001', 'OG000044', 'SIZE', 'XL', 'XL', 4, 'Y', 'SYSTEM', '2026-04-20 00:00:00') ON CONFLICT DO NOTHING;
INSERT INTO shopjoy_2604.pd_prod_opt_item (opt_item_id, site_id, opt_id, opt_type_cd, opt_nm, opt_val, sort_ord, use_yn, reg_by, reg_date) VALUES ('OI000189', 'SITE000001', 'OG000045', 'COLOR', '그레이', '#8a8a8a', 1, 'Y', 'SYSTEM', '2026-04-20 00:00:00') ON CONFLICT DO NOTHING;
INSERT INTO shopjoy_2604.pd_prod_opt_item (opt_item_id, site_id, opt_id, opt_type_cd, opt_nm, opt_val, sort_ord, use_yn, reg_by, reg_date) VALUES ('OI000190', 'SITE000001', 'OG000045', 'COLOR', '블랙', '#1a1a1a', 2, 'Y', 'SYSTEM', '2026-04-20 00:00:00') ON CONFLICT DO NOTHING;
INSERT INTO shopjoy_2604.pd_prod_opt_item (opt_item_id, site_id, opt_id, opt_type_cd, opt_nm, opt_val, sort_ord, use_yn, reg_by, reg_date) VALUES ('OI000191', 'SITE000001', 'OG000045', 'COLOR', '베이지', '#d4b896', 3, 'Y', 'SYSTEM', '2026-04-20 00:00:00') ON CONFLICT DO NOTHING;
INSERT INTO shopjoy_2604.pd_prod_opt_item (opt_item_id, site_id, opt_id, opt_type_cd, opt_nm, opt_val, sort_ord, use_yn, reg_by, reg_date) VALUES ('OI000192', 'SITE000001', 'OG000045', 'COLOR', '올리브', '#5a6a3a', 4, 'Y', 'SYSTEM', '2026-04-20 00:00:00') ON CONFLICT DO NOTHING;
INSERT INTO shopjoy_2604.pd_prod_opt_item (opt_item_id, site_id, opt_id, opt_type_cd, opt_nm, opt_val, sort_ord, use_yn, reg_by, reg_date) VALUES ('OI000193', 'SITE000001', 'OG000046', 'SIZE', 'S', 'S', 1, 'Y', 'SYSTEM', '2026-04-20 00:00:00') ON CONFLICT DO NOTHING;
INSERT INTO shopjoy_2604.pd_prod_opt_item (opt_item_id, site_id, opt_id, opt_type_cd, opt_nm, opt_val, sort_ord, use_yn, reg_by, reg_date) VALUES ('OI000194', 'SITE000001', 'OG000046', 'SIZE', 'M', 'M', 2, 'Y', 'SYSTEM', '2026-04-20 00:00:00') ON CONFLICT DO NOTHING;
INSERT INTO shopjoy_2604.pd_prod_opt_item (opt_item_id, site_id, opt_id, opt_type_cd, opt_nm, opt_val, sort_ord, use_yn, reg_by, reg_date) VALUES ('OI000195', 'SITE000001', 'OG000046', 'SIZE', 'L', 'L', 3, 'Y', 'SYSTEM', '2026-04-20 00:00:00') ON CONFLICT DO NOTHING;
INSERT INTO shopjoy_2604.pd_prod_opt_item (opt_item_id, site_id, opt_id, opt_type_cd, opt_nm, opt_val, sort_ord, use_yn, reg_by, reg_date) VALUES ('OI000196', 'SITE000001', 'OG000046', 'SIZE', 'XL', 'XL', 4, 'Y', 'SYSTEM', '2026-04-20 00:00:00') ON CONFLICT DO NOTHING;
INSERT INTO shopjoy_2604.pd_prod_opt_item (opt_item_id, site_id, opt_id, opt_type_cd, opt_nm, opt_val, sort_ord, use_yn, reg_by, reg_date) VALUES ('OI000197', 'SITE000001', 'OG000046', 'SIZE', 'XXL', 'XXL', 5, 'Y', 'SYSTEM', '2026-04-20 00:00:00') ON CONFLICT DO NOTHING;
INSERT INTO shopjoy_2604.pd_prod_opt_item (opt_item_id, site_id, opt_id, opt_type_cd, opt_nm, opt_val, sort_ord, use_yn, reg_by, reg_date) VALUES ('OI000198', 'SITE000001', 'OG000047', 'COLOR', '블랙', '#1a1a1a', 1, 'Y', 'SYSTEM', '2026-04-20 00:00:00') ON CONFLICT DO NOTHING;
INSERT INTO shopjoy_2604.pd_prod_opt_item (opt_item_id, site_id, opt_id, opt_type_cd, opt_nm, opt_val, sort_ord, use_yn, reg_by, reg_date) VALUES ('OI000199', 'SITE000001', 'OG000047', 'COLOR', '브라운', '#8b5a2b', 2, 'Y', 'SYSTEM', '2026-04-20 00:00:00') ON CONFLICT DO NOTHING;
INSERT INTO shopjoy_2604.pd_prod_opt_item (opt_item_id, site_id, opt_id, opt_type_cd, opt_nm, opt_val, sort_ord, use_yn, reg_by, reg_date) VALUES ('OI000200', 'SITE000001', 'OG000047', 'COLOR', '와인', '#722f37', 3, 'Y', 'SYSTEM', '2026-04-20 00:00:00') ON CONFLICT DO NOTHING;
INSERT INTO shopjoy_2604.pd_prod_opt_item (opt_item_id, site_id, opt_id, opt_type_cd, opt_nm, opt_val, sort_ord, use_yn, reg_by, reg_date) VALUES ('OI000201', 'SITE000001', 'OG000048', 'SIZE', 'S', 'S', 1, 'Y', 'SYSTEM', '2026-04-20 00:00:00') ON CONFLICT DO NOTHING;
INSERT INTO shopjoy_2604.pd_prod_opt_item (opt_item_id, site_id, opt_id, opt_type_cd, opt_nm, opt_val, sort_ord, use_yn, reg_by, reg_date) VALUES ('OI000202', 'SITE000001', 'OG000048', 'SIZE', 'M', 'M', 2, 'Y', 'SYSTEM', '2026-04-20 00:00:00') ON CONFLICT DO NOTHING;
INSERT INTO shopjoy_2604.pd_prod_opt_item (opt_item_id, site_id, opt_id, opt_type_cd, opt_nm, opt_val, sort_ord, use_yn, reg_by, reg_date) VALUES ('OI000203', 'SITE000001', 'OG000048', 'SIZE', 'L', 'L', 3, 'Y', 'SYSTEM', '2026-04-20 00:00:00') ON CONFLICT DO NOTHING;
INSERT INTO shopjoy_2604.pd_prod_opt_item (opt_item_id, site_id, opt_id, opt_type_cd, opt_nm, opt_val, sort_ord, use_yn, reg_by, reg_date) VALUES ('OI000204', 'SITE000001', 'OG000048', 'SIZE', 'XL', 'XL', 4, 'Y', 'SYSTEM', '2026-04-20 00:00:00') ON CONFLICT DO NOTHING;
INSERT INTO shopjoy_2604.pd_prod_opt_item (opt_item_id, site_id, opt_id, opt_type_cd, opt_nm, opt_val, sort_ord, use_yn, reg_by, reg_date) VALUES ('OI000205', 'SITE000001', 'OG000049', 'COLOR', '베이지', '#d4b896', 1, 'Y', 'SYSTEM', '2026-04-20 00:00:00') ON CONFLICT DO NOTHING;
INSERT INTO shopjoy_2604.pd_prod_opt_item (opt_item_id, site_id, opt_id, opt_type_cd, opt_nm, opt_val, sort_ord, use_yn, reg_by, reg_date) VALUES ('OI000206', 'SITE000001', 'OG000049', 'COLOR', '블랙', '#1a1a1a', 2, 'Y', 'SYSTEM', '2026-04-20 00:00:00') ON CONFLICT DO NOTHING;
INSERT INTO shopjoy_2604.pd_prod_opt_item (opt_item_id, site_id, opt_id, opt_type_cd, opt_nm, opt_val, sort_ord, use_yn, reg_by, reg_date) VALUES ('OI000207', 'SITE000001', 'OG000049', 'COLOR', '그레이', '#8a8a8a', 3, 'Y', 'SYSTEM', '2026-04-20 00:00:00') ON CONFLICT DO NOTHING;
INSERT INTO shopjoy_2604.pd_prod_opt_item (opt_item_id, site_id, opt_id, opt_type_cd, opt_nm, opt_val, sort_ord, use_yn, reg_by, reg_date) VALUES ('OI000208', 'SITE000001', 'OG000049', 'COLOR', '네이비', '#1e3a5f', 4, 'Y', 'SYSTEM', '2026-04-20 00:00:00') ON CONFLICT DO NOTHING;
INSERT INTO shopjoy_2604.pd_prod_opt_item (opt_item_id, site_id, opt_id, opt_type_cd, opt_nm, opt_val, sort_ord, use_yn, reg_by, reg_date) VALUES ('OI000209', 'SITE000001', 'OG000050', 'SIZE', 'S', 'S', 1, 'Y', 'SYSTEM', '2026-04-20 00:00:00') ON CONFLICT DO NOTHING;
INSERT INTO shopjoy_2604.pd_prod_opt_item (opt_item_id, site_id, opt_id, opt_type_cd, opt_nm, opt_val, sort_ord, use_yn, reg_by, reg_date) VALUES ('OI000210', 'SITE000001', 'OG000050', 'SIZE', 'M', 'M', 2, 'Y', 'SYSTEM', '2026-04-20 00:00:00') ON CONFLICT DO NOTHING;
INSERT INTO shopjoy_2604.pd_prod_opt_item (opt_item_id, site_id, opt_id, opt_type_cd, opt_nm, opt_val, sort_ord, use_yn, reg_by, reg_date) VALUES ('OI000211', 'SITE000001', 'OG000050', 'SIZE', 'L', 'L', 3, 'Y', 'SYSTEM', '2026-04-20 00:00:00') ON CONFLICT DO NOTHING;
INSERT INTO shopjoy_2604.pd_prod_opt_item (opt_item_id, site_id, opt_id, opt_type_cd, opt_nm, opt_val, sort_ord, use_yn, reg_by, reg_date) VALUES ('OI000212', 'SITE000001', 'OG000050', 'SIZE', 'XL', 'XL', 4, 'Y', 'SYSTEM', '2026-04-20 00:00:00') ON CONFLICT DO NOTHING;
INSERT INTO shopjoy_2604.pd_prod_opt_item (opt_item_id, site_id, opt_id, opt_type_cd, opt_nm, opt_val, sort_ord, use_yn, reg_by, reg_date) VALUES ('OI000213', 'SITE000001', 'OG000051', 'COLOR', '블랙', '#1a1a1a', 1, 'Y', 'SYSTEM', '2026-04-20 00:00:00') ON CONFLICT DO NOTHING;
INSERT INTO shopjoy_2604.pd_prod_opt_item (opt_item_id, site_id, opt_id, opt_type_cd, opt_nm, opt_val, sort_ord, use_yn, reg_by, reg_date) VALUES ('OI000214', 'SITE000001', 'OG000051', 'COLOR', '카키', '#6b7c4a', 2, 'Y', 'SYSTEM', '2026-04-20 00:00:00') ON CONFLICT DO NOTHING;
INSERT INTO shopjoy_2604.pd_prod_opt_item (opt_item_id, site_id, opt_id, opt_type_cd, opt_nm, opt_val, sort_ord, use_yn, reg_by, reg_date) VALUES ('OI000215', 'SITE000001', 'OG000051', 'COLOR', '네이비', '#1e3a5f', 3, 'Y', 'SYSTEM', '2026-04-20 00:00:00') ON CONFLICT DO NOTHING;
INSERT INTO shopjoy_2604.pd_prod_opt_item (opt_item_id, site_id, opt_id, opt_type_cd, opt_nm, opt_val, sort_ord, use_yn, reg_by, reg_date) VALUES ('OI000216', 'SITE000001', 'OG000051', 'COLOR', '오렌지', '#f5a05a', 4, 'Y', 'SYSTEM', '2026-04-20 00:00:00') ON CONFLICT DO NOTHING;
INSERT INTO shopjoy_2604.pd_prod_opt_item (opt_item_id, site_id, opt_id, opt_type_cd, opt_nm, opt_val, sort_ord, use_yn, reg_by, reg_date) VALUES ('OI000217', 'SITE000001', 'OG000052', 'SIZE', 'S', 'S', 1, 'Y', 'SYSTEM', '2026-04-20 00:00:00') ON CONFLICT DO NOTHING;
INSERT INTO shopjoy_2604.pd_prod_opt_item (opt_item_id, site_id, opt_id, opt_type_cd, opt_nm, opt_val, sort_ord, use_yn, reg_by, reg_date) VALUES ('OI000218', 'SITE000001', 'OG000052', 'SIZE', 'M', 'M', 2, 'Y', 'SYSTEM', '2026-04-20 00:00:00') ON CONFLICT DO NOTHING;
INSERT INTO shopjoy_2604.pd_prod_opt_item (opt_item_id, site_id, opt_id, opt_type_cd, opt_nm, opt_val, sort_ord, use_yn, reg_by, reg_date) VALUES ('OI000219', 'SITE000001', 'OG000052', 'SIZE', 'L', 'L', 3, 'Y', 'SYSTEM', '2026-04-20 00:00:00') ON CONFLICT DO NOTHING;
INSERT INTO shopjoy_2604.pd_prod_opt_item (opt_item_id, site_id, opt_id, opt_type_cd, opt_nm, opt_val, sort_ord, use_yn, reg_by, reg_date) VALUES ('OI000220', 'SITE000001', 'OG000052', 'SIZE', 'XL', 'XL', 4, 'Y', 'SYSTEM', '2026-04-20 00:00:00') ON CONFLICT DO NOTHING;
INSERT INTO shopjoy_2604.pd_prod_opt_item (opt_item_id, site_id, opt_id, opt_type_cd, opt_nm, opt_val, sort_ord, use_yn, reg_by, reg_date) VALUES ('OI000221', 'SITE000001', 'OG000052', 'SIZE', 'XXL', 'XXL', 5, 'Y', 'SYSTEM', '2026-04-20 00:00:00') ON CONFLICT DO NOTHING;
INSERT INTO shopjoy_2604.pd_prod_opt_item (opt_item_id, site_id, opt_id, opt_type_cd, opt_nm, opt_val, sort_ord, use_yn, reg_by, reg_date) VALUES ('OI000222', 'SITE000001', 'OG000053', 'COLOR', '블랙', '#1a1a1a', 1, 'Y', 'SYSTEM', '2026-04-20 00:00:00') ON CONFLICT DO NOTHING;
INSERT INTO shopjoy_2604.pd_prod_opt_item (opt_item_id, site_id, opt_id, opt_type_cd, opt_nm, opt_val, sort_ord, use_yn, reg_by, reg_date) VALUES ('OI000223', 'SITE000001', 'OG000053', 'COLOR', '카멜', '#c19a6b', 2, 'Y', 'SYSTEM', '2026-04-20 00:00:00') ON CONFLICT DO NOTHING;
INSERT INTO shopjoy_2604.pd_prod_opt_item (opt_item_id, site_id, opt_id, opt_type_cd, opt_nm, opt_val, sort_ord, use_yn, reg_by, reg_date) VALUES ('OI000224', 'SITE000001', 'OG000053', 'COLOR', '그레이', '#8a8a8a', 3, 'Y', 'SYSTEM', '2026-04-20 00:00:00') ON CONFLICT DO NOTHING;
INSERT INTO shopjoy_2604.pd_prod_opt_item (opt_item_id, site_id, opt_id, opt_type_cd, opt_nm, opt_val, sort_ord, use_yn, reg_by, reg_date) VALUES ('OI000225', 'SITE000001', 'OG000054', 'SIZE', 'S', 'S', 1, 'Y', 'SYSTEM', '2026-04-20 00:00:00') ON CONFLICT DO NOTHING;
INSERT INTO shopjoy_2604.pd_prod_opt_item (opt_item_id, site_id, opt_id, opt_type_cd, opt_nm, opt_val, sort_ord, use_yn, reg_by, reg_date) VALUES ('OI000226', 'SITE000001', 'OG000054', 'SIZE', 'M', 'M', 2, 'Y', 'SYSTEM', '2026-04-20 00:00:00') ON CONFLICT DO NOTHING;
INSERT INTO shopjoy_2604.pd_prod_opt_item (opt_item_id, site_id, opt_id, opt_type_cd, opt_nm, opt_val, sort_ord, use_yn, reg_by, reg_date) VALUES ('OI000227', 'SITE000001', 'OG000054', 'SIZE', 'L', 'L', 3, 'Y', 'SYSTEM', '2026-04-20 00:00:00') ON CONFLICT DO NOTHING;
INSERT INTO shopjoy_2604.pd_prod_opt_item (opt_item_id, site_id, opt_id, opt_type_cd, opt_nm, opt_val, sort_ord, use_yn, reg_by, reg_date) VALUES ('OI000228', 'SITE000001', 'OG000054', 'SIZE', 'XL', 'XL', 4, 'Y', 'SYSTEM', '2026-04-20 00:00:00') ON CONFLICT DO NOTHING;
INSERT INTO shopjoy_2604.pd_prod_opt_item (opt_item_id, site_id, opt_id, opt_type_cd, opt_nm, opt_val, sort_ord, use_yn, reg_by, reg_date) VALUES ('OI000229', 'SITE000001', 'OG000055', 'COLOR', '라이트블루', '#7bafd4', 1, 'Y', 'SYSTEM', '2026-04-20 00:00:00') ON CONFLICT DO NOTHING;
INSERT INTO shopjoy_2604.pd_prod_opt_item (opt_item_id, site_id, opt_id, opt_type_cd, opt_nm, opt_val, sort_ord, use_yn, reg_by, reg_date) VALUES ('OI000230', 'SITE000001', 'OG000055', 'COLOR', '미드블루', '#3f6fa8', 2, 'Y', 'SYSTEM', '2026-04-20 00:00:00') ON CONFLICT DO NOTHING;
INSERT INTO shopjoy_2604.pd_prod_opt_item (opt_item_id, site_id, opt_id, opt_type_cd, opt_nm, opt_val, sort_ord, use_yn, reg_by, reg_date) VALUES ('OI000231', 'SITE000001', 'OG000055', 'COLOR', '블랙', '#1a1a1a', 3, 'Y', 'SYSTEM', '2026-04-20 00:00:00') ON CONFLICT DO NOTHING;
INSERT INTO shopjoy_2604.pd_prod_opt_item (opt_item_id, site_id, opt_id, opt_type_cd, opt_nm, opt_val, sort_ord, use_yn, reg_by, reg_date) VALUES ('OI000232', 'SITE000001', 'OG000056', 'SIZE', 'S', 'S', 1, 'Y', 'SYSTEM', '2026-04-20 00:00:00') ON CONFLICT DO NOTHING;
INSERT INTO shopjoy_2604.pd_prod_opt_item (opt_item_id, site_id, opt_id, opt_type_cd, opt_nm, opt_val, sort_ord, use_yn, reg_by, reg_date) VALUES ('OI000233', 'SITE000001', 'OG000056', 'SIZE', 'M', 'M', 2, 'Y', 'SYSTEM', '2026-04-20 00:00:00') ON CONFLICT DO NOTHING;
INSERT INTO shopjoy_2604.pd_prod_opt_item (opt_item_id, site_id, opt_id, opt_type_cd, opt_nm, opt_val, sort_ord, use_yn, reg_by, reg_date) VALUES ('OI000234', 'SITE000001', 'OG000056', 'SIZE', 'L', 'L', 3, 'Y', 'SYSTEM', '2026-04-20 00:00:00') ON CONFLICT DO NOTHING;
INSERT INTO shopjoy_2604.pd_prod_opt_item (opt_item_id, site_id, opt_id, opt_type_cd, opt_nm, opt_val, sort_ord, use_yn, reg_by, reg_date) VALUES ('OI000235', 'SITE000001', 'OG000056', 'SIZE', 'XL', 'XL', 4, 'Y', 'SYSTEM', '2026-04-20 00:00:00') ON CONFLICT DO NOTHING;
INSERT INTO shopjoy_2604.pd_prod_opt_item (opt_item_id, site_id, opt_id, opt_type_cd, opt_nm, opt_val, sort_ord, use_yn, reg_by, reg_date) VALUES ('OI000236', 'SITE000001', 'OG000056', 'SIZE', 'XXL', 'XXL', 5, 'Y', 'SYSTEM', '2026-04-20 00:00:00') ON CONFLICT DO NOTHING;
INSERT INTO shopjoy_2604.pd_prod_opt_item (opt_item_id, site_id, opt_id, opt_type_cd, opt_nm, opt_val, sort_ord, use_yn, reg_by, reg_date) VALUES ('OI000237', 'SITE000001', 'OG000057', 'COLOR', '블랙', '#1a1a1a', 1, 'Y', 'SYSTEM', '2026-04-20 00:00:00') ON CONFLICT DO NOTHING;
INSERT INTO shopjoy_2604.pd_prod_opt_item (opt_item_id, site_id, opt_id, opt_type_cd, opt_nm, opt_val, sort_ord, use_yn, reg_by, reg_date) VALUES ('OI000238', 'SITE000001', 'OG000057', 'COLOR', '카키', '#6b7c4a', 2, 'Y', 'SYSTEM', '2026-04-20 00:00:00') ON CONFLICT DO NOTHING;
INSERT INTO shopjoy_2604.pd_prod_opt_item (opt_item_id, site_id, opt_id, opt_type_cd, opt_nm, opt_val, sort_ord, use_yn, reg_by, reg_date) VALUES ('OI000239', 'SITE000001', 'OG000057', 'COLOR', '네이비', '#1e3a5f', 3, 'Y', 'SYSTEM', '2026-04-20 00:00:00') ON CONFLICT DO NOTHING;
INSERT INTO shopjoy_2604.pd_prod_opt_item (opt_item_id, site_id, opt_id, opt_type_cd, opt_nm, opt_val, sort_ord, use_yn, reg_by, reg_date) VALUES ('OI000240', 'SITE000001', 'OG000057', 'COLOR', '그레이', '#8a8a8a', 4, 'Y', 'SYSTEM', '2026-04-20 00:00:00') ON CONFLICT DO NOTHING;
INSERT INTO shopjoy_2604.pd_prod_opt_item (opt_item_id, site_id, opt_id, opt_type_cd, opt_nm, opt_val, sort_ord, use_yn, reg_by, reg_date) VALUES ('OI000241', 'SITE000001', 'OG000058', 'SIZE', 'S', 'S', 1, 'Y', 'SYSTEM', '2026-04-20 00:00:00') ON CONFLICT DO NOTHING;
INSERT INTO shopjoy_2604.pd_prod_opt_item (opt_item_id, site_id, opt_id, opt_type_cd, opt_nm, opt_val, sort_ord, use_yn, reg_by, reg_date) VALUES ('OI000242', 'SITE000001', 'OG000058', 'SIZE', 'M', 'M', 2, 'Y', 'SYSTEM', '2026-04-20 00:00:00') ON CONFLICT DO NOTHING;
INSERT INTO shopjoy_2604.pd_prod_opt_item (opt_item_id, site_id, opt_id, opt_type_cd, opt_nm, opt_val, sort_ord, use_yn, reg_by, reg_date) VALUES ('OI000243', 'SITE000001', 'OG000058', 'SIZE', 'L', 'L', 3, 'Y', 'SYSTEM', '2026-04-20 00:00:00') ON CONFLICT DO NOTHING;
INSERT INTO shopjoy_2604.pd_prod_opt_item (opt_item_id, site_id, opt_id, opt_type_cd, opt_nm, opt_val, sort_ord, use_yn, reg_by, reg_date) VALUES ('OI000244', 'SITE000001', 'OG000058', 'SIZE', 'XL', 'XL', 4, 'Y', 'SYSTEM', '2026-04-20 00:00:00') ON CONFLICT DO NOTHING;
INSERT INTO shopjoy_2604.pd_prod_opt_item (opt_item_id, site_id, opt_id, opt_type_cd, opt_nm, opt_val, sort_ord, use_yn, reg_by, reg_date) VALUES ('OI000245', 'SITE000001', 'OG000058', 'SIZE', 'XXL', 'XXL', 5, 'Y', 'SYSTEM', '2026-04-20 00:00:00') ON CONFLICT DO NOTHING;
INSERT INTO shopjoy_2604.pd_prod_opt_item (opt_item_id, site_id, opt_id, opt_type_cd, opt_nm, opt_val, sort_ord, use_yn, reg_by, reg_date) VALUES ('OI000246', 'SITE000001', 'OG000059', 'COLOR', '아이보리', '#f5f0e0', 1, 'Y', 'SYSTEM', '2026-04-20 00:00:00') ON CONFLICT DO NOTHING;
INSERT INTO shopjoy_2604.pd_prod_opt_item (opt_item_id, site_id, opt_id, opt_type_cd, opt_nm, opt_val, sort_ord, use_yn, reg_by, reg_date) VALUES ('OI000247', 'SITE000001', 'OG000059', 'COLOR', '베이지', '#d4b896', 2, 'Y', 'SYSTEM', '2026-04-20 00:00:00') ON CONFLICT DO NOTHING;
INSERT INTO shopjoy_2604.pd_prod_opt_item (opt_item_id, site_id, opt_id, opt_type_cd, opt_nm, opt_val, sort_ord, use_yn, reg_by, reg_date) VALUES ('OI000248', 'SITE000001', 'OG000059', 'COLOR', '그레이', '#8a8a8a', 3, 'Y', 'SYSTEM', '2026-04-20 00:00:00') ON CONFLICT DO NOTHING;
INSERT INTO shopjoy_2604.pd_prod_opt_item (opt_item_id, site_id, opt_id, opt_type_cd, opt_nm, opt_val, sort_ord, use_yn, reg_by, reg_date) VALUES ('OI000249', 'SITE000001', 'OG000059', 'COLOR', '블랙', '#1a1a1a', 4, 'Y', 'SYSTEM', '2026-04-20 00:00:00') ON CONFLICT DO NOTHING;
INSERT INTO shopjoy_2604.pd_prod_opt_item (opt_item_id, site_id, opt_id, opt_type_cd, opt_nm, opt_val, sort_ord, use_yn, reg_by, reg_date) VALUES ('OI000250', 'SITE000001', 'OG000059', 'COLOR', '와인', '#722f37', 5, 'Y', 'SYSTEM', '2026-04-20 00:00:00') ON CONFLICT DO NOTHING;
INSERT INTO shopjoy_2604.pd_prod_opt_item (opt_item_id, site_id, opt_id, opt_type_cd, opt_nm, opt_val, sort_ord, use_yn, reg_by, reg_date) VALUES ('OI000251', 'SITE000001', 'OG000060', 'SIZE', 'S', 'S', 1, 'Y', 'SYSTEM', '2026-04-20 00:00:00') ON CONFLICT DO NOTHING;
INSERT INTO shopjoy_2604.pd_prod_opt_item (opt_item_id, site_id, opt_id, opt_type_cd, opt_nm, opt_val, sort_ord, use_yn, reg_by, reg_date) VALUES ('OI000252', 'SITE000001', 'OG000060', 'SIZE', 'M', 'M', 2, 'Y', 'SYSTEM', '2026-04-20 00:00:00') ON CONFLICT DO NOTHING;
INSERT INTO shopjoy_2604.pd_prod_opt_item (opt_item_id, site_id, opt_id, opt_type_cd, opt_nm, opt_val, sort_ord, use_yn, reg_by, reg_date) VALUES ('OI000253', 'SITE000001', 'OG000060', 'SIZE', 'L', 'L', 3, 'Y', 'SYSTEM', '2026-04-20 00:00:00') ON CONFLICT DO NOTHING;
INSERT INTO shopjoy_2604.pd_prod_opt_item (opt_item_id, site_id, opt_id, opt_type_cd, opt_nm, opt_val, sort_ord, use_yn, reg_by, reg_date) VALUES ('OI000254', 'SITE000001', 'OG000060', 'SIZE', 'XL', 'XL', 4, 'Y', 'SYSTEM', '2026-04-20 00:00:00') ON CONFLICT DO NOTHING;
INSERT INTO shopjoy_2604.pd_prod_opt_item (opt_item_id, site_id, opt_id, opt_type_cd, opt_nm, opt_val, sort_ord, use_yn, reg_by, reg_date) VALUES ('OI000255', 'SITE000001', 'OG000061', 'COLOR', '핑크플로럴', '#e8a0b4', 1, 'Y', 'SYSTEM', '2026-04-20 00:00:00') ON CONFLICT DO NOTHING;
INSERT INTO shopjoy_2604.pd_prod_opt_item (opt_item_id, site_id, opt_id, opt_type_cd, opt_nm, opt_val, sort_ord, use_yn, reg_by, reg_date) VALUES ('OI000256', 'SITE000001', 'OG000061', 'COLOR', '블루플로럴', '#a0b8e8', 2, 'Y', 'SYSTEM', '2026-04-20 00:00:00') ON CONFLICT DO NOTHING;
INSERT INTO shopjoy_2604.pd_prod_opt_item (opt_item_id, site_id, opt_id, opt_type_cd, opt_nm, opt_val, sort_ord, use_yn, reg_by, reg_date) VALUES ('OI000257', 'SITE000001', 'OG000061', 'COLOR', '화이트플로럴', '#f5f5f0', 3, 'Y', 'SYSTEM', '2026-04-20 00:00:00') ON CONFLICT DO NOTHING;
INSERT INTO shopjoy_2604.pd_prod_opt_item (opt_item_id, site_id, opt_id, opt_type_cd, opt_nm, opt_val, sort_ord, use_yn, reg_by, reg_date) VALUES ('OI000258', 'SITE000001', 'OG000062', 'SIZE', 'XS', 'XS', 1, 'Y', 'SYSTEM', '2026-04-20 00:00:00') ON CONFLICT DO NOTHING;
INSERT INTO shopjoy_2604.pd_prod_opt_item (opt_item_id, site_id, opt_id, opt_type_cd, opt_nm, opt_val, sort_ord, use_yn, reg_by, reg_date) VALUES ('OI000259', 'SITE000001', 'OG000062', 'SIZE', 'S', 'S', 2, 'Y', 'SYSTEM', '2026-04-20 00:00:00') ON CONFLICT DO NOTHING;
INSERT INTO shopjoy_2604.pd_prod_opt_item (opt_item_id, site_id, opt_id, opt_type_cd, opt_nm, opt_val, sort_ord, use_yn, reg_by, reg_date) VALUES ('OI000260', 'SITE000001', 'OG000062', 'SIZE', 'M', 'M', 3, 'Y', 'SYSTEM', '2026-04-20 00:00:00') ON CONFLICT DO NOTHING;
INSERT INTO shopjoy_2604.pd_prod_opt_item (opt_item_id, site_id, opt_id, opt_type_cd, opt_nm, opt_val, sort_ord, use_yn, reg_by, reg_date) VALUES ('OI000261', 'SITE000001', 'OG000062', 'SIZE', 'L', 'L', 4, 'Y', 'SYSTEM', '2026-04-20 00:00:00') ON CONFLICT DO NOTHING;
INSERT INTO shopjoy_2604.pd_prod_opt_item (opt_item_id, site_id, opt_id, opt_type_cd, opt_nm, opt_val, sort_ord, use_yn, reg_by, reg_date) VALUES ('OI000262', 'SITE000001', 'OG000063', 'COLOR', '블랙', '#1a1a1a', 1, 'Y', 'SYSTEM', '2026-04-20 00:00:00') ON CONFLICT DO NOTHING;
INSERT INTO shopjoy_2604.pd_prod_opt_item (opt_item_id, site_id, opt_id, opt_type_cd, opt_nm, opt_val, sort_ord, use_yn, reg_by, reg_date) VALUES ('OI000263', 'SITE000001', 'OG000063', 'COLOR', '화이트', '#f5f0eb', 2, 'Y', 'SYSTEM', '2026-04-20 00:00:00') ON CONFLICT DO NOTHING;
INSERT INTO shopjoy_2604.pd_prod_opt_item (opt_item_id, site_id, opt_id, opt_type_cd, opt_nm, opt_val, sort_ord, use_yn, reg_by, reg_date) VALUES ('OI000264', 'SITE000001', 'OG000063', 'COLOR', '핑크', '#e8a0b4', 3, 'Y', 'SYSTEM', '2026-04-20 00:00:00') ON CONFLICT DO NOTHING;
INSERT INTO shopjoy_2604.pd_prod_opt_item (opt_item_id, site_id, opt_id, opt_type_cd, opt_nm, opt_val, sort_ord, use_yn, reg_by, reg_date) VALUES ('OI000265', 'SITE000001', 'OG000063', 'COLOR', '네이비', '#1e3a5f', 4, 'Y', 'SYSTEM', '2026-04-20 00:00:00') ON CONFLICT DO NOTHING;
INSERT INTO shopjoy_2604.pd_prod_opt_item (opt_item_id, site_id, opt_id, opt_type_cd, opt_nm, opt_val, sort_ord, use_yn, reg_by, reg_date) VALUES ('OI000266', 'SITE000001', 'OG000064', 'SIZE', 'XS', 'XS', 1, 'Y', 'SYSTEM', '2026-04-20 00:00:00') ON CONFLICT DO NOTHING;
INSERT INTO shopjoy_2604.pd_prod_opt_item (opt_item_id, site_id, opt_id, opt_type_cd, opt_nm, opt_val, sort_ord, use_yn, reg_by, reg_date) VALUES ('OI000267', 'SITE000001', 'OG000064', 'SIZE', 'S', 'S', 2, 'Y', 'SYSTEM', '2026-04-20 00:00:00') ON CONFLICT DO NOTHING;
INSERT INTO shopjoy_2604.pd_prod_opt_item (opt_item_id, site_id, opt_id, opt_type_cd, opt_nm, opt_val, sort_ord, use_yn, reg_by, reg_date) VALUES ('OI000268', 'SITE000001', 'OG000064', 'SIZE', 'M', 'M', 3, 'Y', 'SYSTEM', '2026-04-20 00:00:00') ON CONFLICT DO NOTHING;
INSERT INTO shopjoy_2604.pd_prod_opt_item (opt_item_id, site_id, opt_id, opt_type_cd, opt_nm, opt_val, sort_ord, use_yn, reg_by, reg_date) VALUES ('OI000269', 'SITE000001', 'OG000064', 'SIZE', 'L', 'L', 4, 'Y', 'SYSTEM', '2026-04-20 00:00:00') ON CONFLICT DO NOTHING;
INSERT INTO shopjoy_2604.pd_prod_opt_item (opt_item_id, site_id, opt_id, opt_type_cd, opt_nm, opt_val, sort_ord, use_yn, reg_by, reg_date) VALUES ('OI000270', 'SITE000001', 'OG000065', 'COLOR', '블랙', '#1a1a1a', 1, 'Y', 'SYSTEM', '2026-04-20 00:00:00') ON CONFLICT DO NOTHING;
INSERT INTO shopjoy_2604.pd_prod_opt_item (opt_item_id, site_id, opt_id, opt_type_cd, opt_nm, opt_val, sort_ord, use_yn, reg_by, reg_date) VALUES ('OI000271', 'SITE000001', 'OG000065', 'COLOR', '베이지', '#d4b896', 2, 'Y', 'SYSTEM', '2026-04-20 00:00:00') ON CONFLICT DO NOTHING;
INSERT INTO shopjoy_2604.pd_prod_opt_item (opt_item_id, site_id, opt_id, opt_type_cd, opt_nm, opt_val, sort_ord, use_yn, reg_by, reg_date) VALUES ('OI000272', 'SITE000001', 'OG000065', 'COLOR', '화이트', '#f5f0eb', 3, 'Y', 'SYSTEM', '2026-04-20 00:00:00') ON CONFLICT DO NOTHING;
INSERT INTO shopjoy_2604.pd_prod_opt_item (opt_item_id, site_id, opt_id, opt_type_cd, opt_nm, opt_val, sort_ord, use_yn, reg_by, reg_date) VALUES ('OI000273', 'SITE000001', 'OG000065', 'COLOR', '와인', '#722f37', 4, 'Y', 'SYSTEM', '2026-04-20 00:00:00') ON CONFLICT DO NOTHING;
INSERT INTO shopjoy_2604.pd_prod_opt_item (opt_item_id, site_id, opt_id, opt_type_cd, opt_nm, opt_val, sort_ord, use_yn, reg_by, reg_date) VALUES ('OI000274', 'SITE000001', 'OG000066', 'SIZE', 'XS', 'XS', 1, 'Y', 'SYSTEM', '2026-04-20 00:00:00') ON CONFLICT DO NOTHING;
INSERT INTO shopjoy_2604.pd_prod_opt_item (opt_item_id, site_id, opt_id, opt_type_cd, opt_nm, opt_val, sort_ord, use_yn, reg_by, reg_date) VALUES ('OI000275', 'SITE000001', 'OG000066', 'SIZE', 'S', 'S', 2, 'Y', 'SYSTEM', '2026-04-20 00:00:00') ON CONFLICT DO NOTHING;
INSERT INTO shopjoy_2604.pd_prod_opt_item (opt_item_id, site_id, opt_id, opt_type_cd, opt_nm, opt_val, sort_ord, use_yn, reg_by, reg_date) VALUES ('OI000276', 'SITE000001', 'OG000066', 'SIZE', 'M', 'M', 3, 'Y', 'SYSTEM', '2026-04-20 00:00:00') ON CONFLICT DO NOTHING;
INSERT INTO shopjoy_2604.pd_prod_opt_item (opt_item_id, site_id, opt_id, opt_type_cd, opt_nm, opt_val, sort_ord, use_yn, reg_by, reg_date) VALUES ('OI000277', 'SITE000001', 'OG000066', 'SIZE', 'L', 'L', 4, 'Y', 'SYSTEM', '2026-04-20 00:00:00') ON CONFLICT DO NOTHING;
INSERT INTO shopjoy_2604.pd_prod_opt_item (opt_item_id, site_id, opt_id, opt_type_cd, opt_nm, opt_val, sort_ord, use_yn, reg_by, reg_date) VALUES ('OI000278', 'SITE000001', 'OG000066', 'SIZE', 'XL', 'XL', 5, 'Y', 'SYSTEM', '2026-04-20 00:00:00') ON CONFLICT DO NOTHING;
INSERT INTO shopjoy_2604.pd_prod_opt_item (opt_item_id, site_id, opt_id, opt_type_cd, opt_nm, opt_val, sort_ord, use_yn, reg_by, reg_date) VALUES ('OI000279', 'SITE000001', 'OG000067', 'COLOR', '화이트', '#f5f0eb', 1, 'Y', 'SYSTEM', '2026-04-20 00:00:00') ON CONFLICT DO NOTHING;
INSERT INTO shopjoy_2604.pd_prod_opt_item (opt_item_id, site_id, opt_id, opt_type_cd, opt_nm, opt_val, sort_ord, use_yn, reg_by, reg_date) VALUES ('OI000280', 'SITE000001', 'OG000067', 'COLOR', '핑크', '#e8a0b4', 2, 'Y', 'SYSTEM', '2026-04-20 00:00:00') ON CONFLICT DO NOTHING;
INSERT INTO shopjoy_2604.pd_prod_opt_item (opt_item_id, site_id, opt_id, opt_type_cd, opt_nm, opt_val, sort_ord, use_yn, reg_by, reg_date) VALUES ('OI000281', 'SITE000001', 'OG000067', 'COLOR', '스카이', '#87ceeb', 3, 'Y', 'SYSTEM', '2026-04-20 00:00:00') ON CONFLICT DO NOTHING;
INSERT INTO shopjoy_2604.pd_prod_opt_item (opt_item_id, site_id, opt_id, opt_type_cd, opt_nm, opt_val, sort_ord, use_yn, reg_by, reg_date) VALUES ('OI000282', 'SITE000001', 'OG000067', 'COLOR', '민트', '#7ed8c4', 4, 'Y', 'SYSTEM', '2026-04-20 00:00:00') ON CONFLICT DO NOTHING;
INSERT INTO shopjoy_2604.pd_prod_opt_item (opt_item_id, site_id, opt_id, opt_type_cd, opt_nm, opt_val, sort_ord, use_yn, reg_by, reg_date) VALUES ('OI000283', 'SITE000001', 'OG000068', 'SIZE', 'XS', 'XS', 1, 'Y', 'SYSTEM', '2026-04-20 00:00:00') ON CONFLICT DO NOTHING;
INSERT INTO shopjoy_2604.pd_prod_opt_item (opt_item_id, site_id, opt_id, opt_type_cd, opt_nm, opt_val, sort_ord, use_yn, reg_by, reg_date) VALUES ('OI000284', 'SITE000001', 'OG000068', 'SIZE', 'S', 'S', 2, 'Y', 'SYSTEM', '2026-04-20 00:00:00') ON CONFLICT DO NOTHING;
INSERT INTO shopjoy_2604.pd_prod_opt_item (opt_item_id, site_id, opt_id, opt_type_cd, opt_nm, opt_val, sort_ord, use_yn, reg_by, reg_date) VALUES ('OI000285', 'SITE000001', 'OG000068', 'SIZE', 'M', 'M', 3, 'Y', 'SYSTEM', '2026-04-20 00:00:00') ON CONFLICT DO NOTHING;
INSERT INTO shopjoy_2604.pd_prod_opt_item (opt_item_id, site_id, opt_id, opt_type_cd, opt_nm, opt_val, sort_ord, use_yn, reg_by, reg_date) VALUES ('OI000286', 'SITE000001', 'OG000068', 'SIZE', 'L', 'L', 4, 'Y', 'SYSTEM', '2026-04-20 00:00:00') ON CONFLICT DO NOTHING;
INSERT INTO shopjoy_2604.pd_prod_opt_item (opt_item_id, site_id, opt_id, opt_type_cd, opt_nm, opt_val, sort_ord, use_yn, reg_by, reg_date) VALUES ('OI000287', 'SITE000001', 'OG000069', 'COLOR', '아이보리', '#f5f0e0', 1, 'Y', 'SYSTEM', '2026-04-20 00:00:00') ON CONFLICT DO NOTHING;
INSERT INTO shopjoy_2604.pd_prod_opt_item (opt_item_id, site_id, opt_id, opt_type_cd, opt_nm, opt_val, sort_ord, use_yn, reg_by, reg_date) VALUES ('OI000288', 'SITE000001', 'OG000069', 'COLOR', '그레이', '#8a8a8a', 2, 'Y', 'SYSTEM', '2026-04-20 00:00:00') ON CONFLICT DO NOTHING;
INSERT INTO shopjoy_2604.pd_prod_opt_item (opt_item_id, site_id, opt_id, opt_type_cd, opt_nm, opt_val, sort_ord, use_yn, reg_by, reg_date) VALUES ('OI000289', 'SITE000001', 'OG000069', 'COLOR', '블랙', '#1a1a1a', 3, 'Y', 'SYSTEM', '2026-04-20 00:00:00') ON CONFLICT DO NOTHING;
INSERT INTO shopjoy_2604.pd_prod_opt_item (opt_item_id, site_id, opt_id, opt_type_cd, opt_nm, opt_val, sort_ord, use_yn, reg_by, reg_date) VALUES ('OI000290', 'SITE000001', 'OG000069', 'COLOR', '카멜', '#c19a6b', 4, 'Y', 'SYSTEM', '2026-04-20 00:00:00') ON CONFLICT DO NOTHING;
INSERT INTO shopjoy_2604.pd_prod_opt_item (opt_item_id, site_id, opt_id, opt_type_cd, opt_nm, opt_val, sort_ord, use_yn, reg_by, reg_date) VALUES ('OI000291', 'SITE000001', 'OG000070', 'SIZE', 'S', 'S', 1, 'Y', 'SYSTEM', '2026-04-20 00:00:00') ON CONFLICT DO NOTHING;
INSERT INTO shopjoy_2604.pd_prod_opt_item (opt_item_id, site_id, opt_id, opt_type_cd, opt_nm, opt_val, sort_ord, use_yn, reg_by, reg_date) VALUES ('OI000292', 'SITE000001', 'OG000070', 'SIZE', 'M', 'M', 2, 'Y', 'SYSTEM', '2026-04-20 00:00:00') ON CONFLICT DO NOTHING;
INSERT INTO shopjoy_2604.pd_prod_opt_item (opt_item_id, site_id, opt_id, opt_type_cd, opt_nm, opt_val, sort_ord, use_yn, reg_by, reg_date) VALUES ('OI000293', 'SITE000001', 'OG000070', 'SIZE', 'L', 'L', 3, 'Y', 'SYSTEM', '2026-04-20 00:00:00') ON CONFLICT DO NOTHING;
INSERT INTO shopjoy_2604.pd_prod_opt_item (opt_item_id, site_id, opt_id, opt_type_cd, opt_nm, opt_val, sort_ord, use_yn, reg_by, reg_date) VALUES ('OI000294', 'SITE000001', 'OG000070', 'SIZE', 'XL', 'XL', 4, 'Y', 'SYSTEM', '2026-04-20 00:00:00') ON CONFLICT DO NOTHING;
INSERT INTO shopjoy_2604.pd_prod_opt_item (opt_item_id, site_id, opt_id, opt_type_cd, opt_nm, opt_val, sort_ord, use_yn, reg_by, reg_date) VALUES ('OI000295', 'SITE000001', 'OG000071', 'COLOR', '화이트', '#f5f0eb', 1, 'Y', 'SYSTEM', '2026-04-20 00:00:00') ON CONFLICT DO NOTHING;
INSERT INTO shopjoy_2604.pd_prod_opt_item (opt_item_id, site_id, opt_id, opt_type_cd, opt_nm, opt_val, sort_ord, use_yn, reg_by, reg_date) VALUES ('OI000296', 'SITE000001', 'OG000071', 'COLOR', '베이지', '#d4b896', 2, 'Y', 'SYSTEM', '2026-04-20 00:00:00') ON CONFLICT DO NOTHING;
INSERT INTO shopjoy_2604.pd_prod_opt_item (opt_item_id, site_id, opt_id, opt_type_cd, opt_nm, opt_val, sort_ord, use_yn, reg_by, reg_date) VALUES ('OI000297', 'SITE000001', 'OG000071', 'COLOR', '스카이', '#87ceeb', 3, 'Y', 'SYSTEM', '2026-04-20 00:00:00') ON CONFLICT DO NOTHING;
INSERT INTO shopjoy_2604.pd_prod_opt_item (opt_item_id, site_id, opt_id, opt_type_cd, opt_nm, opt_val, sort_ord, use_yn, reg_by, reg_date) VALUES ('OI000298', 'SITE000001', 'OG000072', 'SIZE', 'XS', 'XS', 1, 'Y', 'SYSTEM', '2026-04-20 00:00:00') ON CONFLICT DO NOTHING;
INSERT INTO shopjoy_2604.pd_prod_opt_item (opt_item_id, site_id, opt_id, opt_type_cd, opt_nm, opt_val, sort_ord, use_yn, reg_by, reg_date) VALUES ('OI000299', 'SITE000001', 'OG000072', 'SIZE', 'S', 'S', 2, 'Y', 'SYSTEM', '2026-04-20 00:00:00') ON CONFLICT DO NOTHING;
INSERT INTO shopjoy_2604.pd_prod_opt_item (opt_item_id, site_id, opt_id, opt_type_cd, opt_nm, opt_val, sort_ord, use_yn, reg_by, reg_date) VALUES ('OI000300', 'SITE000001', 'OG000072', 'SIZE', 'M', 'M', 3, 'Y', 'SYSTEM', '2026-04-20 00:00:00') ON CONFLICT DO NOTHING;
INSERT INTO shopjoy_2604.pd_prod_opt_item (opt_item_id, site_id, opt_id, opt_type_cd, opt_nm, opt_val, sort_ord, use_yn, reg_by, reg_date) VALUES ('OI000301', 'SITE000001', 'OG000072', 'SIZE', 'L', 'L', 4, 'Y', 'SYSTEM', '2026-04-20 00:00:00') ON CONFLICT DO NOTHING;
INSERT INTO shopjoy_2604.pd_prod_opt_item (opt_item_id, site_id, opt_id, opt_type_cd, opt_nm, opt_val, sort_ord, use_yn, reg_by, reg_date) VALUES ('OI000302', 'SITE000001', 'OG000072', 'SIZE', 'XL', 'XL', 5, 'Y', 'SYSTEM', '2026-04-20 00:00:00') ON CONFLICT DO NOTHING;
INSERT INTO shopjoy_2604.pd_prod_opt_item (opt_item_id, site_id, opt_id, opt_type_cd, opt_nm, opt_val, sort_ord, use_yn, reg_by, reg_date) VALUES ('OI000303', 'SITE000001', 'OG000073', 'COLOR', '블랙', '#1a1a1a', 1, 'Y', 'SYSTEM', '2026-04-20 00:00:00') ON CONFLICT DO NOTHING;
INSERT INTO shopjoy_2604.pd_prod_opt_item (opt_item_id, site_id, opt_id, opt_type_cd, opt_nm, opt_val, sort_ord, use_yn, reg_by, reg_date) VALUES ('OI000304', 'SITE000001', 'OG000073', 'COLOR', '베이지', '#d4b896', 2, 'Y', 'SYSTEM', '2026-04-20 00:00:00') ON CONFLICT DO NOTHING;
INSERT INTO shopjoy_2604.pd_prod_opt_item (opt_item_id, site_id, opt_id, opt_type_cd, opt_nm, opt_val, sort_ord, use_yn, reg_by, reg_date) VALUES ('OI000305', 'SITE000001', 'OG000073', 'COLOR', '와인', '#722f37', 3, 'Y', 'SYSTEM', '2026-04-20 00:00:00') ON CONFLICT DO NOTHING;
INSERT INTO shopjoy_2604.pd_prod_opt_item (opt_item_id, site_id, opt_id, opt_type_cd, opt_nm, opt_val, sort_ord, use_yn, reg_by, reg_date) VALUES ('OI000306', 'SITE000001', 'OG000073', 'COLOR', '그린', '#4a8a4a', 4, 'Y', 'SYSTEM', '2026-04-20 00:00:00') ON CONFLICT DO NOTHING;
INSERT INTO shopjoy_2604.pd_prod_opt_item (opt_item_id, site_id, opt_id, opt_type_cd, opt_nm, opt_val, sort_ord, use_yn, reg_by, reg_date) VALUES ('OI000307', 'SITE000001', 'OG000074', 'SIZE', 'XS', 'XS', 1, 'Y', 'SYSTEM', '2026-04-20 00:00:00') ON CONFLICT DO NOTHING;
INSERT INTO shopjoy_2604.pd_prod_opt_item (opt_item_id, site_id, opt_id, opt_type_cd, opt_nm, opt_val, sort_ord, use_yn, reg_by, reg_date) VALUES ('OI000308', 'SITE000001', 'OG000074', 'SIZE', 'S', 'S', 2, 'Y', 'SYSTEM', '2026-04-20 00:00:00') ON CONFLICT DO NOTHING;
INSERT INTO shopjoy_2604.pd_prod_opt_item (opt_item_id, site_id, opt_id, opt_type_cd, opt_nm, opt_val, sort_ord, use_yn, reg_by, reg_date) VALUES ('OI000309', 'SITE000001', 'OG000074', 'SIZE', 'M', 'M', 3, 'Y', 'SYSTEM', '2026-04-20 00:00:00') ON CONFLICT DO NOTHING;
INSERT INTO shopjoy_2604.pd_prod_opt_item (opt_item_id, site_id, opt_id, opt_type_cd, opt_nm, opt_val, sort_ord, use_yn, reg_by, reg_date) VALUES ('OI000310', 'SITE000001', 'OG000074', 'SIZE', 'L', 'L', 4, 'Y', 'SYSTEM', '2026-04-20 00:00:00') ON CONFLICT DO NOTHING;
INSERT INTO shopjoy_2604.pd_prod_opt_item (opt_item_id, site_id, opt_id, opt_type_cd, opt_nm, opt_val, sort_ord, use_yn, reg_by, reg_date) VALUES ('OI000311', 'SITE000001', 'OG000075', 'COLOR', '블루타이다이', '#7bafd4', 1, 'Y', 'SYSTEM', '2026-04-20 00:00:00') ON CONFLICT DO NOTHING;
INSERT INTO shopjoy_2604.pd_prod_opt_item (opt_item_id, site_id, opt_id, opt_type_cd, opt_nm, opt_val, sort_ord, use_yn, reg_by, reg_date) VALUES ('OI000312', 'SITE000001', 'OG000075', 'COLOR', '핑크타이다이', '#e8a0b4', 2, 'Y', 'SYSTEM', '2026-04-20 00:00:00') ON CONFLICT DO NOTHING;
INSERT INTO shopjoy_2604.pd_prod_opt_item (opt_item_id, site_id, opt_id, opt_type_cd, opt_nm, opt_val, sort_ord, use_yn, reg_by, reg_date) VALUES ('OI000313', 'SITE000001', 'OG000075', 'COLOR', '그린타이다이', '#7ed8c4', 3, 'Y', 'SYSTEM', '2026-04-20 00:00:00') ON CONFLICT DO NOTHING;
INSERT INTO shopjoy_2604.pd_prod_opt_item (opt_item_id, site_id, opt_id, opt_type_cd, opt_nm, opt_val, sort_ord, use_yn, reg_by, reg_date) VALUES ('OI000314', 'SITE000001', 'OG000076', 'SIZE', 'XS', 'XS', 1, 'Y', 'SYSTEM', '2026-04-20 00:00:00') ON CONFLICT DO NOTHING;
INSERT INTO shopjoy_2604.pd_prod_opt_item (opt_item_id, site_id, opt_id, opt_type_cd, opt_nm, opt_val, sort_ord, use_yn, reg_by, reg_date) VALUES ('OI000315', 'SITE000001', 'OG000076', 'SIZE', 'S', 'S', 2, 'Y', 'SYSTEM', '2026-04-20 00:00:00') ON CONFLICT DO NOTHING;
INSERT INTO shopjoy_2604.pd_prod_opt_item (opt_item_id, site_id, opt_id, opt_type_cd, opt_nm, opt_val, sort_ord, use_yn, reg_by, reg_date) VALUES ('OI000316', 'SITE000001', 'OG000076', 'SIZE', 'M', 'M', 3, 'Y', 'SYSTEM', '2026-04-20 00:00:00') ON CONFLICT DO NOTHING;
INSERT INTO shopjoy_2604.pd_prod_opt_item (opt_item_id, site_id, opt_id, opt_type_cd, opt_nm, opt_val, sort_ord, use_yn, reg_by, reg_date) VALUES ('OI000317', 'SITE000001', 'OG000076', 'SIZE', 'L', 'L', 4, 'Y', 'SYSTEM', '2026-04-20 00:00:00') ON CONFLICT DO NOTHING;
INSERT INTO shopjoy_2604.pd_prod_opt_item (opt_item_id, site_id, opt_id, opt_type_cd, opt_nm, opt_val, sort_ord, use_yn, reg_by, reg_date) VALUES ('OI000318', 'SITE000001', 'OG000076', 'SIZE', 'XL', 'XL', 5, 'Y', 'SYSTEM', '2026-04-20 00:00:00') ON CONFLICT DO NOTHING;
INSERT INTO shopjoy_2604.pd_prod_opt_item (opt_item_id, site_id, opt_id, opt_type_cd, opt_nm, opt_val, sort_ord, use_yn, reg_by, reg_date) VALUES ('OI000319', 'SITE000001', 'OG000077', 'COLOR', '화이트', '#f5f0eb', 1, 'Y', 'SYSTEM', '2026-04-20 00:00:00') ON CONFLICT DO NOTHING;
INSERT INTO shopjoy_2604.pd_prod_opt_item (opt_item_id, site_id, opt_id, opt_type_cd, opt_nm, opt_val, sort_ord, use_yn, reg_by, reg_date) VALUES ('OI000320', 'SITE000001', 'OG000077', 'COLOR', '크림', '#f5f0e8', 2, 'Y', 'SYSTEM', '2026-04-20 00:00:00') ON CONFLICT DO NOTHING;
INSERT INTO shopjoy_2604.pd_prod_opt_item (opt_item_id, site_id, opt_id, opt_type_cd, opt_nm, opt_val, sort_ord, use_yn, reg_by, reg_date) VALUES ('OI000321', 'SITE000001', 'OG000077', 'COLOR', '핑크', '#e8a0b4', 3, 'Y', 'SYSTEM', '2026-04-20 00:00:00') ON CONFLICT DO NOTHING;
INSERT INTO shopjoy_2604.pd_prod_opt_item (opt_item_id, site_id, opt_id, opt_type_cd, opt_nm, opt_val, sort_ord, use_yn, reg_by, reg_date) VALUES ('OI000322', 'SITE000001', 'OG000078', 'SIZE', 'S', 'S', 1, 'Y', 'SYSTEM', '2026-04-20 00:00:00') ON CONFLICT DO NOTHING;
INSERT INTO shopjoy_2604.pd_prod_opt_item (opt_item_id, site_id, opt_id, opt_type_cd, opt_nm, opt_val, sort_ord, use_yn, reg_by, reg_date) VALUES ('OI000323', 'SITE000001', 'OG000078', 'SIZE', 'M', 'M', 2, 'Y', 'SYSTEM', '2026-04-20 00:00:00') ON CONFLICT DO NOTHING;
INSERT INTO shopjoy_2604.pd_prod_opt_item (opt_item_id, site_id, opt_id, opt_type_cd, opt_nm, opt_val, sort_ord, use_yn, reg_by, reg_date) VALUES ('OI000324', 'SITE000001', 'OG000078', 'SIZE', 'L', 'L', 3, 'Y', 'SYSTEM', '2026-04-20 00:00:00') ON CONFLICT DO NOTHING;
INSERT INTO shopjoy_2604.pd_prod_opt_item (opt_item_id, site_id, opt_id, opt_type_cd, opt_nm, opt_val, sort_ord, use_yn, reg_by, reg_date) VALUES ('OI000325', 'SITE000001', 'OG000078', 'SIZE', 'XL', 'XL', 4, 'Y', 'SYSTEM', '2026-04-20 00:00:00') ON CONFLICT DO NOTHING;
INSERT INTO shopjoy_2604.pd_prod_opt_item (opt_item_id, site_id, opt_id, opt_type_cd, opt_nm, opt_val, sort_ord, use_yn, reg_by, reg_date) VALUES ('OI000326', 'SITE000001', 'OG000079', 'COLOR', '블랙', '#1a1a1a', 1, 'Y', 'SYSTEM', '2026-04-20 00:00:00') ON CONFLICT DO NOTHING;
INSERT INTO shopjoy_2604.pd_prod_opt_item (opt_item_id, site_id, opt_id, opt_type_cd, opt_nm, opt_val, sort_ord, use_yn, reg_by, reg_date) VALUES ('OI000327', 'SITE000001', 'OG000079', 'COLOR', '베이지', '#d4b896', 2, 'Y', 'SYSTEM', '2026-04-20 00:00:00') ON CONFLICT DO NOTHING;
INSERT INTO shopjoy_2604.pd_prod_opt_item (opt_item_id, site_id, opt_id, opt_type_cd, opt_nm, opt_val, sort_ord, use_yn, reg_by, reg_date) VALUES ('OI000328', 'SITE000001', 'OG000079', 'COLOR', '와인', '#722f37', 3, 'Y', 'SYSTEM', '2026-04-20 00:00:00') ON CONFLICT DO NOTHING;
INSERT INTO shopjoy_2604.pd_prod_opt_item (opt_item_id, site_id, opt_id, opt_type_cd, opt_nm, opt_val, sort_ord, use_yn, reg_by, reg_date) VALUES ('OI000329', 'SITE000001', 'OG000080', 'SIZE', 'XS', 'XS', 1, 'Y', 'SYSTEM', '2026-04-20 00:00:00') ON CONFLICT DO NOTHING;
INSERT INTO shopjoy_2604.pd_prod_opt_item (opt_item_id, site_id, opt_id, opt_type_cd, opt_nm, opt_val, sort_ord, use_yn, reg_by, reg_date) VALUES ('OI000330', 'SITE000001', 'OG000080', 'SIZE', 'S', 'S', 2, 'Y', 'SYSTEM', '2026-04-20 00:00:00') ON CONFLICT DO NOTHING;
INSERT INTO shopjoy_2604.pd_prod_opt_item (opt_item_id, site_id, opt_id, opt_type_cd, opt_nm, opt_val, sort_ord, use_yn, reg_by, reg_date) VALUES ('OI000331', 'SITE000001', 'OG000080', 'SIZE', 'M', 'M', 3, 'Y', 'SYSTEM', '2026-04-20 00:00:00') ON CONFLICT DO NOTHING;
INSERT INTO shopjoy_2604.pd_prod_opt_item (opt_item_id, site_id, opt_id, opt_type_cd, opt_nm, opt_val, sort_ord, use_yn, reg_by, reg_date) VALUES ('OI000332', 'SITE000001', 'OG000080', 'SIZE', 'L', 'L', 4, 'Y', 'SYSTEM', '2026-04-20 00:00:00') ON CONFLICT DO NOTHING;
INSERT INTO shopjoy_2604.pd_prod_opt_item (opt_item_id, site_id, opt_id, opt_type_cd, opt_nm, opt_val, sort_ord, use_yn, reg_by, reg_date) VALUES ('OI000333', 'SITE000001', 'OG000081', 'COLOR', '블랙', '#1a1a1a', 1, 'Y', 'SYSTEM', '2026-04-20 00:00:00') ON CONFLICT DO NOTHING;
INSERT INTO shopjoy_2604.pd_prod_opt_item (opt_item_id, site_id, opt_id, opt_type_cd, opt_nm, opt_val, sort_ord, use_yn, reg_by, reg_date) VALUES ('OI000334', 'SITE000001', 'OG000081', 'COLOR', '베이지', '#d4b896', 2, 'Y', 'SYSTEM', '2026-04-20 00:00:00') ON CONFLICT DO NOTHING;
INSERT INTO shopjoy_2604.pd_prod_opt_item (opt_item_id, site_id, opt_id, opt_type_cd, opt_nm, opt_val, sort_ord, use_yn, reg_by, reg_date) VALUES ('OI000335', 'SITE000001', 'OG000081', 'COLOR', '화이트', '#f5f0eb', 3, 'Y', 'SYSTEM', '2026-04-20 00:00:00') ON CONFLICT DO NOTHING;
INSERT INTO shopjoy_2604.pd_prod_opt_item (opt_item_id, site_id, opt_id, opt_type_cd, opt_nm, opt_val, sort_ord, use_yn, reg_by, reg_date) VALUES ('OI000336', 'SITE000001', 'OG000081', 'COLOR', '네이비', '#1e3a5f', 4, 'Y', 'SYSTEM', '2026-04-20 00:00:00') ON CONFLICT DO NOTHING;
INSERT INTO shopjoy_2604.pd_prod_opt_item (opt_item_id, site_id, opt_id, opt_type_cd, opt_nm, opt_val, sort_ord, use_yn, reg_by, reg_date) VALUES ('OI000337', 'SITE000001', 'OG000082', 'SIZE', 'FREE', 'FREE', 1, 'Y', 'SYSTEM', '2026-04-20 00:00:00') ON CONFLICT DO NOTHING;
INSERT INTO shopjoy_2604.pd_prod_opt_item (opt_item_id, site_id, opt_id, opt_type_cd, opt_nm, opt_val, sort_ord, use_yn, reg_by, reg_date) VALUES ('OI000338', 'SITE000001', 'OG000083', 'COLOR', '블랙', '#1a1a1a', 1, 'Y', 'SYSTEM', '2026-04-20 00:00:00') ON CONFLICT DO NOTHING;
INSERT INTO shopjoy_2604.pd_prod_opt_item (opt_item_id, site_id, opt_id, opt_type_cd, opt_nm, opt_val, sort_ord, use_yn, reg_by, reg_date) VALUES ('OI000339', 'SITE000001', 'OG000083', 'COLOR', '베이지', '#d4b896', 2, 'Y', 'SYSTEM', '2026-04-20 00:00:00') ON CONFLICT DO NOTHING;
INSERT INTO shopjoy_2604.pd_prod_opt_item (opt_item_id, site_id, opt_id, opt_type_cd, opt_nm, opt_val, sort_ord, use_yn, reg_by, reg_date) VALUES ('OI000340', 'SITE000001', 'OG000083', 'COLOR', '카키', '#6b7c4a', 3, 'Y', 'SYSTEM', '2026-04-20 00:00:00') ON CONFLICT DO NOTHING;
INSERT INTO shopjoy_2604.pd_prod_opt_item (opt_item_id, site_id, opt_id, opt_type_cd, opt_nm, opt_val, sort_ord, use_yn, reg_by, reg_date) VALUES ('OI000341', 'SITE000001', 'OG000083', 'COLOR', '화이트', '#f5f0eb', 4, 'Y', 'SYSTEM', '2026-04-20 00:00:00') ON CONFLICT DO NOTHING;
INSERT INTO shopjoy_2604.pd_prod_opt_item (opt_item_id, site_id, opt_id, opt_type_cd, opt_nm, opt_val, sort_ord, use_yn, reg_by, reg_date) VALUES ('OI000342', 'SITE000001', 'OG000084', 'SIZE', 'FREE', 'FREE', 1, 'Y', 'SYSTEM', '2026-04-20 00:00:00') ON CONFLICT DO NOTHING;
INSERT INTO shopjoy_2604.pd_prod_opt_item (opt_item_id, site_id, opt_id, opt_type_cd, opt_nm, opt_val, sort_ord, use_yn, reg_by, reg_date) VALUES ('OI000343', 'SITE000001', 'OG000085', 'COLOR', '그레이', '#8a8a8a', 1, 'Y', 'SYSTEM', '2026-04-20 00:00:00') ON CONFLICT DO NOTHING;
INSERT INTO shopjoy_2604.pd_prod_opt_item (opt_item_id, site_id, opt_id, opt_type_cd, opt_nm, opt_val, sort_ord, use_yn, reg_by, reg_date) VALUES ('OI000344', 'SITE000001', 'OG000085', 'COLOR', '네이비', '#1e3a5f', 2, 'Y', 'SYSTEM', '2026-04-20 00:00:00') ON CONFLICT DO NOTHING;
INSERT INTO shopjoy_2604.pd_prod_opt_item (opt_item_id, site_id, opt_id, opt_type_cd, opt_nm, opt_val, sort_ord, use_yn, reg_by, reg_date) VALUES ('OI000345', 'SITE000001', 'OG000085', 'COLOR', '버건디', '#7a1a2a', 3, 'Y', 'SYSTEM', '2026-04-20 00:00:00') ON CONFLICT DO NOTHING;
INSERT INTO shopjoy_2604.pd_prod_opt_item (opt_item_id, site_id, opt_id, opt_type_cd, opt_nm, opt_val, sort_ord, use_yn, reg_by, reg_date) VALUES ('OI000346', 'SITE000001', 'OG000085', 'COLOR', '아이보리', '#f5f0e0', 4, 'Y', 'SYSTEM', '2026-04-20 00:00:00') ON CONFLICT DO NOTHING;
INSERT INTO shopjoy_2604.pd_prod_opt_item (opt_item_id, site_id, opt_id, opt_type_cd, opt_nm, opt_val, sort_ord, use_yn, reg_by, reg_date) VALUES ('OI000347', 'SITE000001', 'OG000085', 'COLOR', '블랙', '#1a1a1a', 5, 'Y', 'SYSTEM', '2026-04-20 00:00:00') ON CONFLICT DO NOTHING;
INSERT INTO shopjoy_2604.pd_prod_opt_item (opt_item_id, site_id, opt_id, opt_type_cd, opt_nm, opt_val, sort_ord, use_yn, reg_by, reg_date) VALUES ('OI000348', 'SITE000001', 'OG000086', 'SIZE', 'FREE', 'FREE', 1, 'Y', 'SYSTEM', '2026-04-20 00:00:00') ON CONFLICT DO NOTHING;
INSERT INTO shopjoy_2604.pd_prod_opt_item (opt_item_id, site_id, opt_id, opt_type_cd, opt_nm, opt_val, sort_ord, use_yn, reg_by, reg_date) VALUES ('OI000349', 'SITE000001', 'OG000087', 'COLOR', '블랙', '#1a1a1a', 1, 'Y', 'SYSTEM', '2026-04-20 00:00:00') ON CONFLICT DO NOTHING;
INSERT INTO shopjoy_2604.pd_prod_opt_item (opt_item_id, site_id, opt_id, opt_type_cd, opt_nm, opt_val, sort_ord, use_yn, reg_by, reg_date) VALUES ('OI000350', 'SITE000001', 'OG000087', 'COLOR', '브라운', '#8b5a2b', 2, 'Y', 'SYSTEM', '2026-04-20 00:00:00') ON CONFLICT DO NOTHING;
INSERT INTO shopjoy_2604.pd_prod_opt_item (opt_item_id, site_id, opt_id, opt_type_cd, opt_nm, opt_val, sort_ord, use_yn, reg_by, reg_date) VALUES ('OI000351', 'SITE000001', 'OG000087', 'COLOR', '카멜', '#c19a6b', 3, 'Y', 'SYSTEM', '2026-04-20 00:00:00') ON CONFLICT DO NOTHING;
INSERT INTO shopjoy_2604.pd_prod_opt_item (opt_item_id, site_id, opt_id, opt_type_cd, opt_nm, opt_val, sort_ord, use_yn, reg_by, reg_date) VALUES ('OI000352', 'SITE000001', 'OG000088', 'SIZE', 'S', 'S', 1, 'Y', 'SYSTEM', '2026-04-20 00:00:00') ON CONFLICT DO NOTHING;
INSERT INTO shopjoy_2604.pd_prod_opt_item (opt_item_id, site_id, opt_id, opt_type_cd, opt_nm, opt_val, sort_ord, use_yn, reg_by, reg_date) VALUES ('OI000353', 'SITE000001', 'OG000088', 'SIZE', 'M', 'M', 2, 'Y', 'SYSTEM', '2026-04-20 00:00:00') ON CONFLICT DO NOTHING;
INSERT INTO shopjoy_2604.pd_prod_opt_item (opt_item_id, site_id, opt_id, opt_type_cd, opt_nm, opt_val, sort_ord, use_yn, reg_by, reg_date) VALUES ('OI000354', 'SITE000001', 'OG000088', 'SIZE', 'L', 'L', 3, 'Y', 'SYSTEM', '2026-04-20 00:00:00') ON CONFLICT DO NOTHING;
INSERT INTO shopjoy_2604.pd_prod_opt_item (opt_item_id, site_id, opt_id, opt_type_cd, opt_nm, opt_val, sort_ord, use_yn, reg_by, reg_date) VALUES ('OI000355', 'SITE000001', 'OG000089', 'COLOR', '블랙', '#1a1a1a', 1, 'Y', 'SYSTEM', '2026-04-20 00:00:00') ON CONFLICT DO NOTHING;
INSERT INTO shopjoy_2604.pd_prod_opt_item (opt_item_id, site_id, opt_id, opt_type_cd, opt_nm, opt_val, sort_ord, use_yn, reg_by, reg_date) VALUES ('OI000356', 'SITE000001', 'OG000089', 'COLOR', '화이트', '#f5f0eb', 2, 'Y', 'SYSTEM', '2026-04-20 00:00:00') ON CONFLICT DO NOTHING;
INSERT INTO shopjoy_2604.pd_prod_opt_item (opt_item_id, site_id, opt_id, opt_type_cd, opt_nm, opt_val, sort_ord, use_yn, reg_by, reg_date) VALUES ('OI000357', 'SITE000001', 'OG000089', 'COLOR', '네이비', '#1e3a5f', 3, 'Y', 'SYSTEM', '2026-04-20 00:00:00') ON CONFLICT DO NOTHING;
INSERT INTO shopjoy_2604.pd_prod_opt_item (opt_item_id, site_id, opt_id, opt_type_cd, opt_nm, opt_val, sort_ord, use_yn, reg_by, reg_date) VALUES ('OI000358', 'SITE000001', 'OG000089', 'COLOR', '카키', '#6b7c4a', 4, 'Y', 'SYSTEM', '2026-04-20 00:00:00') ON CONFLICT DO NOTHING;
INSERT INTO shopjoy_2604.pd_prod_opt_item (opt_item_id, site_id, opt_id, opt_type_cd, opt_nm, opt_val, sort_ord, use_yn, reg_by, reg_date) VALUES ('OI000359', 'SITE000001', 'OG000090', 'SIZE', 'FREE', 'FREE', 1, 'Y', 'SYSTEM', '2026-04-20 00:00:00') ON CONFLICT DO NOTHING;
INSERT INTO shopjoy_2604.pd_prod_opt_item (opt_item_id, site_id, opt_id, opt_type_cd, opt_nm, opt_val, sort_ord, use_yn, reg_by, reg_date) VALUES ('OI000360', 'SITE000001', 'OG000091', 'COLOR', '블랙', '#1a1a1a', 1, 'Y', 'SYSTEM', '2026-04-20 00:00:00') ON CONFLICT DO NOTHING;
INSERT INTO shopjoy_2604.pd_prod_opt_item (opt_item_id, site_id, opt_id, opt_type_cd, opt_nm, opt_val, sort_ord, use_yn, reg_by, reg_date) VALUES ('OI000361', 'SITE000001', 'OG000091', 'COLOR', '브라운', '#8b5a2b', 2, 'Y', 'SYSTEM', '2026-04-20 00:00:00') ON CONFLICT DO NOTHING;
INSERT INTO shopjoy_2604.pd_prod_opt_item (opt_item_id, site_id, opt_id, opt_type_cd, opt_nm, opt_val, sort_ord, use_yn, reg_by, reg_date) VALUES ('OI000362', 'SITE000001', 'OG000091', 'COLOR', '골드', '#c9a227', 3, 'Y', 'SYSTEM', '2026-04-20 00:00:00') ON CONFLICT DO NOTHING;
INSERT INTO shopjoy_2604.pd_prod_opt_item (opt_item_id, site_id, opt_id, opt_type_cd, opt_nm, opt_val, sort_ord, use_yn, reg_by, reg_date) VALUES ('OI000363', 'SITE000001', 'OG000091', 'COLOR', '실버', '#c0c0c0', 4, 'Y', 'SYSTEM', '2026-04-20 00:00:00') ON CONFLICT DO NOTHING;
INSERT INTO shopjoy_2604.pd_prod_opt_item (opt_item_id, site_id, opt_id, opt_type_cd, opt_nm, opt_val, sort_ord, use_yn, reg_by, reg_date) VALUES ('OI000364', 'SITE000001', 'OG000092', 'SIZE', 'FREE', 'FREE', 1, 'Y', 'SYSTEM', '2026-04-20 00:00:00') ON CONFLICT DO NOTHING;
INSERT INTO shopjoy_2604.pd_prod_opt_item (opt_item_id, site_id, opt_id, opt_type_cd, opt_nm, opt_val, sort_ord, use_yn, reg_by, reg_date) VALUES ('OI000365', 'SITE000001', 'OG000093', 'COLOR', '블랙', '#1a1a1a', 1, 'Y', 'SYSTEM', '2026-04-20 00:00:00') ON CONFLICT DO NOTHING;
INSERT INTO shopjoy_2604.pd_prod_opt_item (opt_item_id, site_id, opt_id, opt_type_cd, opt_nm, opt_val, sort_ord, use_yn, reg_by, reg_date) VALUES ('OI000366', 'SITE000001', 'OG000093', 'COLOR', '브라운', '#8b5a2b', 2, 'Y', 'SYSTEM', '2026-04-20 00:00:00') ON CONFLICT DO NOTHING;
INSERT INTO shopjoy_2604.pd_prod_opt_item (opt_item_id, site_id, opt_id, opt_type_cd, opt_nm, opt_val, sort_ord, use_yn, reg_by, reg_date) VALUES ('OI000367', 'SITE000001', 'OG000093', 'COLOR', '화이트', '#f5f0eb', 3, 'Y', 'SYSTEM', '2026-04-20 00:00:00') ON CONFLICT DO NOTHING;
INSERT INTO shopjoy_2604.pd_prod_opt_item (opt_item_id, site_id, opt_id, opt_type_cd, opt_nm, opt_val, sort_ord, use_yn, reg_by, reg_date) VALUES ('OI000368', 'SITE000001', 'OG000093', 'COLOR', '베이지', '#d4b896', 4, 'Y', 'SYSTEM', '2026-04-20 00:00:00') ON CONFLICT DO NOTHING;
INSERT INTO shopjoy_2604.pd_prod_opt_item (opt_item_id, site_id, opt_id, opt_type_cd, opt_nm, opt_val, sort_ord, use_yn, reg_by, reg_date) VALUES ('OI000369', 'SITE000001', 'OG000094', 'SIZE', 'FREE', 'FREE', 1, 'Y', 'SYSTEM', '2026-04-20 00:00:00') ON CONFLICT DO NOTHING;
INSERT INTO shopjoy_2604.pd_prod_opt_item (opt_item_id, site_id, opt_id, opt_type_cd, opt_nm, opt_val, sort_ord, use_yn, reg_by, reg_date) VALUES ('OI000370', 'SITE000001', 'OG000095', 'COLOR', '블랙', '#1a1a1a', 1, 'Y', 'SYSTEM', '2026-04-20 00:00:00') ON CONFLICT DO NOTHING;
INSERT INTO shopjoy_2604.pd_prod_opt_item (opt_item_id, site_id, opt_id, opt_type_cd, opt_nm, opt_val, sort_ord, use_yn, reg_by, reg_date) VALUES ('OI000371', 'SITE000001', 'OG000095', 'COLOR', '그레이', '#8a8a8a', 2, 'Y', 'SYSTEM', '2026-04-20 00:00:00') ON CONFLICT DO NOTHING;
INSERT INTO shopjoy_2604.pd_prod_opt_item (opt_item_id, site_id, opt_id, opt_type_cd, opt_nm, opt_val, sort_ord, use_yn, reg_by, reg_date) VALUES ('OI000372', 'SITE000001', 'OG000095', 'COLOR', '네이비', '#1e3a5f', 3, 'Y', 'SYSTEM', '2026-04-20 00:00:00') ON CONFLICT DO NOTHING;
INSERT INTO shopjoy_2604.pd_prod_opt_item (opt_item_id, site_id, opt_id, opt_type_cd, opt_nm, opt_val, sort_ord, use_yn, reg_by, reg_date) VALUES ('OI000373', 'SITE000001', 'OG000095', 'COLOR', '버건디', '#7a1a2a', 4, 'Y', 'SYSTEM', '2026-04-20 00:00:00') ON CONFLICT DO NOTHING;
INSERT INTO shopjoy_2604.pd_prod_opt_item (opt_item_id, site_id, opt_id, opt_type_cd, opt_nm, opt_val, sort_ord, use_yn, reg_by, reg_date) VALUES ('OI000374', 'SITE000001', 'OG000095', 'COLOR', '아이보리', '#f5f0e0', 5, 'Y', 'SYSTEM', '2026-04-20 00:00:00') ON CONFLICT DO NOTHING;
INSERT INTO shopjoy_2604.pd_prod_opt_item (opt_item_id, site_id, opt_id, opt_type_cd, opt_nm, opt_val, sort_ord, use_yn, reg_by, reg_date) VALUES ('OI000375', 'SITE000001', 'OG000096', 'SIZE', 'FREE', 'FREE', 1, 'Y', 'SYSTEM', '2026-04-20 00:00:00') ON CONFLICT DO NOTHING;
INSERT INTO shopjoy_2604.pd_prod_opt_item (opt_item_id, site_id, opt_id, opt_type_cd, opt_nm, opt_val, sort_ord, use_yn, reg_by, reg_date) VALUES ('OI000376', 'SITE000001', 'OG000097', 'COLOR', '블랙', '#1a1a1a', 1, 'Y', 'SYSTEM', '2026-04-20 00:00:00') ON CONFLICT DO NOTHING;
INSERT INTO shopjoy_2604.pd_prod_opt_item (opt_item_id, site_id, opt_id, opt_type_cd, opt_nm, opt_val, sort_ord, use_yn, reg_by, reg_date) VALUES ('OI000377', 'SITE000001', 'OG000097', 'COLOR', '베이지', '#d4b896', 2, 'Y', 'SYSTEM', '2026-04-20 00:00:00') ON CONFLICT DO NOTHING;
INSERT INTO shopjoy_2604.pd_prod_opt_item (opt_item_id, site_id, opt_id, opt_type_cd, opt_nm, opt_val, sort_ord, use_yn, reg_by, reg_date) VALUES ('OI000378', 'SITE000001', 'OG000097', 'COLOR', '카키', '#6b7c4a', 3, 'Y', 'SYSTEM', '2026-04-20 00:00:00') ON CONFLICT DO NOTHING;
INSERT INTO shopjoy_2604.pd_prod_opt_item (opt_item_id, site_id, opt_id, opt_type_cd, opt_nm, opt_val, sort_ord, use_yn, reg_by, reg_date) VALUES ('OI000379', 'SITE000001', 'OG000098', 'SIZE', 'FREE', 'FREE', 1, 'Y', 'SYSTEM', '2026-04-20 00:00:00') ON CONFLICT DO NOTHING;
INSERT INTO shopjoy_2604.pd_prod_opt_item (opt_item_id, site_id, opt_id, opt_type_cd, opt_nm, opt_val, sort_ord, use_yn, reg_by, reg_date) VALUES ('OI000380', 'SITE000001', 'OG000099', 'COLOR', '블랙', '#1a1a1a', 1, 'Y', 'SYSTEM', '2026-04-20 00:00:00') ON CONFLICT DO NOTHING;
INSERT INTO shopjoy_2604.pd_prod_opt_item (opt_item_id, site_id, opt_id, opt_type_cd, opt_nm, opt_val, sort_ord, use_yn, reg_by, reg_date) VALUES ('OI000381', 'SITE000001', 'OG000099', 'COLOR', '브라운', '#8b5a2b', 2, 'Y', 'SYSTEM', '2026-04-20 00:00:00') ON CONFLICT DO NOTHING;
INSERT INTO shopjoy_2604.pd_prod_opt_item (opt_item_id, site_id, opt_id, opt_type_cd, opt_nm, opt_val, sort_ord, use_yn, reg_by, reg_date) VALUES ('OI000382', 'SITE000001', 'OG000099', 'COLOR', '네이비', '#1e3a5f', 3, 'Y', 'SYSTEM', '2026-04-20 00:00:00') ON CONFLICT DO NOTHING;
INSERT INTO shopjoy_2604.pd_prod_opt_item (opt_item_id, site_id, opt_id, opt_type_cd, opt_nm, opt_val, sort_ord, use_yn, reg_by, reg_date) VALUES ('OI000383', 'SITE000001', 'OG000100', 'SIZE', 'S', 'S', 1, 'Y', 'SYSTEM', '2026-04-20 00:00:00') ON CONFLICT DO NOTHING;
INSERT INTO shopjoy_2604.pd_prod_opt_item (opt_item_id, site_id, opt_id, opt_type_cd, opt_nm, opt_val, sort_ord, use_yn, reg_by, reg_date) VALUES ('OI000384', 'SITE000001', 'OG000100', 'SIZE', 'M', 'M', 2, 'Y', 'SYSTEM', '2026-04-20 00:00:00') ON CONFLICT DO NOTHING;
INSERT INTO shopjoy_2604.pd_prod_opt_item (opt_item_id, site_id, opt_id, opt_type_cd, opt_nm, opt_val, sort_ord, use_yn, reg_by, reg_date) VALUES ('OI000385', 'SITE000001', 'OG000100', 'SIZE', 'L', 'L', 3, 'Y', 'SYSTEM', '2026-04-20 00:00:00') ON CONFLICT DO NOTHING;

-- ================================================================
-- 9. pd_prod_sku — SKU
-- ================================================================
INSERT INTO shopjoy_2604.pd_prod_sku (sku_id, site_id, prod_id, opt_item_id_1, opt_item_id_2, sku_code, add_price, prod_opt_stock, use_yn, reg_by, reg_date) VALUES ('SK000001', 'SITE000001', 'PD000001', 'OI000001', 'OI000005', '1-블랙-XS', 0, 20, 'Y', 'SYSTEM', '2026-04-20 00:00:00') ON CONFLICT DO NOTHING;
INSERT INTO shopjoy_2604.pd_prod_sku (sku_id, site_id, prod_id, opt_item_id_1, opt_item_id_2, sku_code, add_price, prod_opt_stock, use_yn, reg_by, reg_date) VALUES ('SK000002', 'SITE000001', 'PD000001', 'OI000001', 'OI000006', '1-블랙-S', 0, 20, 'Y', 'SYSTEM', '2026-04-20 00:00:00') ON CONFLICT DO NOTHING;
INSERT INTO shopjoy_2604.pd_prod_sku (sku_id, site_id, prod_id, opt_item_id_1, opt_item_id_2, sku_code, add_price, prod_opt_stock, use_yn, reg_by, reg_date) VALUES ('SK000003', 'SITE000001', 'PD000001', 'OI000001', 'OI000007', '1-블랙-M', 0, 20, 'Y', 'SYSTEM', '2026-04-20 00:00:00') ON CONFLICT DO NOTHING;
INSERT INTO shopjoy_2604.pd_prod_sku (sku_id, site_id, prod_id, opt_item_id_1, opt_item_id_2, sku_code, add_price, prod_opt_stock, use_yn, reg_by, reg_date) VALUES ('SK000004', 'SITE000001', 'PD000001', 'OI000001', 'OI000008', '1-블랙-L', 0, 20, 'Y', 'SYSTEM', '2026-04-20 00:00:00') ON CONFLICT DO NOTHING;
INSERT INTO shopjoy_2604.pd_prod_sku (sku_id, site_id, prod_id, opt_item_id_1, opt_item_id_2, sku_code, add_price, prod_opt_stock, use_yn, reg_by, reg_date) VALUES ('SK000005', 'SITE000001', 'PD000001', 'OI000001', 'OI000009', '1-블랙-XL', 0, 20, 'Y', 'SYSTEM', '2026-04-20 00:00:00') ON CONFLICT DO NOTHING;
INSERT INTO shopjoy_2604.pd_prod_sku (sku_id, site_id, prod_id, opt_item_id_1, opt_item_id_2, sku_code, add_price, prod_opt_stock, use_yn, reg_by, reg_date) VALUES ('SK000006', 'SITE000001', 'PD000001', 'OI000002', 'OI000005', '1-화이-XS', 0, 20, 'Y', 'SYSTEM', '2026-04-20 00:00:00') ON CONFLICT DO NOTHING;
INSERT INTO shopjoy_2604.pd_prod_sku (sku_id, site_id, prod_id, opt_item_id_1, opt_item_id_2, sku_code, add_price, prod_opt_stock, use_yn, reg_by, reg_date) VALUES ('SK000007', 'SITE000001', 'PD000001', 'OI000002', 'OI000006', '1-화이-S', 0, 20, 'Y', 'SYSTEM', '2026-04-20 00:00:00') ON CONFLICT DO NOTHING;
INSERT INTO shopjoy_2604.pd_prod_sku (sku_id, site_id, prod_id, opt_item_id_1, opt_item_id_2, sku_code, add_price, prod_opt_stock, use_yn, reg_by, reg_date) VALUES ('SK000008', 'SITE000001', 'PD000001', 'OI000002', 'OI000007', '1-화이-M', 0, 20, 'Y', 'SYSTEM', '2026-04-20 00:00:00') ON CONFLICT DO NOTHING;
INSERT INTO shopjoy_2604.pd_prod_sku (sku_id, site_id, prod_id, opt_item_id_1, opt_item_id_2, sku_code, add_price, prod_opt_stock, use_yn, reg_by, reg_date) VALUES ('SK000009', 'SITE000001', 'PD000001', 'OI000002', 'OI000008', '1-화이-L', 0, 20, 'Y', 'SYSTEM', '2026-04-20 00:00:00') ON CONFLICT DO NOTHING;
INSERT INTO shopjoy_2604.pd_prod_sku (sku_id, site_id, prod_id, opt_item_id_1, opt_item_id_2, sku_code, add_price, prod_opt_stock, use_yn, reg_by, reg_date) VALUES ('SK000010', 'SITE000001', 'PD000001', 'OI000002', 'OI000009', '1-화이-XL', 0, 20, 'Y', 'SYSTEM', '2026-04-20 00:00:00') ON CONFLICT DO NOTHING;
INSERT INTO shopjoy_2604.pd_prod_sku (sku_id, site_id, prod_id, opt_item_id_1, opt_item_id_2, sku_code, add_price, prod_opt_stock, use_yn, reg_by, reg_date) VALUES ('SK000011', 'SITE000001', 'PD000001', 'OI000003', 'OI000005', '1-네이-XS', 0, 20, 'Y', 'SYSTEM', '2026-04-20 00:00:00') ON CONFLICT DO NOTHING;
INSERT INTO shopjoy_2604.pd_prod_sku (sku_id, site_id, prod_id, opt_item_id_1, opt_item_id_2, sku_code, add_price, prod_opt_stock, use_yn, reg_by, reg_date) VALUES ('SK000012', 'SITE000001', 'PD000001', 'OI000003', 'OI000006', '1-네이-S', 0, 20, 'Y', 'SYSTEM', '2026-04-20 00:00:00') ON CONFLICT DO NOTHING;
INSERT INTO shopjoy_2604.pd_prod_sku (sku_id, site_id, prod_id, opt_item_id_1, opt_item_id_2, sku_code, add_price, prod_opt_stock, use_yn, reg_by, reg_date) VALUES ('SK000013', 'SITE000001', 'PD000001', 'OI000003', 'OI000007', '1-네이-M', 0, 20, 'Y', 'SYSTEM', '2026-04-20 00:00:00') ON CONFLICT DO NOTHING;
INSERT INTO shopjoy_2604.pd_prod_sku (sku_id, site_id, prod_id, opt_item_id_1, opt_item_id_2, sku_code, add_price, prod_opt_stock, use_yn, reg_by, reg_date) VALUES ('SK000014', 'SITE000001', 'PD000001', 'OI000003', 'OI000008', '1-네이-L', 0, 20, 'Y', 'SYSTEM', '2026-04-20 00:00:00') ON CONFLICT DO NOTHING;
INSERT INTO shopjoy_2604.pd_prod_sku (sku_id, site_id, prod_id, opt_item_id_1, opt_item_id_2, sku_code, add_price, prod_opt_stock, use_yn, reg_by, reg_date) VALUES ('SK000015', 'SITE000001', 'PD000001', 'OI000003', 'OI000009', '1-네이-XL', 0, 20, 'Y', 'SYSTEM', '2026-04-20 00:00:00') ON CONFLICT DO NOTHING;
INSERT INTO shopjoy_2604.pd_prod_sku (sku_id, site_id, prod_id, opt_item_id_1, opt_item_id_2, sku_code, add_price, prod_opt_stock, use_yn, reg_by, reg_date) VALUES ('SK000016', 'SITE000001', 'PD000001', 'OI000004', 'OI000005', '1-베이-XS', 0, 20, 'Y', 'SYSTEM', '2026-04-20 00:00:00') ON CONFLICT DO NOTHING;
INSERT INTO shopjoy_2604.pd_prod_sku (sku_id, site_id, prod_id, opt_item_id_1, opt_item_id_2, sku_code, add_price, prod_opt_stock, use_yn, reg_by, reg_date) VALUES ('SK000017', 'SITE000001', 'PD000001', 'OI000004', 'OI000006', '1-베이-S', 0, 20, 'Y', 'SYSTEM', '2026-04-20 00:00:00') ON CONFLICT DO NOTHING;
INSERT INTO shopjoy_2604.pd_prod_sku (sku_id, site_id, prod_id, opt_item_id_1, opt_item_id_2, sku_code, add_price, prod_opt_stock, use_yn, reg_by, reg_date) VALUES ('SK000018', 'SITE000001', 'PD000001', 'OI000004', 'OI000007', '1-베이-M', 0, 20, 'Y', 'SYSTEM', '2026-04-20 00:00:00') ON CONFLICT DO NOTHING;
INSERT INTO shopjoy_2604.pd_prod_sku (sku_id, site_id, prod_id, opt_item_id_1, opt_item_id_2, sku_code, add_price, prod_opt_stock, use_yn, reg_by, reg_date) VALUES ('SK000019', 'SITE000001', 'PD000001', 'OI000004', 'OI000008', '1-베이-L', 0, 20, 'Y', 'SYSTEM', '2026-04-20 00:00:00') ON CONFLICT DO NOTHING;
INSERT INTO shopjoy_2604.pd_prod_sku (sku_id, site_id, prod_id, opt_item_id_1, opt_item_id_2, sku_code, add_price, prod_opt_stock, use_yn, reg_by, reg_date) VALUES ('SK000020', 'SITE000001', 'PD000001', 'OI000004', 'OI000009', '1-베이-XL', 0, 20, 'Y', 'SYSTEM', '2026-04-20 00:00:00') ON CONFLICT DO NOTHING;
INSERT INTO shopjoy_2604.pd_prod_sku (sku_id, site_id, prod_id, opt_item_id_1, opt_item_id_2, sku_code, add_price, prod_opt_stock, use_yn, reg_by, reg_date) VALUES ('SK000021', 'SITE000001', 'PD000002', 'OI000010', 'OI000013', '2-화이-S', 0, 20, 'Y', 'SYSTEM', '2026-04-20 00:00:00') ON CONFLICT DO NOTHING;
INSERT INTO shopjoy_2604.pd_prod_sku (sku_id, site_id, prod_id, opt_item_id_1, opt_item_id_2, sku_code, add_price, prod_opt_stock, use_yn, reg_by, reg_date) VALUES ('SK000022', 'SITE000001', 'PD000002', 'OI000010', 'OI000014', '2-화이-M', 0, 20, 'Y', 'SYSTEM', '2026-04-20 00:00:00') ON CONFLICT DO NOTHING;
INSERT INTO shopjoy_2604.pd_prod_sku (sku_id, site_id, prod_id, opt_item_id_1, opt_item_id_2, sku_code, add_price, prod_opt_stock, use_yn, reg_by, reg_date) VALUES ('SK000023', 'SITE000001', 'PD000002', 'OI000010', 'OI000015', '2-화이-L', 0, 20, 'Y', 'SYSTEM', '2026-04-20 00:00:00') ON CONFLICT DO NOTHING;
INSERT INTO shopjoy_2604.pd_prod_sku (sku_id, site_id, prod_id, opt_item_id_1, opt_item_id_2, sku_code, add_price, prod_opt_stock, use_yn, reg_by, reg_date) VALUES ('SK000024', 'SITE000001', 'PD000002', 'OI000010', 'OI000016', '2-화이-XL', 0, 20, 'Y', 'SYSTEM', '2026-04-20 00:00:00') ON CONFLICT DO NOTHING;
INSERT INTO shopjoy_2604.pd_prod_sku (sku_id, site_id, prod_id, opt_item_id_1, opt_item_id_2, sku_code, add_price, prod_opt_stock, use_yn, reg_by, reg_date) VALUES ('SK000025', 'SITE000001', 'PD000002', 'OI000010', 'OI000017', '2-화이-XXL', 0, 20, 'Y', 'SYSTEM', '2026-04-20 00:00:00') ON CONFLICT DO NOTHING;
INSERT INTO shopjoy_2604.pd_prod_sku (sku_id, site_id, prod_id, opt_item_id_1, opt_item_id_2, sku_code, add_price, prod_opt_stock, use_yn, reg_by, reg_date) VALUES ('SK000026', 'SITE000001', 'PD000002', 'OI000011', 'OI000013', '2-베이-S', 0, 20, 'Y', 'SYSTEM', '2026-04-20 00:00:00') ON CONFLICT DO NOTHING;
INSERT INTO shopjoy_2604.pd_prod_sku (sku_id, site_id, prod_id, opt_item_id_1, opt_item_id_2, sku_code, add_price, prod_opt_stock, use_yn, reg_by, reg_date) VALUES ('SK000027', 'SITE000001', 'PD000002', 'OI000011', 'OI000014', '2-베이-M', 0, 20, 'Y', 'SYSTEM', '2026-04-20 00:00:00') ON CONFLICT DO NOTHING;
INSERT INTO shopjoy_2604.pd_prod_sku (sku_id, site_id, prod_id, opt_item_id_1, opt_item_id_2, sku_code, add_price, prod_opt_stock, use_yn, reg_by, reg_date) VALUES ('SK000028', 'SITE000001', 'PD000002', 'OI000011', 'OI000015', '2-베이-L', 0, 20, 'Y', 'SYSTEM', '2026-04-20 00:00:00') ON CONFLICT DO NOTHING;
INSERT INTO shopjoy_2604.pd_prod_sku (sku_id, site_id, prod_id, opt_item_id_1, opt_item_id_2, sku_code, add_price, prod_opt_stock, use_yn, reg_by, reg_date) VALUES ('SK000029', 'SITE000001', 'PD000002', 'OI000011', 'OI000016', '2-베이-XL', 0, 20, 'Y', 'SYSTEM', '2026-04-20 00:00:00') ON CONFLICT DO NOTHING;
INSERT INTO shopjoy_2604.pd_prod_sku (sku_id, site_id, prod_id, opt_item_id_1, opt_item_id_2, sku_code, add_price, prod_opt_stock, use_yn, reg_by, reg_date) VALUES ('SK000030', 'SITE000001', 'PD000002', 'OI000011', 'OI000017', '2-베이-XXL', 0, 20, 'Y', 'SYSTEM', '2026-04-20 00:00:00') ON CONFLICT DO NOTHING;
INSERT INTO shopjoy_2604.pd_prod_sku (sku_id, site_id, prod_id, opt_item_id_1, opt_item_id_2, sku_code, add_price, prod_opt_stock, use_yn, reg_by, reg_date) VALUES ('SK000031', 'SITE000001', 'PD000002', 'OI000012', 'OI000013', '2-화이-S', 0, 20, 'Y', 'SYSTEM', '2026-04-20 00:00:00') ON CONFLICT DO NOTHING;
INSERT INTO shopjoy_2604.pd_prod_sku (sku_id, site_id, prod_id, opt_item_id_1, opt_item_id_2, sku_code, add_price, prod_opt_stock, use_yn, reg_by, reg_date) VALUES ('SK000032', 'SITE000001', 'PD000002', 'OI000012', 'OI000014', '2-화이-M', 0, 20, 'Y', 'SYSTEM', '2026-04-20 00:00:00') ON CONFLICT DO NOTHING;
INSERT INTO shopjoy_2604.pd_prod_sku (sku_id, site_id, prod_id, opt_item_id_1, opt_item_id_2, sku_code, add_price, prod_opt_stock, use_yn, reg_by, reg_date) VALUES ('SK000033', 'SITE000001', 'PD000002', 'OI000012', 'OI000015', '2-화이-L', 0, 20, 'Y', 'SYSTEM', '2026-04-20 00:00:00') ON CONFLICT DO NOTHING;
INSERT INTO shopjoy_2604.pd_prod_sku (sku_id, site_id, prod_id, opt_item_id_1, opt_item_id_2, sku_code, add_price, prod_opt_stock, use_yn, reg_by, reg_date) VALUES ('SK000034', 'SITE000001', 'PD000002', 'OI000012', 'OI000016', '2-화이-XL', 0, 20, 'Y', 'SYSTEM', '2026-04-20 00:00:00') ON CONFLICT DO NOTHING;
INSERT INTO shopjoy_2604.pd_prod_sku (sku_id, site_id, prod_id, opt_item_id_1, opt_item_id_2, sku_code, add_price, prod_opt_stock, use_yn, reg_by, reg_date) VALUES ('SK000035', 'SITE000001', 'PD000002', 'OI000012', 'OI000017', '2-화이-XXL', 0, 20, 'Y', 'SYSTEM', '2026-04-20 00:00:00') ON CONFLICT DO NOTHING;
INSERT INTO shopjoy_2604.pd_prod_sku (sku_id, site_id, prod_id, opt_item_id_1, opt_item_id_2, sku_code, add_price, prod_opt_stock, use_yn, reg_by, reg_date) VALUES ('SK000036', 'SITE000001', 'PD000003', 'OI000018', 'OI000023', '3-아이-XS', 0, 20, 'Y', 'SYSTEM', '2026-04-20 00:00:00') ON CONFLICT DO NOTHING;
INSERT INTO shopjoy_2604.pd_prod_sku (sku_id, site_id, prod_id, opt_item_id_1, opt_item_id_2, sku_code, add_price, prod_opt_stock, use_yn, reg_by, reg_date) VALUES ('SK000037', 'SITE000001', 'PD000003', 'OI000018', 'OI000024', '3-아이-S', 0, 20, 'Y', 'SYSTEM', '2026-04-20 00:00:00') ON CONFLICT DO NOTHING;
INSERT INTO shopjoy_2604.pd_prod_sku (sku_id, site_id, prod_id, opt_item_id_1, opt_item_id_2, sku_code, add_price, prod_opt_stock, use_yn, reg_by, reg_date) VALUES ('SK000038', 'SITE000001', 'PD000003', 'OI000018', 'OI000025', '3-아이-M', 0, 20, 'Y', 'SYSTEM', '2026-04-20 00:00:00') ON CONFLICT DO NOTHING;
INSERT INTO shopjoy_2604.pd_prod_sku (sku_id, site_id, prod_id, opt_item_id_1, opt_item_id_2, sku_code, add_price, prod_opt_stock, use_yn, reg_by, reg_date) VALUES ('SK000039', 'SITE000001', 'PD000003', 'OI000018', 'OI000026', '3-아이-L', 0, 20, 'Y', 'SYSTEM', '2026-04-20 00:00:00') ON CONFLICT DO NOTHING;
INSERT INTO shopjoy_2604.pd_prod_sku (sku_id, site_id, prod_id, opt_item_id_1, opt_item_id_2, sku_code, add_price, prod_opt_stock, use_yn, reg_by, reg_date) VALUES ('SK000040', 'SITE000001', 'PD000003', 'OI000018', 'OI000027', '3-아이-XL', 0, 20, 'Y', 'SYSTEM', '2026-04-20 00:00:00') ON CONFLICT DO NOTHING;
INSERT INTO shopjoy_2604.pd_prod_sku (sku_id, site_id, prod_id, opt_item_id_1, opt_item_id_2, sku_code, add_price, prod_opt_stock, use_yn, reg_by, reg_date) VALUES ('SK000041', 'SITE000001', 'PD000003', 'OI000019', 'OI000023', '3-카멜-XS', 0, 20, 'Y', 'SYSTEM', '2026-04-20 00:00:00') ON CONFLICT DO NOTHING;
INSERT INTO shopjoy_2604.pd_prod_sku (sku_id, site_id, prod_id, opt_item_id_1, opt_item_id_2, sku_code, add_price, prod_opt_stock, use_yn, reg_by, reg_date) VALUES ('SK000042', 'SITE000001', 'PD000003', 'OI000019', 'OI000024', '3-카멜-S', 0, 20, 'Y', 'SYSTEM', '2026-04-20 00:00:00') ON CONFLICT DO NOTHING;
INSERT INTO shopjoy_2604.pd_prod_sku (sku_id, site_id, prod_id, opt_item_id_1, opt_item_id_2, sku_code, add_price, prod_opt_stock, use_yn, reg_by, reg_date) VALUES ('SK000043', 'SITE000001', 'PD000003', 'OI000019', 'OI000025', '3-카멜-M', 0, 20, 'Y', 'SYSTEM', '2026-04-20 00:00:00') ON CONFLICT DO NOTHING;
INSERT INTO shopjoy_2604.pd_prod_sku (sku_id, site_id, prod_id, opt_item_id_1, opt_item_id_2, sku_code, add_price, prod_opt_stock, use_yn, reg_by, reg_date) VALUES ('SK000044', 'SITE000001', 'PD000003', 'OI000019', 'OI000026', '3-카멜-L', 0, 20, 'Y', 'SYSTEM', '2026-04-20 00:00:00') ON CONFLICT DO NOTHING;
INSERT INTO shopjoy_2604.pd_prod_sku (sku_id, site_id, prod_id, opt_item_id_1, opt_item_id_2, sku_code, add_price, prod_opt_stock, use_yn, reg_by, reg_date) VALUES ('SK000045', 'SITE000001', 'PD000003', 'OI000019', 'OI000027', '3-카멜-XL', 0, 20, 'Y', 'SYSTEM', '2026-04-20 00:00:00') ON CONFLICT DO NOTHING;
INSERT INTO shopjoy_2604.pd_prod_sku (sku_id, site_id, prod_id, opt_item_id_1, opt_item_id_2, sku_code, add_price, prod_opt_stock, use_yn, reg_by, reg_date) VALUES ('SK000046', 'SITE000001', 'PD000003', 'OI000020', 'OI000023', '3-그레-XS', 0, 20, 'Y', 'SYSTEM', '2026-04-20 00:00:00') ON CONFLICT DO NOTHING;
INSERT INTO shopjoy_2604.pd_prod_sku (sku_id, site_id, prod_id, opt_item_id_1, opt_item_id_2, sku_code, add_price, prod_opt_stock, use_yn, reg_by, reg_date) VALUES ('SK000047', 'SITE000001', 'PD000003', 'OI000020', 'OI000024', '3-그레-S', 0, 20, 'Y', 'SYSTEM', '2026-04-20 00:00:00') ON CONFLICT DO NOTHING;
INSERT INTO shopjoy_2604.pd_prod_sku (sku_id, site_id, prod_id, opt_item_id_1, opt_item_id_2, sku_code, add_price, prod_opt_stock, use_yn, reg_by, reg_date) VALUES ('SK000048', 'SITE000001', 'PD000003', 'OI000020', 'OI000025', '3-그레-M', 0, 20, 'Y', 'SYSTEM', '2026-04-20 00:00:00') ON CONFLICT DO NOTHING;
INSERT INTO shopjoy_2604.pd_prod_sku (sku_id, site_id, prod_id, opt_item_id_1, opt_item_id_2, sku_code, add_price, prod_opt_stock, use_yn, reg_by, reg_date) VALUES ('SK000049', 'SITE000001', 'PD000003', 'OI000020', 'OI000026', '3-그레-L', 0, 20, 'Y', 'SYSTEM', '2026-04-20 00:00:00') ON CONFLICT DO NOTHING;
INSERT INTO shopjoy_2604.pd_prod_sku (sku_id, site_id, prod_id, opt_item_id_1, opt_item_id_2, sku_code, add_price, prod_opt_stock, use_yn, reg_by, reg_date) VALUES ('SK000050', 'SITE000001', 'PD000003', 'OI000020', 'OI000027', '3-그레-XL', 0, 20, 'Y', 'SYSTEM', '2026-04-20 00:00:00') ON CONFLICT DO NOTHING;
INSERT INTO shopjoy_2604.pd_prod_sku (sku_id, site_id, prod_id, opt_item_id_1, opt_item_id_2, sku_code, add_price, prod_opt_stock, use_yn, reg_by, reg_date) VALUES ('SK000051', 'SITE000001', 'PD000003', 'OI000021', 'OI000023', '3-버건-XS', 0, 20, 'Y', 'SYSTEM', '2026-04-20 00:00:00') ON CONFLICT DO NOTHING;
INSERT INTO shopjoy_2604.pd_prod_sku (sku_id, site_id, prod_id, opt_item_id_1, opt_item_id_2, sku_code, add_price, prod_opt_stock, use_yn, reg_by, reg_date) VALUES ('SK000052', 'SITE000001', 'PD000003', 'OI000021', 'OI000024', '3-버건-S', 0, 20, 'Y', 'SYSTEM', '2026-04-20 00:00:00') ON CONFLICT DO NOTHING;
INSERT INTO shopjoy_2604.pd_prod_sku (sku_id, site_id, prod_id, opt_item_id_1, opt_item_id_2, sku_code, add_price, prod_opt_stock, use_yn, reg_by, reg_date) VALUES ('SK000053', 'SITE000001', 'PD000003', 'OI000021', 'OI000025', '3-버건-M', 0, 20, 'Y', 'SYSTEM', '2026-04-20 00:00:00') ON CONFLICT DO NOTHING;
INSERT INTO shopjoy_2604.pd_prod_sku (sku_id, site_id, prod_id, opt_item_id_1, opt_item_id_2, sku_code, add_price, prod_opt_stock, use_yn, reg_by, reg_date) VALUES ('SK000054', 'SITE000001', 'PD000003', 'OI000021', 'OI000026', '3-버건-L', 0, 20, 'Y', 'SYSTEM', '2026-04-20 00:00:00') ON CONFLICT DO NOTHING;
INSERT INTO shopjoy_2604.pd_prod_sku (sku_id, site_id, prod_id, opt_item_id_1, opt_item_id_2, sku_code, add_price, prod_opt_stock, use_yn, reg_by, reg_date) VALUES ('SK000055', 'SITE000001', 'PD000003', 'OI000021', 'OI000027', '3-버건-XL', 0, 20, 'Y', 'SYSTEM', '2026-04-20 00:00:00') ON CONFLICT DO NOTHING;
INSERT INTO shopjoy_2604.pd_prod_sku (sku_id, site_id, prod_id, opt_item_id_1, opt_item_id_2, sku_code, add_price, prod_opt_stock, use_yn, reg_by, reg_date) VALUES ('SK000056', 'SITE000001', 'PD000003', 'OI000022', 'OI000023', '3-네이-XS', 0, 20, 'Y', 'SYSTEM', '2026-04-20 00:00:00') ON CONFLICT DO NOTHING;
INSERT INTO shopjoy_2604.pd_prod_sku (sku_id, site_id, prod_id, opt_item_id_1, opt_item_id_2, sku_code, add_price, prod_opt_stock, use_yn, reg_by, reg_date) VALUES ('SK000057', 'SITE000001', 'PD000003', 'OI000022', 'OI000024', '3-네이-S', 0, 20, 'Y', 'SYSTEM', '2026-04-20 00:00:00') ON CONFLICT DO NOTHING;
INSERT INTO shopjoy_2604.pd_prod_sku (sku_id, site_id, prod_id, opt_item_id_1, opt_item_id_2, sku_code, add_price, prod_opt_stock, use_yn, reg_by, reg_date) VALUES ('SK000058', 'SITE000001', 'PD000003', 'OI000022', 'OI000025', '3-네이-M', 0, 20, 'Y', 'SYSTEM', '2026-04-20 00:00:00') ON CONFLICT DO NOTHING;
INSERT INTO shopjoy_2604.pd_prod_sku (sku_id, site_id, prod_id, opt_item_id_1, opt_item_id_2, sku_code, add_price, prod_opt_stock, use_yn, reg_by, reg_date) VALUES ('SK000059', 'SITE000001', 'PD000003', 'OI000022', 'OI000026', '3-네이-L', 0, 20, 'Y', 'SYSTEM', '2026-04-20 00:00:00') ON CONFLICT DO NOTHING;
INSERT INTO shopjoy_2604.pd_prod_sku (sku_id, site_id, prod_id, opt_item_id_1, opt_item_id_2, sku_code, add_price, prod_opt_stock, use_yn, reg_by, reg_date) VALUES ('SK000060', 'SITE000001', 'PD000003', 'OI000022', 'OI000027', '3-네이-XL', 0, 20, 'Y', 'SYSTEM', '2026-04-20 00:00:00') ON CONFLICT DO NOTHING;
INSERT INTO shopjoy_2604.pd_prod_sku (sku_id, site_id, prod_id, opt_item_id_1, opt_item_id_2, sku_code, add_price, prod_opt_stock, use_yn, reg_by, reg_date) VALUES ('SK000061', 'SITE000001', 'PD000004', 'OI000028', 'OI000032', '4-블랙-S', 0, 20, 'Y', 'SYSTEM', '2026-04-20 00:00:00') ON CONFLICT DO NOTHING;
INSERT INTO shopjoy_2604.pd_prod_sku (sku_id, site_id, prod_id, opt_item_id_1, opt_item_id_2, sku_code, add_price, prod_opt_stock, use_yn, reg_by, reg_date) VALUES ('SK000062', 'SITE000001', 'PD000004', 'OI000028', 'OI000033', '4-블랙-M', 0, 20, 'Y', 'SYSTEM', '2026-04-20 00:00:00') ON CONFLICT DO NOTHING;
INSERT INTO shopjoy_2604.pd_prod_sku (sku_id, site_id, prod_id, opt_item_id_1, opt_item_id_2, sku_code, add_price, prod_opt_stock, use_yn, reg_by, reg_date) VALUES ('SK000063', 'SITE000001', 'PD000004', 'OI000028', 'OI000034', '4-블랙-L', 0, 20, 'Y', 'SYSTEM', '2026-04-20 00:00:00') ON CONFLICT DO NOTHING;
INSERT INTO shopjoy_2604.pd_prod_sku (sku_id, site_id, prod_id, opt_item_id_1, opt_item_id_2, sku_code, add_price, prod_opt_stock, use_yn, reg_by, reg_date) VALUES ('SK000064', 'SITE000001', 'PD000004', 'OI000028', 'OI000035', '4-블랙-XL', 0, 20, 'Y', 'SYSTEM', '2026-04-20 00:00:00') ON CONFLICT DO NOTHING;
INSERT INTO shopjoy_2604.pd_prod_sku (sku_id, site_id, prod_id, opt_item_id_1, opt_item_id_2, sku_code, add_price, prod_opt_stock, use_yn, reg_by, reg_date) VALUES ('SK000065', 'SITE000001', 'PD000004', 'OI000029', 'OI000032', '4-그레-S', 0, 20, 'Y', 'SYSTEM', '2026-04-20 00:00:00') ON CONFLICT DO NOTHING;
INSERT INTO shopjoy_2604.pd_prod_sku (sku_id, site_id, prod_id, opt_item_id_1, opt_item_id_2, sku_code, add_price, prod_opt_stock, use_yn, reg_by, reg_date) VALUES ('SK000066', 'SITE000001', 'PD000004', 'OI000029', 'OI000033', '4-그레-M', 0, 20, 'Y', 'SYSTEM', '2026-04-20 00:00:00') ON CONFLICT DO NOTHING;
INSERT INTO shopjoy_2604.pd_prod_sku (sku_id, site_id, prod_id, opt_item_id_1, opt_item_id_2, sku_code, add_price, prod_opt_stock, use_yn, reg_by, reg_date) VALUES ('SK000067', 'SITE000001', 'PD000004', 'OI000029', 'OI000034', '4-그레-L', 0, 20, 'Y', 'SYSTEM', '2026-04-20 00:00:00') ON CONFLICT DO NOTHING;
INSERT INTO shopjoy_2604.pd_prod_sku (sku_id, site_id, prod_id, opt_item_id_1, opt_item_id_2, sku_code, add_price, prod_opt_stock, use_yn, reg_by, reg_date) VALUES ('SK000068', 'SITE000001', 'PD000004', 'OI000029', 'OI000035', '4-그레-XL', 0, 20, 'Y', 'SYSTEM', '2026-04-20 00:00:00') ON CONFLICT DO NOTHING;
INSERT INTO shopjoy_2604.pd_prod_sku (sku_id, site_id, prod_id, opt_item_id_1, opt_item_id_2, sku_code, add_price, prod_opt_stock, use_yn, reg_by, reg_date) VALUES ('SK000069', 'SITE000001', 'PD000004', 'OI000030', 'OI000032', '4-핑크-S', 0, 20, 'Y', 'SYSTEM', '2026-04-20 00:00:00') ON CONFLICT DO NOTHING;
INSERT INTO shopjoy_2604.pd_prod_sku (sku_id, site_id, prod_id, opt_item_id_1, opt_item_id_2, sku_code, add_price, prod_opt_stock, use_yn, reg_by, reg_date) VALUES ('SK000070', 'SITE000001', 'PD000004', 'OI000030', 'OI000033', '4-핑크-M', 0, 20, 'Y', 'SYSTEM', '2026-04-20 00:00:00') ON CONFLICT DO NOTHING;
INSERT INTO shopjoy_2604.pd_prod_sku (sku_id, site_id, prod_id, opt_item_id_1, opt_item_id_2, sku_code, add_price, prod_opt_stock, use_yn, reg_by, reg_date) VALUES ('SK000071', 'SITE000001', 'PD000004', 'OI000030', 'OI000034', '4-핑크-L', 0, 20, 'Y', 'SYSTEM', '2026-04-20 00:00:00') ON CONFLICT DO NOTHING;
INSERT INTO shopjoy_2604.pd_prod_sku (sku_id, site_id, prod_id, opt_item_id_1, opt_item_id_2, sku_code, add_price, prod_opt_stock, use_yn, reg_by, reg_date) VALUES ('SK000072', 'SITE000001', 'PD000004', 'OI000030', 'OI000035', '4-핑크-XL', 0, 20, 'Y', 'SYSTEM', '2026-04-20 00:00:00') ON CONFLICT DO NOTHING;
INSERT INTO shopjoy_2604.pd_prod_sku (sku_id, site_id, prod_id, opt_item_id_1, opt_item_id_2, sku_code, add_price, prod_opt_stock, use_yn, reg_by, reg_date) VALUES ('SK000073', 'SITE000001', 'PD000004', 'OI000031', 'OI000032', '4-민트-S', 0, 20, 'Y', 'SYSTEM', '2026-04-20 00:00:00') ON CONFLICT DO NOTHING;
INSERT INTO shopjoy_2604.pd_prod_sku (sku_id, site_id, prod_id, opt_item_id_1, opt_item_id_2, sku_code, add_price, prod_opt_stock, use_yn, reg_by, reg_date) VALUES ('SK000074', 'SITE000001', 'PD000004', 'OI000031', 'OI000033', '4-민트-M', 0, 20, 'Y', 'SYSTEM', '2026-04-20 00:00:00') ON CONFLICT DO NOTHING;
INSERT INTO shopjoy_2604.pd_prod_sku (sku_id, site_id, prod_id, opt_item_id_1, opt_item_id_2, sku_code, add_price, prod_opt_stock, use_yn, reg_by, reg_date) VALUES ('SK000075', 'SITE000001', 'PD000004', 'OI000031', 'OI000034', '4-민트-L', 0, 20, 'Y', 'SYSTEM', '2026-04-20 00:00:00') ON CONFLICT DO NOTHING;
INSERT INTO shopjoy_2604.pd_prod_sku (sku_id, site_id, prod_id, opt_item_id_1, opt_item_id_2, sku_code, add_price, prod_opt_stock, use_yn, reg_by, reg_date) VALUES ('SK000076', 'SITE000001', 'PD000004', 'OI000031', 'OI000035', '4-민트-XL', 0, 20, 'Y', 'SYSTEM', '2026-04-20 00:00:00') ON CONFLICT DO NOTHING;
INSERT INTO shopjoy_2604.pd_prod_sku (sku_id, site_id, prod_id, opt_item_id_1, opt_item_id_2, sku_code, add_price, prod_opt_stock, use_yn, reg_by, reg_date) VALUES ('SK000077', 'SITE000001', 'PD000005', 'OI000036', 'OI000039', '5-레드-S', 0, 20, 'Y', 'SYSTEM', '2026-04-20 00:00:00') ON CONFLICT DO NOTHING;
INSERT INTO shopjoy_2604.pd_prod_sku (sku_id, site_id, prod_id, opt_item_id_1, opt_item_id_2, sku_code, add_price, prod_opt_stock, use_yn, reg_by, reg_date) VALUES ('SK000078', 'SITE000001', 'PD000005', 'OI000036', 'OI000040', '5-레드-M', 0, 20, 'Y', 'SYSTEM', '2026-04-20 00:00:00') ON CONFLICT DO NOTHING;
INSERT INTO shopjoy_2604.pd_prod_sku (sku_id, site_id, prod_id, opt_item_id_1, opt_item_id_2, sku_code, add_price, prod_opt_stock, use_yn, reg_by, reg_date) VALUES ('SK000079', 'SITE000001', 'PD000005', 'OI000036', 'OI000041', '5-레드-L', 0, 20, 'Y', 'SYSTEM', '2026-04-20 00:00:00') ON CONFLICT DO NOTHING;
INSERT INTO shopjoy_2604.pd_prod_sku (sku_id, site_id, prod_id, opt_item_id_1, opt_item_id_2, sku_code, add_price, prod_opt_stock, use_yn, reg_by, reg_date) VALUES ('SK000080', 'SITE000001', 'PD000005', 'OI000036', 'OI000042', '5-레드-XL', 0, 20, 'Y', 'SYSTEM', '2026-04-20 00:00:00') ON CONFLICT DO NOTHING;
INSERT INTO shopjoy_2604.pd_prod_sku (sku_id, site_id, prod_id, opt_item_id_1, opt_item_id_2, sku_code, add_price, prod_opt_stock, use_yn, reg_by, reg_date) VALUES ('SK000081', 'SITE000001', 'PD000005', 'OI000036', 'OI000043', '5-레드-XXL', 0, 20, 'Y', 'SYSTEM', '2026-04-20 00:00:00') ON CONFLICT DO NOTHING;
INSERT INTO shopjoy_2604.pd_prod_sku (sku_id, site_id, prod_id, opt_item_id_1, opt_item_id_2, sku_code, add_price, prod_opt_stock, use_yn, reg_by, reg_date) VALUES ('SK000082', 'SITE000001', 'PD000005', 'OI000037', 'OI000039', '5-블루-S', 0, 20, 'Y', 'SYSTEM', '2026-04-20 00:00:00') ON CONFLICT DO NOTHING;
INSERT INTO shopjoy_2604.pd_prod_sku (sku_id, site_id, prod_id, opt_item_id_1, opt_item_id_2, sku_code, add_price, prod_opt_stock, use_yn, reg_by, reg_date) VALUES ('SK000083', 'SITE000001', 'PD000005', 'OI000037', 'OI000040', '5-블루-M', 0, 20, 'Y', 'SYSTEM', '2026-04-20 00:00:00') ON CONFLICT DO NOTHING;
INSERT INTO shopjoy_2604.pd_prod_sku (sku_id, site_id, prod_id, opt_item_id_1, opt_item_id_2, sku_code, add_price, prod_opt_stock, use_yn, reg_by, reg_date) VALUES ('SK000084', 'SITE000001', 'PD000005', 'OI000037', 'OI000041', '5-블루-L', 0, 20, 'Y', 'SYSTEM', '2026-04-20 00:00:00') ON CONFLICT DO NOTHING;
INSERT INTO shopjoy_2604.pd_prod_sku (sku_id, site_id, prod_id, opt_item_id_1, opt_item_id_2, sku_code, add_price, prod_opt_stock, use_yn, reg_by, reg_date) VALUES ('SK000085', 'SITE000001', 'PD000005', 'OI000037', 'OI000042', '5-블루-XL', 0, 20, 'Y', 'SYSTEM', '2026-04-20 00:00:00') ON CONFLICT DO NOTHING;
INSERT INTO shopjoy_2604.pd_prod_sku (sku_id, site_id, prod_id, opt_item_id_1, opt_item_id_2, sku_code, add_price, prod_opt_stock, use_yn, reg_by, reg_date) VALUES ('SK000086', 'SITE000001', 'PD000005', 'OI000037', 'OI000043', '5-블루-XXL', 0, 20, 'Y', 'SYSTEM', '2026-04-20 00:00:00') ON CONFLICT DO NOTHING;
INSERT INTO shopjoy_2604.pd_prod_sku (sku_id, site_id, prod_id, opt_item_id_1, opt_item_id_2, sku_code, add_price, prod_opt_stock, use_yn, reg_by, reg_date) VALUES ('SK000087', 'SITE000001', 'PD000005', 'OI000038', 'OI000039', '5-그린-S', 0, 20, 'Y', 'SYSTEM', '2026-04-20 00:00:00') ON CONFLICT DO NOTHING;
INSERT INTO shopjoy_2604.pd_prod_sku (sku_id, site_id, prod_id, opt_item_id_1, opt_item_id_2, sku_code, add_price, prod_opt_stock, use_yn, reg_by, reg_date) VALUES ('SK000088', 'SITE000001', 'PD000005', 'OI000038', 'OI000040', '5-그린-M', 0, 20, 'Y', 'SYSTEM', '2026-04-20 00:00:00') ON CONFLICT DO NOTHING;
INSERT INTO shopjoy_2604.pd_prod_sku (sku_id, site_id, prod_id, opt_item_id_1, opt_item_id_2, sku_code, add_price, prod_opt_stock, use_yn, reg_by, reg_date) VALUES ('SK000089', 'SITE000001', 'PD000005', 'OI000038', 'OI000041', '5-그린-L', 0, 20, 'Y', 'SYSTEM', '2026-04-20 00:00:00') ON CONFLICT DO NOTHING;
INSERT INTO shopjoy_2604.pd_prod_sku (sku_id, site_id, prod_id, opt_item_id_1, opt_item_id_2, sku_code, add_price, prod_opt_stock, use_yn, reg_by, reg_date) VALUES ('SK000090', 'SITE000001', 'PD000005', 'OI000038', 'OI000042', '5-그린-XL', 0, 20, 'Y', 'SYSTEM', '2026-04-20 00:00:00') ON CONFLICT DO NOTHING;
INSERT INTO shopjoy_2604.pd_prod_sku (sku_id, site_id, prod_id, opt_item_id_1, opt_item_id_2, sku_code, add_price, prod_opt_stock, use_yn, reg_by, reg_date) VALUES ('SK000091', 'SITE000001', 'PD000005', 'OI000038', 'OI000043', '5-그린-XXL', 0, 20, 'Y', 'SYSTEM', '2026-04-20 00:00:00') ON CONFLICT DO NOTHING;
INSERT INTO shopjoy_2604.pd_prod_sku (sku_id, site_id, prod_id, opt_item_id_1, opt_item_id_2, sku_code, add_price, prod_opt_stock, use_yn, reg_by, reg_date) VALUES ('SK000092', 'SITE000001', 'PD000006', 'OI000044', 'OI000049', '6-블랙-XS', 0, 20, 'Y', 'SYSTEM', '2026-04-20 00:00:00') ON CONFLICT DO NOTHING;
INSERT INTO shopjoy_2604.pd_prod_sku (sku_id, site_id, prod_id, opt_item_id_1, opt_item_id_2, sku_code, add_price, prod_opt_stock, use_yn, reg_by, reg_date) VALUES ('SK000093', 'SITE000001', 'PD000006', 'OI000044', 'OI000050', '6-블랙-S', 0, 20, 'Y', 'SYSTEM', '2026-04-20 00:00:00') ON CONFLICT DO NOTHING;
INSERT INTO shopjoy_2604.pd_prod_sku (sku_id, site_id, prod_id, opt_item_id_1, opt_item_id_2, sku_code, add_price, prod_opt_stock, use_yn, reg_by, reg_date) VALUES ('SK000094', 'SITE000001', 'PD000006', 'OI000044', 'OI000051', '6-블랙-M', 0, 20, 'Y', 'SYSTEM', '2026-04-20 00:00:00') ON CONFLICT DO NOTHING;
INSERT INTO shopjoy_2604.pd_prod_sku (sku_id, site_id, prod_id, opt_item_id_1, opt_item_id_2, sku_code, add_price, prod_opt_stock, use_yn, reg_by, reg_date) VALUES ('SK000095', 'SITE000001', 'PD000006', 'OI000044', 'OI000052', '6-블랙-L', 0, 20, 'Y', 'SYSTEM', '2026-04-20 00:00:00') ON CONFLICT DO NOTHING;
INSERT INTO shopjoy_2604.pd_prod_sku (sku_id, site_id, prod_id, opt_item_id_1, opt_item_id_2, sku_code, add_price, prod_opt_stock, use_yn, reg_by, reg_date) VALUES ('SK000096', 'SITE000001', 'PD000006', 'OI000044', 'OI000053', '6-블랙-XL', 0, 20, 'Y', 'SYSTEM', '2026-04-20 00:00:00') ON CONFLICT DO NOTHING;
INSERT INTO shopjoy_2604.pd_prod_sku (sku_id, site_id, prod_id, opt_item_id_1, opt_item_id_2, sku_code, add_price, prod_opt_stock, use_yn, reg_by, reg_date) VALUES ('SK000097', 'SITE000001', 'PD000006', 'OI000045', 'OI000049', '6-화이-XS', 0, 20, 'Y', 'SYSTEM', '2026-04-20 00:00:00') ON CONFLICT DO NOTHING;
INSERT INTO shopjoy_2604.pd_prod_sku (sku_id, site_id, prod_id, opt_item_id_1, opt_item_id_2, sku_code, add_price, prod_opt_stock, use_yn, reg_by, reg_date) VALUES ('SK000098', 'SITE000001', 'PD000006', 'OI000045', 'OI000050', '6-화이-S', 0, 20, 'Y', 'SYSTEM', '2026-04-20 00:00:00') ON CONFLICT DO NOTHING;
INSERT INTO shopjoy_2604.pd_prod_sku (sku_id, site_id, prod_id, opt_item_id_1, opt_item_id_2, sku_code, add_price, prod_opt_stock, use_yn, reg_by, reg_date) VALUES ('SK000099', 'SITE000001', 'PD000006', 'OI000045', 'OI000051', '6-화이-M', 0, 20, 'Y', 'SYSTEM', '2026-04-20 00:00:00') ON CONFLICT DO NOTHING;
INSERT INTO shopjoy_2604.pd_prod_sku (sku_id, site_id, prod_id, opt_item_id_1, opt_item_id_2, sku_code, add_price, prod_opt_stock, use_yn, reg_by, reg_date) VALUES ('SK000100', 'SITE000001', 'PD000006', 'OI000045', 'OI000052', '6-화이-L', 0, 20, 'Y', 'SYSTEM', '2026-04-20 00:00:00') ON CONFLICT DO NOTHING;
INSERT INTO shopjoy_2604.pd_prod_sku (sku_id, site_id, prod_id, opt_item_id_1, opt_item_id_2, sku_code, add_price, prod_opt_stock, use_yn, reg_by, reg_date) VALUES ('SK000101', 'SITE000001', 'PD000006', 'OI000045', 'OI000053', '6-화이-XL', 0, 20, 'Y', 'SYSTEM', '2026-04-20 00:00:00') ON CONFLICT DO NOTHING;
INSERT INTO shopjoy_2604.pd_prod_sku (sku_id, site_id, prod_id, opt_item_id_1, opt_item_id_2, sku_code, add_price, prod_opt_stock, use_yn, reg_by, reg_date) VALUES ('SK000102', 'SITE000001', 'PD000006', 'OI000046', 'OI000049', '6-그레-XS', 0, 20, 'Y', 'SYSTEM', '2026-04-20 00:00:00') ON CONFLICT DO NOTHING;
INSERT INTO shopjoy_2604.pd_prod_sku (sku_id, site_id, prod_id, opt_item_id_1, opt_item_id_2, sku_code, add_price, prod_opt_stock, use_yn, reg_by, reg_date) VALUES ('SK000103', 'SITE000001', 'PD000006', 'OI000046', 'OI000050', '6-그레-S', 0, 20, 'Y', 'SYSTEM', '2026-04-20 00:00:00') ON CONFLICT DO NOTHING;
INSERT INTO shopjoy_2604.pd_prod_sku (sku_id, site_id, prod_id, opt_item_id_1, opt_item_id_2, sku_code, add_price, prod_opt_stock, use_yn, reg_by, reg_date) VALUES ('SK000104', 'SITE000001', 'PD000006', 'OI000046', 'OI000051', '6-그레-M', 0, 20, 'Y', 'SYSTEM', '2026-04-20 00:00:00') ON CONFLICT DO NOTHING;
INSERT INTO shopjoy_2604.pd_prod_sku (sku_id, site_id, prod_id, opt_item_id_1, opt_item_id_2, sku_code, add_price, prod_opt_stock, use_yn, reg_by, reg_date) VALUES ('SK000105', 'SITE000001', 'PD000006', 'OI000046', 'OI000052', '6-그레-L', 0, 20, 'Y', 'SYSTEM', '2026-04-20 00:00:00') ON CONFLICT DO NOTHING;
INSERT INTO shopjoy_2604.pd_prod_sku (sku_id, site_id, prod_id, opt_item_id_1, opt_item_id_2, sku_code, add_price, prod_opt_stock, use_yn, reg_by, reg_date) VALUES ('SK000106', 'SITE000001', 'PD000006', 'OI000046', 'OI000053', '6-그레-XL', 0, 20, 'Y', 'SYSTEM', '2026-04-20 00:00:00') ON CONFLICT DO NOTHING;
INSERT INTO shopjoy_2604.pd_prod_sku (sku_id, site_id, prod_id, opt_item_id_1, opt_item_id_2, sku_code, add_price, prod_opt_stock, use_yn, reg_by, reg_date) VALUES ('SK000107', 'SITE000001', 'PD000006', 'OI000047', 'OI000049', '6-네이-XS', 0, 20, 'Y', 'SYSTEM', '2026-04-20 00:00:00') ON CONFLICT DO NOTHING;
INSERT INTO shopjoy_2604.pd_prod_sku (sku_id, site_id, prod_id, opt_item_id_1, opt_item_id_2, sku_code, add_price, prod_opt_stock, use_yn, reg_by, reg_date) VALUES ('SK000108', 'SITE000001', 'PD000006', 'OI000047', 'OI000050', '6-네이-S', 0, 20, 'Y', 'SYSTEM', '2026-04-20 00:00:00') ON CONFLICT DO NOTHING;
INSERT INTO shopjoy_2604.pd_prod_sku (sku_id, site_id, prod_id, opt_item_id_1, opt_item_id_2, sku_code, add_price, prod_opt_stock, use_yn, reg_by, reg_date) VALUES ('SK000109', 'SITE000001', 'PD000006', 'OI000047', 'OI000051', '6-네이-M', 0, 20, 'Y', 'SYSTEM', '2026-04-20 00:00:00') ON CONFLICT DO NOTHING;
INSERT INTO shopjoy_2604.pd_prod_sku (sku_id, site_id, prod_id, opt_item_id_1, opt_item_id_2, sku_code, add_price, prod_opt_stock, use_yn, reg_by, reg_date) VALUES ('SK000110', 'SITE000001', 'PD000006', 'OI000047', 'OI000052', '6-네이-L', 0, 20, 'Y', 'SYSTEM', '2026-04-20 00:00:00') ON CONFLICT DO NOTHING;
INSERT INTO shopjoy_2604.pd_prod_sku (sku_id, site_id, prod_id, opt_item_id_1, opt_item_id_2, sku_code, add_price, prod_opt_stock, use_yn, reg_by, reg_date) VALUES ('SK000111', 'SITE000001', 'PD000006', 'OI000047', 'OI000053', '6-네이-XL', 0, 20, 'Y', 'SYSTEM', '2026-04-20 00:00:00') ON CONFLICT DO NOTHING;
INSERT INTO shopjoy_2604.pd_prod_sku (sku_id, site_id, prod_id, opt_item_id_1, opt_item_id_2, sku_code, add_price, prod_opt_stock, use_yn, reg_by, reg_date) VALUES ('SK000112', 'SITE000001', 'PD000006', 'OI000048', 'OI000049', '6-와인-XS', 0, 20, 'Y', 'SYSTEM', '2026-04-20 00:00:00') ON CONFLICT DO NOTHING;
INSERT INTO shopjoy_2604.pd_prod_sku (sku_id, site_id, prod_id, opt_item_id_1, opt_item_id_2, sku_code, add_price, prod_opt_stock, use_yn, reg_by, reg_date) VALUES ('SK000113', 'SITE000001', 'PD000006', 'OI000048', 'OI000050', '6-와인-S', 0, 20, 'Y', 'SYSTEM', '2026-04-20 00:00:00') ON CONFLICT DO NOTHING;
INSERT INTO shopjoy_2604.pd_prod_sku (sku_id, site_id, prod_id, opt_item_id_1, opt_item_id_2, sku_code, add_price, prod_opt_stock, use_yn, reg_by, reg_date) VALUES ('SK000114', 'SITE000001', 'PD000006', 'OI000048', 'OI000051', '6-와인-M', 0, 20, 'Y', 'SYSTEM', '2026-04-20 00:00:00') ON CONFLICT DO NOTHING;
INSERT INTO shopjoy_2604.pd_prod_sku (sku_id, site_id, prod_id, opt_item_id_1, opt_item_id_2, sku_code, add_price, prod_opt_stock, use_yn, reg_by, reg_date) VALUES ('SK000115', 'SITE000001', 'PD000006', 'OI000048', 'OI000052', '6-와인-L', 0, 20, 'Y', 'SYSTEM', '2026-04-20 00:00:00') ON CONFLICT DO NOTHING;
INSERT INTO shopjoy_2604.pd_prod_sku (sku_id, site_id, prod_id, opt_item_id_1, opt_item_id_2, sku_code, add_price, prod_opt_stock, use_yn, reg_by, reg_date) VALUES ('SK000116', 'SITE000001', 'PD000006', 'OI000048', 'OI000053', '6-와인-XL', 0, 20, 'Y', 'SYSTEM', '2026-04-20 00:00:00') ON CONFLICT DO NOTHING;
INSERT INTO shopjoy_2604.pd_prod_sku (sku_id, site_id, prod_id, opt_item_id_1, opt_item_id_2, sku_code, add_price, prod_opt_stock, use_yn, reg_by, reg_date) VALUES ('SK000117', 'SITE000001', 'PD000007', 'OI000054', 'OI000058', '7-화이-S', 0, 20, 'Y', 'SYSTEM', '2026-04-20 00:00:00') ON CONFLICT DO NOTHING;
INSERT INTO shopjoy_2604.pd_prod_sku (sku_id, site_id, prod_id, opt_item_id_1, opt_item_id_2, sku_code, add_price, prod_opt_stock, use_yn, reg_by, reg_date) VALUES ('SK000118', 'SITE000001', 'PD000007', 'OI000054', 'OI000059', '7-화이-M', 0, 20, 'Y', 'SYSTEM', '2026-04-20 00:00:00') ON CONFLICT DO NOTHING;
INSERT INTO shopjoy_2604.pd_prod_sku (sku_id, site_id, prod_id, opt_item_id_1, opt_item_id_2, sku_code, add_price, prod_opt_stock, use_yn, reg_by, reg_date) VALUES ('SK000119', 'SITE000001', 'PD000007', 'OI000054', 'OI000060', '7-화이-L', 0, 20, 'Y', 'SYSTEM', '2026-04-20 00:00:00') ON CONFLICT DO NOTHING;
INSERT INTO shopjoy_2604.pd_prod_sku (sku_id, site_id, prod_id, opt_item_id_1, opt_item_id_2, sku_code, add_price, prod_opt_stock, use_yn, reg_by, reg_date) VALUES ('SK000120', 'SITE000001', 'PD000007', 'OI000054', 'OI000061', '7-화이-XL', 0, 20, 'Y', 'SYSTEM', '2026-04-20 00:00:00') ON CONFLICT DO NOTHING;
INSERT INTO shopjoy_2604.pd_prod_sku (sku_id, site_id, prod_id, opt_item_id_1, opt_item_id_2, sku_code, add_price, prod_opt_stock, use_yn, reg_by, reg_date) VALUES ('SK000121', 'SITE000001', 'PD000007', 'OI000055', 'OI000058', '7-베이-S', 0, 20, 'Y', 'SYSTEM', '2026-04-20 00:00:00') ON CONFLICT DO NOTHING;
INSERT INTO shopjoy_2604.pd_prod_sku (sku_id, site_id, prod_id, opt_item_id_1, opt_item_id_2, sku_code, add_price, prod_opt_stock, use_yn, reg_by, reg_date) VALUES ('SK000122', 'SITE000001', 'PD000007', 'OI000055', 'OI000059', '7-베이-M', 0, 20, 'Y', 'SYSTEM', '2026-04-20 00:00:00') ON CONFLICT DO NOTHING;
INSERT INTO shopjoy_2604.pd_prod_sku (sku_id, site_id, prod_id, opt_item_id_1, opt_item_id_2, sku_code, add_price, prod_opt_stock, use_yn, reg_by, reg_date) VALUES ('SK000123', 'SITE000001', 'PD000007', 'OI000055', 'OI000060', '7-베이-L', 0, 20, 'Y', 'SYSTEM', '2026-04-20 00:00:00') ON CONFLICT DO NOTHING;
INSERT INTO shopjoy_2604.pd_prod_sku (sku_id, site_id, prod_id, opt_item_id_1, opt_item_id_2, sku_code, add_price, prod_opt_stock, use_yn, reg_by, reg_date) VALUES ('SK000124', 'SITE000001', 'PD000007', 'OI000055', 'OI000061', '7-베이-XL', 0, 20, 'Y', 'SYSTEM', '2026-04-20 00:00:00') ON CONFLICT DO NOTHING;
INSERT INTO shopjoy_2604.pd_prod_sku (sku_id, site_id, prod_id, opt_item_id_1, opt_item_id_2, sku_code, add_price, prod_opt_stock, use_yn, reg_by, reg_date) VALUES ('SK000125', 'SITE000001', 'PD000007', 'OI000056', 'OI000058', '7-스카-S', 0, 20, 'Y', 'SYSTEM', '2026-04-20 00:00:00') ON CONFLICT DO NOTHING;
INSERT INTO shopjoy_2604.pd_prod_sku (sku_id, site_id, prod_id, opt_item_id_1, opt_item_id_2, sku_code, add_price, prod_opt_stock, use_yn, reg_by, reg_date) VALUES ('SK000126', 'SITE000001', 'PD000007', 'OI000056', 'OI000059', '7-스카-M', 0, 20, 'Y', 'SYSTEM', '2026-04-20 00:00:00') ON CONFLICT DO NOTHING;
INSERT INTO shopjoy_2604.pd_prod_sku (sku_id, site_id, prod_id, opt_item_id_1, opt_item_id_2, sku_code, add_price, prod_opt_stock, use_yn, reg_by, reg_date) VALUES ('SK000127', 'SITE000001', 'PD000007', 'OI000056', 'OI000060', '7-스카-L', 0, 20, 'Y', 'SYSTEM', '2026-04-20 00:00:00') ON CONFLICT DO NOTHING;
INSERT INTO shopjoy_2604.pd_prod_sku (sku_id, site_id, prod_id, opt_item_id_1, opt_item_id_2, sku_code, add_price, prod_opt_stock, use_yn, reg_by, reg_date) VALUES ('SK000128', 'SITE000001', 'PD000007', 'OI000056', 'OI000061', '7-스카-XL', 0, 20, 'Y', 'SYSTEM', '2026-04-20 00:00:00') ON CONFLICT DO NOTHING;
INSERT INTO shopjoy_2604.pd_prod_sku (sku_id, site_id, prod_id, opt_item_id_1, opt_item_id_2, sku_code, add_price, prod_opt_stock, use_yn, reg_by, reg_date) VALUES ('SK000129', 'SITE000001', 'PD000007', 'OI000057', 'OI000058', '7-민트-S', 0, 20, 'Y', 'SYSTEM', '2026-04-20 00:00:00') ON CONFLICT DO NOTHING;
INSERT INTO shopjoy_2604.pd_prod_sku (sku_id, site_id, prod_id, opt_item_id_1, opt_item_id_2, sku_code, add_price, prod_opt_stock, use_yn, reg_by, reg_date) VALUES ('SK000130', 'SITE000001', 'PD000007', 'OI000057', 'OI000059', '7-민트-M', 0, 20, 'Y', 'SYSTEM', '2026-04-20 00:00:00') ON CONFLICT DO NOTHING;
INSERT INTO shopjoy_2604.pd_prod_sku (sku_id, site_id, prod_id, opt_item_id_1, opt_item_id_2, sku_code, add_price, prod_opt_stock, use_yn, reg_by, reg_date) VALUES ('SK000131', 'SITE000001', 'PD000007', 'OI000057', 'OI000060', '7-민트-L', 0, 20, 'Y', 'SYSTEM', '2026-04-20 00:00:00') ON CONFLICT DO NOTHING;
INSERT INTO shopjoy_2604.pd_prod_sku (sku_id, site_id, prod_id, opt_item_id_1, opt_item_id_2, sku_code, add_price, prod_opt_stock, use_yn, reg_by, reg_date) VALUES ('SK000132', 'SITE000001', 'PD000007', 'OI000057', 'OI000061', '7-민트-XL', 0, 20, 'Y', 'SYSTEM', '2026-04-20 00:00:00') ON CONFLICT DO NOTHING;
INSERT INTO shopjoy_2604.pd_prod_sku (sku_id, site_id, prod_id, opt_item_id_1, opt_item_id_2, sku_code, add_price, prod_opt_stock, use_yn, reg_by, reg_date) VALUES ('SK000133', 'SITE000001', 'PD000008', 'OI000062', 'OI000066', '8-블랙-XS', 0, 20, 'Y', 'SYSTEM', '2026-04-20 00:00:00') ON CONFLICT DO NOTHING;
INSERT INTO shopjoy_2604.pd_prod_sku (sku_id, site_id, prod_id, opt_item_id_1, opt_item_id_2, sku_code, add_price, prod_opt_stock, use_yn, reg_by, reg_date) VALUES ('SK000134', 'SITE000001', 'PD000008', 'OI000062', 'OI000067', '8-블랙-S', 0, 20, 'Y', 'SYSTEM', '2026-04-20 00:00:00') ON CONFLICT DO NOTHING;
INSERT INTO shopjoy_2604.pd_prod_sku (sku_id, site_id, prod_id, opt_item_id_1, opt_item_id_2, sku_code, add_price, prod_opt_stock, use_yn, reg_by, reg_date) VALUES ('SK000135', 'SITE000001', 'PD000008', 'OI000062', 'OI000068', '8-블랙-M', 0, 20, 'Y', 'SYSTEM', '2026-04-20 00:00:00') ON CONFLICT DO NOTHING;
INSERT INTO shopjoy_2604.pd_prod_sku (sku_id, site_id, prod_id, opt_item_id_1, opt_item_id_2, sku_code, add_price, prod_opt_stock, use_yn, reg_by, reg_date) VALUES ('SK000136', 'SITE000001', 'PD000008', 'OI000062', 'OI000069', '8-블랙-L', 0, 20, 'Y', 'SYSTEM', '2026-04-20 00:00:00') ON CONFLICT DO NOTHING;
INSERT INTO shopjoy_2604.pd_prod_sku (sku_id, site_id, prod_id, opt_item_id_1, opt_item_id_2, sku_code, add_price, prod_opt_stock, use_yn, reg_by, reg_date) VALUES ('SK000137', 'SITE000001', 'PD000008', 'OI000062', 'OI000070', '8-블랙-XL', 0, 20, 'Y', 'SYSTEM', '2026-04-20 00:00:00') ON CONFLICT DO NOTHING;
INSERT INTO shopjoy_2604.pd_prod_sku (sku_id, site_id, prod_id, opt_item_id_1, opt_item_id_2, sku_code, add_price, prod_opt_stock, use_yn, reg_by, reg_date) VALUES ('SK000138', 'SITE000001', 'PD000008', 'OI000063', 'OI000066', '8-그레-XS', 0, 20, 'Y', 'SYSTEM', '2026-04-20 00:00:00') ON CONFLICT DO NOTHING;
INSERT INTO shopjoy_2604.pd_prod_sku (sku_id, site_id, prod_id, opt_item_id_1, opt_item_id_2, sku_code, add_price, prod_opt_stock, use_yn, reg_by, reg_date) VALUES ('SK000139', 'SITE000001', 'PD000008', 'OI000063', 'OI000067', '8-그레-S', 0, 20, 'Y', 'SYSTEM', '2026-04-20 00:00:00') ON CONFLICT DO NOTHING;
INSERT INTO shopjoy_2604.pd_prod_sku (sku_id, site_id, prod_id, opt_item_id_1, opt_item_id_2, sku_code, add_price, prod_opt_stock, use_yn, reg_by, reg_date) VALUES ('SK000140', 'SITE000001', 'PD000008', 'OI000063', 'OI000068', '8-그레-M', 0, 20, 'Y', 'SYSTEM', '2026-04-20 00:00:00') ON CONFLICT DO NOTHING;
INSERT INTO shopjoy_2604.pd_prod_sku (sku_id, site_id, prod_id, opt_item_id_1, opt_item_id_2, sku_code, add_price, prod_opt_stock, use_yn, reg_by, reg_date) VALUES ('SK000141', 'SITE000001', 'PD000008', 'OI000063', 'OI000069', '8-그레-L', 0, 20, 'Y', 'SYSTEM', '2026-04-20 00:00:00') ON CONFLICT DO NOTHING;
INSERT INTO shopjoy_2604.pd_prod_sku (sku_id, site_id, prod_id, opt_item_id_1, opt_item_id_2, sku_code, add_price, prod_opt_stock, use_yn, reg_by, reg_date) VALUES ('SK000142', 'SITE000001', 'PD000008', 'OI000063', 'OI000070', '8-그레-XL', 0, 20, 'Y', 'SYSTEM', '2026-04-20 00:00:00') ON CONFLICT DO NOTHING;
INSERT INTO shopjoy_2604.pd_prod_sku (sku_id, site_id, prod_id, opt_item_id_1, opt_item_id_2, sku_code, add_price, prod_opt_stock, use_yn, reg_by, reg_date) VALUES ('SK000143', 'SITE000001', 'PD000008', 'OI000064', 'OI000066', '8-네이-XS', 0, 20, 'Y', 'SYSTEM', '2026-04-20 00:00:00') ON CONFLICT DO NOTHING;
INSERT INTO shopjoy_2604.pd_prod_sku (sku_id, site_id, prod_id, opt_item_id_1, opt_item_id_2, sku_code, add_price, prod_opt_stock, use_yn, reg_by, reg_date) VALUES ('SK000144', 'SITE000001', 'PD000008', 'OI000064', 'OI000067', '8-네이-S', 0, 20, 'Y', 'SYSTEM', '2026-04-20 00:00:00') ON CONFLICT DO NOTHING;
INSERT INTO shopjoy_2604.pd_prod_sku (sku_id, site_id, prod_id, opt_item_id_1, opt_item_id_2, sku_code, add_price, prod_opt_stock, use_yn, reg_by, reg_date) VALUES ('SK000145', 'SITE000001', 'PD000008', 'OI000064', 'OI000068', '8-네이-M', 0, 20, 'Y', 'SYSTEM', '2026-04-20 00:00:00') ON CONFLICT DO NOTHING;
INSERT INTO shopjoy_2604.pd_prod_sku (sku_id, site_id, prod_id, opt_item_id_1, opt_item_id_2, sku_code, add_price, prod_opt_stock, use_yn, reg_by, reg_date) VALUES ('SK000146', 'SITE000001', 'PD000008', 'OI000064', 'OI000069', '8-네이-L', 0, 20, 'Y', 'SYSTEM', '2026-04-20 00:00:00') ON CONFLICT DO NOTHING;
INSERT INTO shopjoy_2604.pd_prod_sku (sku_id, site_id, prod_id, opt_item_id_1, opt_item_id_2, sku_code, add_price, prod_opt_stock, use_yn, reg_by, reg_date) VALUES ('SK000147', 'SITE000001', 'PD000008', 'OI000064', 'OI000070', '8-네이-XL', 0, 20, 'Y', 'SYSTEM', '2026-04-20 00:00:00') ON CONFLICT DO NOTHING;
INSERT INTO shopjoy_2604.pd_prod_sku (sku_id, site_id, prod_id, opt_item_id_1, opt_item_id_2, sku_code, add_price, prod_opt_stock, use_yn, reg_by, reg_date) VALUES ('SK000148', 'SITE000001', 'PD000008', 'OI000065', 'OI000066', '8-베이-XS', 0, 20, 'Y', 'SYSTEM', '2026-04-20 00:00:00') ON CONFLICT DO NOTHING;
INSERT INTO shopjoy_2604.pd_prod_sku (sku_id, site_id, prod_id, opt_item_id_1, opt_item_id_2, sku_code, add_price, prod_opt_stock, use_yn, reg_by, reg_date) VALUES ('SK000149', 'SITE000001', 'PD000008', 'OI000065', 'OI000067', '8-베이-S', 0, 20, 'Y', 'SYSTEM', '2026-04-20 00:00:00') ON CONFLICT DO NOTHING;
INSERT INTO shopjoy_2604.pd_prod_sku (sku_id, site_id, prod_id, opt_item_id_1, opt_item_id_2, sku_code, add_price, prod_opt_stock, use_yn, reg_by, reg_date) VALUES ('SK000150', 'SITE000001', 'PD000008', 'OI000065', 'OI000068', '8-베이-M', 0, 20, 'Y', 'SYSTEM', '2026-04-20 00:00:00') ON CONFLICT DO NOTHING;
INSERT INTO shopjoy_2604.pd_prod_sku (sku_id, site_id, prod_id, opt_item_id_1, opt_item_id_2, sku_code, add_price, prod_opt_stock, use_yn, reg_by, reg_date) VALUES ('SK000151', 'SITE000001', 'PD000008', 'OI000065', 'OI000069', '8-베이-L', 0, 20, 'Y', 'SYSTEM', '2026-04-20 00:00:00') ON CONFLICT DO NOTHING;
INSERT INTO shopjoy_2604.pd_prod_sku (sku_id, site_id, prod_id, opt_item_id_1, opt_item_id_2, sku_code, add_price, prod_opt_stock, use_yn, reg_by, reg_date) VALUES ('SK000152', 'SITE000001', 'PD000008', 'OI000065', 'OI000070', '8-베이-XL', 0, 20, 'Y', 'SYSTEM', '2026-04-20 00:00:00') ON CONFLICT DO NOTHING;
INSERT INTO shopjoy_2604.pd_prod_sku (sku_id, site_id, prod_id, opt_item_id_1, opt_item_id_2, sku_code, add_price, prod_opt_stock, use_yn, reg_by, reg_date) VALUES ('SK000153', 'SITE000001', 'PD000009', 'OI000071', 'OI000075', '9-블랙-S', 0, 20, 'Y', 'SYSTEM', '2026-04-20 00:00:00') ON CONFLICT DO NOTHING;
INSERT INTO shopjoy_2604.pd_prod_sku (sku_id, site_id, prod_id, opt_item_id_1, opt_item_id_2, sku_code, add_price, prod_opt_stock, use_yn, reg_by, reg_date) VALUES ('SK000154', 'SITE000001', 'PD000009', 'OI000071', 'OI000076', '9-블랙-M', 0, 20, 'Y', 'SYSTEM', '2026-04-20 00:00:00') ON CONFLICT DO NOTHING;
INSERT INTO shopjoy_2604.pd_prod_sku (sku_id, site_id, prod_id, opt_item_id_1, opt_item_id_2, sku_code, add_price, prod_opt_stock, use_yn, reg_by, reg_date) VALUES ('SK000155', 'SITE000001', 'PD000009', 'OI000071', 'OI000077', '9-블랙-L', 0, 20, 'Y', 'SYSTEM', '2026-04-20 00:00:00') ON CONFLICT DO NOTHING;
INSERT INTO shopjoy_2604.pd_prod_sku (sku_id, site_id, prod_id, opt_item_id_1, opt_item_id_2, sku_code, add_price, prod_opt_stock, use_yn, reg_by, reg_date) VALUES ('SK000156', 'SITE000001', 'PD000009', 'OI000071', 'OI000078', '9-블랙-XL', 0, 20, 'Y', 'SYSTEM', '2026-04-20 00:00:00') ON CONFLICT DO NOTHING;
INSERT INTO shopjoy_2604.pd_prod_sku (sku_id, site_id, prod_id, opt_item_id_1, opt_item_id_2, sku_code, add_price, prod_opt_stock, use_yn, reg_by, reg_date) VALUES ('SK000157', 'SITE000001', 'PD000009', 'OI000071', 'OI000079', '9-블랙-XXL', 0, 20, 'Y', 'SYSTEM', '2026-04-20 00:00:00') ON CONFLICT DO NOTHING;
INSERT INTO shopjoy_2604.pd_prod_sku (sku_id, site_id, prod_id, opt_item_id_1, opt_item_id_2, sku_code, add_price, prod_opt_stock, use_yn, reg_by, reg_date) VALUES ('SK000158', 'SITE000001', 'PD000009', 'OI000072', 'OI000075', '9-그레-S', 0, 20, 'Y', 'SYSTEM', '2026-04-20 00:00:00') ON CONFLICT DO NOTHING;
INSERT INTO shopjoy_2604.pd_prod_sku (sku_id, site_id, prod_id, opt_item_id_1, opt_item_id_2, sku_code, add_price, prod_opt_stock, use_yn, reg_by, reg_date) VALUES ('SK000159', 'SITE000001', 'PD000009', 'OI000072', 'OI000076', '9-그레-M', 0, 20, 'Y', 'SYSTEM', '2026-04-20 00:00:00') ON CONFLICT DO NOTHING;
INSERT INTO shopjoy_2604.pd_prod_sku (sku_id, site_id, prod_id, opt_item_id_1, opt_item_id_2, sku_code, add_price, prod_opt_stock, use_yn, reg_by, reg_date) VALUES ('SK000160', 'SITE000001', 'PD000009', 'OI000072', 'OI000077', '9-그레-L', 0, 20, 'Y', 'SYSTEM', '2026-04-20 00:00:00') ON CONFLICT DO NOTHING;
INSERT INTO shopjoy_2604.pd_prod_sku (sku_id, site_id, prod_id, opt_item_id_1, opt_item_id_2, sku_code, add_price, prod_opt_stock, use_yn, reg_by, reg_date) VALUES ('SK000161', 'SITE000001', 'PD000009', 'OI000072', 'OI000078', '9-그레-XL', 0, 20, 'Y', 'SYSTEM', '2026-04-20 00:00:00') ON CONFLICT DO NOTHING;
INSERT INTO shopjoy_2604.pd_prod_sku (sku_id, site_id, prod_id, opt_item_id_1, opt_item_id_2, sku_code, add_price, prod_opt_stock, use_yn, reg_by, reg_date) VALUES ('SK000162', 'SITE000001', 'PD000009', 'OI000072', 'OI000079', '9-그레-XXL', 0, 20, 'Y', 'SYSTEM', '2026-04-20 00:00:00') ON CONFLICT DO NOTHING;
INSERT INTO shopjoy_2604.pd_prod_sku (sku_id, site_id, prod_id, opt_item_id_1, opt_item_id_2, sku_code, add_price, prod_opt_stock, use_yn, reg_by, reg_date) VALUES ('SK000163', 'SITE000001', 'PD000009', 'OI000073', 'OI000075', '9-차콜-S', 0, 20, 'Y', 'SYSTEM', '2026-04-20 00:00:00') ON CONFLICT DO NOTHING;
INSERT INTO shopjoy_2604.pd_prod_sku (sku_id, site_id, prod_id, opt_item_id_1, opt_item_id_2, sku_code, add_price, prod_opt_stock, use_yn, reg_by, reg_date) VALUES ('SK000164', 'SITE000001', 'PD000009', 'OI000073', 'OI000076', '9-차콜-M', 0, 20, 'Y', 'SYSTEM', '2026-04-20 00:00:00') ON CONFLICT DO NOTHING;
INSERT INTO shopjoy_2604.pd_prod_sku (sku_id, site_id, prod_id, opt_item_id_1, opt_item_id_2, sku_code, add_price, prod_opt_stock, use_yn, reg_by, reg_date) VALUES ('SK000165', 'SITE000001', 'PD000009', 'OI000073', 'OI000077', '9-차콜-L', 0, 20, 'Y', 'SYSTEM', '2026-04-20 00:00:00') ON CONFLICT DO NOTHING;
INSERT INTO shopjoy_2604.pd_prod_sku (sku_id, site_id, prod_id, opt_item_id_1, opt_item_id_2, sku_code, add_price, prod_opt_stock, use_yn, reg_by, reg_date) VALUES ('SK000166', 'SITE000001', 'PD000009', 'OI000073', 'OI000078', '9-차콜-XL', 0, 20, 'Y', 'SYSTEM', '2026-04-20 00:00:00') ON CONFLICT DO NOTHING;
INSERT INTO shopjoy_2604.pd_prod_sku (sku_id, site_id, prod_id, opt_item_id_1, opt_item_id_2, sku_code, add_price, prod_opt_stock, use_yn, reg_by, reg_date) VALUES ('SK000167', 'SITE000001', 'PD000009', 'OI000073', 'OI000079', '9-차콜-XXL', 0, 20, 'Y', 'SYSTEM', '2026-04-20 00:00:00') ON CONFLICT DO NOTHING;
INSERT INTO shopjoy_2604.pd_prod_sku (sku_id, site_id, prod_id, opt_item_id_1, opt_item_id_2, sku_code, add_price, prod_opt_stock, use_yn, reg_by, reg_date) VALUES ('SK000168', 'SITE000001', 'PD000009', 'OI000074', 'OI000075', '9-올리-S', 0, 20, 'Y', 'SYSTEM', '2026-04-20 00:00:00') ON CONFLICT DO NOTHING;
INSERT INTO shopjoy_2604.pd_prod_sku (sku_id, site_id, prod_id, opt_item_id_1, opt_item_id_2, sku_code, add_price, prod_opt_stock, use_yn, reg_by, reg_date) VALUES ('SK000169', 'SITE000001', 'PD000009', 'OI000074', 'OI000076', '9-올리-M', 0, 20, 'Y', 'SYSTEM', '2026-04-20 00:00:00') ON CONFLICT DO NOTHING;
INSERT INTO shopjoy_2604.pd_prod_sku (sku_id, site_id, prod_id, opt_item_id_1, opt_item_id_2, sku_code, add_price, prod_opt_stock, use_yn, reg_by, reg_date) VALUES ('SK000170', 'SITE000001', 'PD000009', 'OI000074', 'OI000077', '9-올리-L', 0, 20, 'Y', 'SYSTEM', '2026-04-20 00:00:00') ON CONFLICT DO NOTHING;
INSERT INTO shopjoy_2604.pd_prod_sku (sku_id, site_id, prod_id, opt_item_id_1, opt_item_id_2, sku_code, add_price, prod_opt_stock, use_yn, reg_by, reg_date) VALUES ('SK000171', 'SITE000001', 'PD000009', 'OI000074', 'OI000078', '9-올리-XL', 0, 20, 'Y', 'SYSTEM', '2026-04-20 00:00:00') ON CONFLICT DO NOTHING;
INSERT INTO shopjoy_2604.pd_prod_sku (sku_id, site_id, prod_id, opt_item_id_1, opt_item_id_2, sku_code, add_price, prod_opt_stock, use_yn, reg_by, reg_date) VALUES ('SK000172', 'SITE000001', 'PD000009', 'OI000074', 'OI000079', '9-올리-XXL', 0, 20, 'Y', 'SYSTEM', '2026-04-20 00:00:00') ON CONFLICT DO NOTHING;
INSERT INTO shopjoy_2604.pd_prod_sku (sku_id, site_id, prod_id, opt_item_id_1, opt_item_id_2, sku_code, add_price, prod_opt_stock, use_yn, reg_by, reg_date) VALUES ('SK000173', 'SITE000001', 'PD000010', 'OI000080', 'OI000084', '10-크림-S', 0, 20, 'Y', 'SYSTEM', '2026-04-20 00:00:00') ON CONFLICT DO NOTHING;
INSERT INTO shopjoy_2604.pd_prod_sku (sku_id, site_id, prod_id, opt_item_id_1, opt_item_id_2, sku_code, add_price, prod_opt_stock, use_yn, reg_by, reg_date) VALUES ('SK000174', 'SITE000001', 'PD000010', 'OI000080', 'OI000085', '10-크림-M', 0, 20, 'Y', 'SYSTEM', '2026-04-20 00:00:00') ON CONFLICT DO NOTHING;
INSERT INTO shopjoy_2604.pd_prod_sku (sku_id, site_id, prod_id, opt_item_id_1, opt_item_id_2, sku_code, add_price, prod_opt_stock, use_yn, reg_by, reg_date) VALUES ('SK000175', 'SITE000001', 'PD000010', 'OI000080', 'OI000086', '10-크림-L', 0, 20, 'Y', 'SYSTEM', '2026-04-20 00:00:00') ON CONFLICT DO NOTHING;
INSERT INTO shopjoy_2604.pd_prod_sku (sku_id, site_id, prod_id, opt_item_id_1, opt_item_id_2, sku_code, add_price, prod_opt_stock, use_yn, reg_by, reg_date) VALUES ('SK000176', 'SITE000001', 'PD000010', 'OI000080', 'OI000087', '10-크림-XL', 0, 20, 'Y', 'SYSTEM', '2026-04-20 00:00:00') ON CONFLICT DO NOTHING;
INSERT INTO shopjoy_2604.pd_prod_sku (sku_id, site_id, prod_id, opt_item_id_1, opt_item_id_2, sku_code, add_price, prod_opt_stock, use_yn, reg_by, reg_date) VALUES ('SK000177', 'SITE000001', 'PD000010', 'OI000081', 'OI000084', '10-그레-S', 0, 20, 'Y', 'SYSTEM', '2026-04-20 00:00:00') ON CONFLICT DO NOTHING;
INSERT INTO shopjoy_2604.pd_prod_sku (sku_id, site_id, prod_id, opt_item_id_1, opt_item_id_2, sku_code, add_price, prod_opt_stock, use_yn, reg_by, reg_date) VALUES ('SK000178', 'SITE000001', 'PD000010', 'OI000081', 'OI000085', '10-그레-M', 0, 20, 'Y', 'SYSTEM', '2026-04-20 00:00:00') ON CONFLICT DO NOTHING;
INSERT INTO shopjoy_2604.pd_prod_sku (sku_id, site_id, prod_id, opt_item_id_1, opt_item_id_2, sku_code, add_price, prod_opt_stock, use_yn, reg_by, reg_date) VALUES ('SK000179', 'SITE000001', 'PD000010', 'OI000081', 'OI000086', '10-그레-L', 0, 20, 'Y', 'SYSTEM', '2026-04-20 00:00:00') ON CONFLICT DO NOTHING;
INSERT INTO shopjoy_2604.pd_prod_sku (sku_id, site_id, prod_id, opt_item_id_1, opt_item_id_2, sku_code, add_price, prod_opt_stock, use_yn, reg_by, reg_date) VALUES ('SK000180', 'SITE000001', 'PD000010', 'OI000081', 'OI000087', '10-그레-XL', 0, 20, 'Y', 'SYSTEM', '2026-04-20 00:00:00') ON CONFLICT DO NOTHING;
INSERT INTO shopjoy_2604.pd_prod_sku (sku_id, site_id, prod_id, opt_item_id_1, opt_item_id_2, sku_code, add_price, prod_opt_stock, use_yn, reg_by, reg_date) VALUES ('SK000181', 'SITE000001', 'PD000010', 'OI000082', 'OI000084', '10-블랙-S', 0, 20, 'Y', 'SYSTEM', '2026-04-20 00:00:00') ON CONFLICT DO NOTHING;
INSERT INTO shopjoy_2604.pd_prod_sku (sku_id, site_id, prod_id, opt_item_id_1, opt_item_id_2, sku_code, add_price, prod_opt_stock, use_yn, reg_by, reg_date) VALUES ('SK000182', 'SITE000001', 'PD000010', 'OI000082', 'OI000085', '10-블랙-M', 0, 20, 'Y', 'SYSTEM', '2026-04-20 00:00:00') ON CONFLICT DO NOTHING;
INSERT INTO shopjoy_2604.pd_prod_sku (sku_id, site_id, prod_id, opt_item_id_1, opt_item_id_2, sku_code, add_price, prod_opt_stock, use_yn, reg_by, reg_date) VALUES ('SK000183', 'SITE000001', 'PD000010', 'OI000082', 'OI000086', '10-블랙-L', 0, 20, 'Y', 'SYSTEM', '2026-04-20 00:00:00') ON CONFLICT DO NOTHING;
INSERT INTO shopjoy_2604.pd_prod_sku (sku_id, site_id, prod_id, opt_item_id_1, opt_item_id_2, sku_code, add_price, prod_opt_stock, use_yn, reg_by, reg_date) VALUES ('SK000184', 'SITE000001', 'PD000010', 'OI000082', 'OI000087', '10-블랙-XL', 0, 20, 'Y', 'SYSTEM', '2026-04-20 00:00:00') ON CONFLICT DO NOTHING;
INSERT INTO shopjoy_2604.pd_prod_sku (sku_id, site_id, prod_id, opt_item_id_1, opt_item_id_2, sku_code, add_price, prod_opt_stock, use_yn, reg_by, reg_date) VALUES ('SK000185', 'SITE000001', 'PD000010', 'OI000083', 'OI000084', '10-핑크-S', 0, 20, 'Y', 'SYSTEM', '2026-04-20 00:00:00') ON CONFLICT DO NOTHING;
INSERT INTO shopjoy_2604.pd_prod_sku (sku_id, site_id, prod_id, opt_item_id_1, opt_item_id_2, sku_code, add_price, prod_opt_stock, use_yn, reg_by, reg_date) VALUES ('SK000186', 'SITE000001', 'PD000010', 'OI000083', 'OI000085', '10-핑크-M', 0, 20, 'Y', 'SYSTEM', '2026-04-20 00:00:00') ON CONFLICT DO NOTHING;
INSERT INTO shopjoy_2604.pd_prod_sku (sku_id, site_id, prod_id, opt_item_id_1, opt_item_id_2, sku_code, add_price, prod_opt_stock, use_yn, reg_by, reg_date) VALUES ('SK000187', 'SITE000001', 'PD000010', 'OI000083', 'OI000086', '10-핑크-L', 0, 20, 'Y', 'SYSTEM', '2026-04-20 00:00:00') ON CONFLICT DO NOTHING;
INSERT INTO shopjoy_2604.pd_prod_sku (sku_id, site_id, prod_id, opt_item_id_1, opt_item_id_2, sku_code, add_price, prod_opt_stock, use_yn, reg_by, reg_date) VALUES ('SK000188', 'SITE000001', 'PD000010', 'OI000083', 'OI000087', '10-핑크-XL', 0, 20, 'Y', 'SYSTEM', '2026-04-20 00:00:00') ON CONFLICT DO NOTHING;
INSERT INTO shopjoy_2604.pd_prod_sku (sku_id, site_id, prod_id, opt_item_id_1, opt_item_id_2, sku_code, add_price, prod_opt_stock, use_yn, reg_by, reg_date) VALUES ('SK000189', 'SITE000001', 'PD000011', 'OI000088', 'OI000092', '11-라이-XS', 0, 20, 'Y', 'SYSTEM', '2026-04-20 00:00:00') ON CONFLICT DO NOTHING;
INSERT INTO shopjoy_2604.pd_prod_sku (sku_id, site_id, prod_id, opt_item_id_1, opt_item_id_2, sku_code, add_price, prod_opt_stock, use_yn, reg_by, reg_date) VALUES ('SK000190', 'SITE000001', 'PD000011', 'OI000088', 'OI000093', '11-라이-S', 0, 20, 'Y', 'SYSTEM', '2026-04-20 00:00:00') ON CONFLICT DO NOTHING;
INSERT INTO shopjoy_2604.pd_prod_sku (sku_id, site_id, prod_id, opt_item_id_1, opt_item_id_2, sku_code, add_price, prod_opt_stock, use_yn, reg_by, reg_date) VALUES ('SK000191', 'SITE000001', 'PD000011', 'OI000088', 'OI000094', '11-라이-M', 0, 20, 'Y', 'SYSTEM', '2026-04-20 00:00:00') ON CONFLICT DO NOTHING;
INSERT INTO shopjoy_2604.pd_prod_sku (sku_id, site_id, prod_id, opt_item_id_1, opt_item_id_2, sku_code, add_price, prod_opt_stock, use_yn, reg_by, reg_date) VALUES ('SK000192', 'SITE000001', 'PD000011', 'OI000088', 'OI000095', '11-라이-L', 0, 20, 'Y', 'SYSTEM', '2026-04-20 00:00:00') ON CONFLICT DO NOTHING;
INSERT INTO shopjoy_2604.pd_prod_sku (sku_id, site_id, prod_id, opt_item_id_1, opt_item_id_2, sku_code, add_price, prod_opt_stock, use_yn, reg_by, reg_date) VALUES ('SK000193', 'SITE000001', 'PD000011', 'OI000088', 'OI000096', '11-라이-XL', 0, 20, 'Y', 'SYSTEM', '2026-04-20 00:00:00') ON CONFLICT DO NOTHING;
INSERT INTO shopjoy_2604.pd_prod_sku (sku_id, site_id, prod_id, opt_item_id_1, opt_item_id_2, sku_code, add_price, prod_opt_stock, use_yn, reg_by, reg_date) VALUES ('SK000194', 'SITE000001', 'PD000011', 'OI000088', 'OI000097', '11-라이-XXL', 0, 20, 'Y', 'SYSTEM', '2026-04-20 00:00:00') ON CONFLICT DO NOTHING;
INSERT INTO shopjoy_2604.pd_prod_sku (sku_id, site_id, prod_id, opt_item_id_1, opt_item_id_2, sku_code, add_price, prod_opt_stock, use_yn, reg_by, reg_date) VALUES ('SK000195', 'SITE000001', 'PD000011', 'OI000089', 'OI000092', '11-미드-XS', 0, 20, 'Y', 'SYSTEM', '2026-04-20 00:00:00') ON CONFLICT DO NOTHING;
INSERT INTO shopjoy_2604.pd_prod_sku (sku_id, site_id, prod_id, opt_item_id_1, opt_item_id_2, sku_code, add_price, prod_opt_stock, use_yn, reg_by, reg_date) VALUES ('SK000196', 'SITE000001', 'PD000011', 'OI000089', 'OI000093', '11-미드-S', 0, 20, 'Y', 'SYSTEM', '2026-04-20 00:00:00') ON CONFLICT DO NOTHING;
INSERT INTO shopjoy_2604.pd_prod_sku (sku_id, site_id, prod_id, opt_item_id_1, opt_item_id_2, sku_code, add_price, prod_opt_stock, use_yn, reg_by, reg_date) VALUES ('SK000197', 'SITE000001', 'PD000011', 'OI000089', 'OI000094', '11-미드-M', 0, 20, 'Y', 'SYSTEM', '2026-04-20 00:00:00') ON CONFLICT DO NOTHING;
INSERT INTO shopjoy_2604.pd_prod_sku (sku_id, site_id, prod_id, opt_item_id_1, opt_item_id_2, sku_code, add_price, prod_opt_stock, use_yn, reg_by, reg_date) VALUES ('SK000198', 'SITE000001', 'PD000011', 'OI000089', 'OI000095', '11-미드-L', 0, 20, 'Y', 'SYSTEM', '2026-04-20 00:00:00') ON CONFLICT DO NOTHING;
INSERT INTO shopjoy_2604.pd_prod_sku (sku_id, site_id, prod_id, opt_item_id_1, opt_item_id_2, sku_code, add_price, prod_opt_stock, use_yn, reg_by, reg_date) VALUES ('SK000199', 'SITE000001', 'PD000011', 'OI000089', 'OI000096', '11-미드-XL', 0, 20, 'Y', 'SYSTEM', '2026-04-20 00:00:00') ON CONFLICT DO NOTHING;
INSERT INTO shopjoy_2604.pd_prod_sku (sku_id, site_id, prod_id, opt_item_id_1, opt_item_id_2, sku_code, add_price, prod_opt_stock, use_yn, reg_by, reg_date) VALUES ('SK000200', 'SITE000001', 'PD000011', 'OI000089', 'OI000097', '11-미드-XXL', 0, 20, 'Y', 'SYSTEM', '2026-04-20 00:00:00') ON CONFLICT DO NOTHING;
INSERT INTO shopjoy_2604.pd_prod_sku (sku_id, site_id, prod_id, opt_item_id_1, opt_item_id_2, sku_code, add_price, prod_opt_stock, use_yn, reg_by, reg_date) VALUES ('SK000201', 'SITE000001', 'PD000011', 'OI000090', 'OI000092', '11-다크-XS', 0, 20, 'Y', 'SYSTEM', '2026-04-20 00:00:00') ON CONFLICT DO NOTHING;
INSERT INTO shopjoy_2604.pd_prod_sku (sku_id, site_id, prod_id, opt_item_id_1, opt_item_id_2, sku_code, add_price, prod_opt_stock, use_yn, reg_by, reg_date) VALUES ('SK000202', 'SITE000001', 'PD000011', 'OI000090', 'OI000093', '11-다크-S', 0, 20, 'Y', 'SYSTEM', '2026-04-20 00:00:00') ON CONFLICT DO NOTHING;
INSERT INTO shopjoy_2604.pd_prod_sku (sku_id, site_id, prod_id, opt_item_id_1, opt_item_id_2, sku_code, add_price, prod_opt_stock, use_yn, reg_by, reg_date) VALUES ('SK000203', 'SITE000001', 'PD000011', 'OI000090', 'OI000094', '11-다크-M', 0, 20, 'Y', 'SYSTEM', '2026-04-20 00:00:00') ON CONFLICT DO NOTHING;
INSERT INTO shopjoy_2604.pd_prod_sku (sku_id, site_id, prod_id, opt_item_id_1, opt_item_id_2, sku_code, add_price, prod_opt_stock, use_yn, reg_by, reg_date) VALUES ('SK000204', 'SITE000001', 'PD000011', 'OI000090', 'OI000095', '11-다크-L', 0, 20, 'Y', 'SYSTEM', '2026-04-20 00:00:00') ON CONFLICT DO NOTHING;
INSERT INTO shopjoy_2604.pd_prod_sku (sku_id, site_id, prod_id, opt_item_id_1, opt_item_id_2, sku_code, add_price, prod_opt_stock, use_yn, reg_by, reg_date) VALUES ('SK000205', 'SITE000001', 'PD000011', 'OI000090', 'OI000096', '11-다크-XL', 0, 20, 'Y', 'SYSTEM', '2026-04-20 00:00:00') ON CONFLICT DO NOTHING;
INSERT INTO shopjoy_2604.pd_prod_sku (sku_id, site_id, prod_id, opt_item_id_1, opt_item_id_2, sku_code, add_price, prod_opt_stock, use_yn, reg_by, reg_date) VALUES ('SK000206', 'SITE000001', 'PD000011', 'OI000090', 'OI000097', '11-다크-XXL', 0, 20, 'Y', 'SYSTEM', '2026-04-20 00:00:00') ON CONFLICT DO NOTHING;
INSERT INTO shopjoy_2604.pd_prod_sku (sku_id, site_id, prod_id, opt_item_id_1, opt_item_id_2, sku_code, add_price, prod_opt_stock, use_yn, reg_by, reg_date) VALUES ('SK000207', 'SITE000001', 'PD000011', 'OI000091', 'OI000092', '11-블랙-XS', 0, 20, 'Y', 'SYSTEM', '2026-04-20 00:00:00') ON CONFLICT DO NOTHING;
INSERT INTO shopjoy_2604.pd_prod_sku (sku_id, site_id, prod_id, opt_item_id_1, opt_item_id_2, sku_code, add_price, prod_opt_stock, use_yn, reg_by, reg_date) VALUES ('SK000208', 'SITE000001', 'PD000011', 'OI000091', 'OI000093', '11-블랙-S', 0, 20, 'Y', 'SYSTEM', '2026-04-20 00:00:00') ON CONFLICT DO NOTHING;
INSERT INTO shopjoy_2604.pd_prod_sku (sku_id, site_id, prod_id, opt_item_id_1, opt_item_id_2, sku_code, add_price, prod_opt_stock, use_yn, reg_by, reg_date) VALUES ('SK000209', 'SITE000001', 'PD000011', 'OI000091', 'OI000094', '11-블랙-M', 0, 20, 'Y', 'SYSTEM', '2026-04-20 00:00:00') ON CONFLICT DO NOTHING;
INSERT INTO shopjoy_2604.pd_prod_sku (sku_id, site_id, prod_id, opt_item_id_1, opt_item_id_2, sku_code, add_price, prod_opt_stock, use_yn, reg_by, reg_date) VALUES ('SK000210', 'SITE000001', 'PD000011', 'OI000091', 'OI000095', '11-블랙-L', 0, 20, 'Y', 'SYSTEM', '2026-04-20 00:00:00') ON CONFLICT DO NOTHING;
INSERT INTO shopjoy_2604.pd_prod_sku (sku_id, site_id, prod_id, opt_item_id_1, opt_item_id_2, sku_code, add_price, prod_opt_stock, use_yn, reg_by, reg_date) VALUES ('SK000211', 'SITE000001', 'PD000011', 'OI000091', 'OI000096', '11-블랙-XL', 0, 20, 'Y', 'SYSTEM', '2026-04-20 00:00:00') ON CONFLICT DO NOTHING;
INSERT INTO shopjoy_2604.pd_prod_sku (sku_id, site_id, prod_id, opt_item_id_1, opt_item_id_2, sku_code, add_price, prod_opt_stock, use_yn, reg_by, reg_date) VALUES ('SK000212', 'SITE000001', 'PD000011', 'OI000091', 'OI000097', '11-블랙-XXL', 0, 20, 'Y', 'SYSTEM', '2026-04-20 00:00:00') ON CONFLICT DO NOTHING;
INSERT INTO shopjoy_2604.pd_prod_sku (sku_id, site_id, prod_id, opt_item_id_1, opt_item_id_2, sku_code, add_price, prod_opt_stock, use_yn, reg_by, reg_date) VALUES ('SK000213', 'SITE000001', 'PD000012', 'OI000098', 'OI000102', '12-카키-XS', 0, 20, 'Y', 'SYSTEM', '2026-04-20 00:00:00') ON CONFLICT DO NOTHING;
INSERT INTO shopjoy_2604.pd_prod_sku (sku_id, site_id, prod_id, opt_item_id_1, opt_item_id_2, sku_code, add_price, prod_opt_stock, use_yn, reg_by, reg_date) VALUES ('SK000214', 'SITE000001', 'PD000012', 'OI000098', 'OI000103', '12-카키-S', 0, 20, 'Y', 'SYSTEM', '2026-04-20 00:00:00') ON CONFLICT DO NOTHING;
INSERT INTO shopjoy_2604.pd_prod_sku (sku_id, site_id, prod_id, opt_item_id_1, opt_item_id_2, sku_code, add_price, prod_opt_stock, use_yn, reg_by, reg_date) VALUES ('SK000215', 'SITE000001', 'PD000012', 'OI000098', 'OI000104', '12-카키-M', 0, 20, 'Y', 'SYSTEM', '2026-04-20 00:00:00') ON CONFLICT DO NOTHING;
INSERT INTO shopjoy_2604.pd_prod_sku (sku_id, site_id, prod_id, opt_item_id_1, opt_item_id_2, sku_code, add_price, prod_opt_stock, use_yn, reg_by, reg_date) VALUES ('SK000216', 'SITE000001', 'PD000012', 'OI000098', 'OI000105', '12-카키-L', 0, 20, 'Y', 'SYSTEM', '2026-04-20 00:00:00') ON CONFLICT DO NOTHING;
INSERT INTO shopjoy_2604.pd_prod_sku (sku_id, site_id, prod_id, opt_item_id_1, opt_item_id_2, sku_code, add_price, prod_opt_stock, use_yn, reg_by, reg_date) VALUES ('SK000217', 'SITE000001', 'PD000012', 'OI000098', 'OI000106', '12-카키-XL', 0, 20, 'Y', 'SYSTEM', '2026-04-20 00:00:00') ON CONFLICT DO NOTHING;
INSERT INTO shopjoy_2604.pd_prod_sku (sku_id, site_id, prod_id, opt_item_id_1, opt_item_id_2, sku_code, add_price, prod_opt_stock, use_yn, reg_by, reg_date) VALUES ('SK000218', 'SITE000001', 'PD000012', 'OI000099', 'OI000102', '12-블랙-XS', 0, 20, 'Y', 'SYSTEM', '2026-04-20 00:00:00') ON CONFLICT DO NOTHING;
INSERT INTO shopjoy_2604.pd_prod_sku (sku_id, site_id, prod_id, opt_item_id_1, opt_item_id_2, sku_code, add_price, prod_opt_stock, use_yn, reg_by, reg_date) VALUES ('SK000219', 'SITE000001', 'PD000012', 'OI000099', 'OI000103', '12-블랙-S', 0, 20, 'Y', 'SYSTEM', '2026-04-20 00:00:00') ON CONFLICT DO NOTHING;
INSERT INTO shopjoy_2604.pd_prod_sku (sku_id, site_id, prod_id, opt_item_id_1, opt_item_id_2, sku_code, add_price, prod_opt_stock, use_yn, reg_by, reg_date) VALUES ('SK000220', 'SITE000001', 'PD000012', 'OI000099', 'OI000104', '12-블랙-M', 0, 20, 'Y', 'SYSTEM', '2026-04-20 00:00:00') ON CONFLICT DO NOTHING;
INSERT INTO shopjoy_2604.pd_prod_sku (sku_id, site_id, prod_id, opt_item_id_1, opt_item_id_2, sku_code, add_price, prod_opt_stock, use_yn, reg_by, reg_date) VALUES ('SK000221', 'SITE000001', 'PD000012', 'OI000099', 'OI000105', '12-블랙-L', 0, 20, 'Y', 'SYSTEM', '2026-04-20 00:00:00') ON CONFLICT DO NOTHING;
INSERT INTO shopjoy_2604.pd_prod_sku (sku_id, site_id, prod_id, opt_item_id_1, opt_item_id_2, sku_code, add_price, prod_opt_stock, use_yn, reg_by, reg_date) VALUES ('SK000222', 'SITE000001', 'PD000012', 'OI000099', 'OI000106', '12-블랙-XL', 0, 20, 'Y', 'SYSTEM', '2026-04-20 00:00:00') ON CONFLICT DO NOTHING;
INSERT INTO shopjoy_2604.pd_prod_sku (sku_id, site_id, prod_id, opt_item_id_1, opt_item_id_2, sku_code, add_price, prod_opt_stock, use_yn, reg_by, reg_date) VALUES ('SK000223', 'SITE000001', 'PD000012', 'OI000100', 'OI000102', '12-베이-XS', 0, 20, 'Y', 'SYSTEM', '2026-04-20 00:00:00') ON CONFLICT DO NOTHING;
INSERT INTO shopjoy_2604.pd_prod_sku (sku_id, site_id, prod_id, opt_item_id_1, opt_item_id_2, sku_code, add_price, prod_opt_stock, use_yn, reg_by, reg_date) VALUES ('SK000224', 'SITE000001', 'PD000012', 'OI000100', 'OI000103', '12-베이-S', 0, 20, 'Y', 'SYSTEM', '2026-04-20 00:00:00') ON CONFLICT DO NOTHING;
INSERT INTO shopjoy_2604.pd_prod_sku (sku_id, site_id, prod_id, opt_item_id_1, opt_item_id_2, sku_code, add_price, prod_opt_stock, use_yn, reg_by, reg_date) VALUES ('SK000225', 'SITE000001', 'PD000012', 'OI000100', 'OI000104', '12-베이-M', 0, 20, 'Y', 'SYSTEM', '2026-04-20 00:00:00') ON CONFLICT DO NOTHING;
INSERT INTO shopjoy_2604.pd_prod_sku (sku_id, site_id, prod_id, opt_item_id_1, opt_item_id_2, sku_code, add_price, prod_opt_stock, use_yn, reg_by, reg_date) VALUES ('SK000226', 'SITE000001', 'PD000012', 'OI000100', 'OI000105', '12-베이-L', 0, 20, 'Y', 'SYSTEM', '2026-04-20 00:00:00') ON CONFLICT DO NOTHING;
INSERT INTO shopjoy_2604.pd_prod_sku (sku_id, site_id, prod_id, opt_item_id_1, opt_item_id_2, sku_code, add_price, prod_opt_stock, use_yn, reg_by, reg_date) VALUES ('SK000227', 'SITE000001', 'PD000012', 'OI000100', 'OI000106', '12-베이-XL', 0, 20, 'Y', 'SYSTEM', '2026-04-20 00:00:00') ON CONFLICT DO NOTHING;
INSERT INTO shopjoy_2604.pd_prod_sku (sku_id, site_id, prod_id, opt_item_id_1, opt_item_id_2, sku_code, add_price, prod_opt_stock, use_yn, reg_by, reg_date) VALUES ('SK000228', 'SITE000001', 'PD000012', 'OI000101', 'OI000102', '12-그레-XS', 0, 20, 'Y', 'SYSTEM', '2026-04-20 00:00:00') ON CONFLICT DO NOTHING;
INSERT INTO shopjoy_2604.pd_prod_sku (sku_id, site_id, prod_id, opt_item_id_1, opt_item_id_2, sku_code, add_price, prod_opt_stock, use_yn, reg_by, reg_date) VALUES ('SK000229', 'SITE000001', 'PD000012', 'OI000101', 'OI000103', '12-그레-S', 0, 20, 'Y', 'SYSTEM', '2026-04-20 00:00:00') ON CONFLICT DO NOTHING;
INSERT INTO shopjoy_2604.pd_prod_sku (sku_id, site_id, prod_id, opt_item_id_1, opt_item_id_2, sku_code, add_price, prod_opt_stock, use_yn, reg_by, reg_date) VALUES ('SK000230', 'SITE000001', 'PD000012', 'OI000101', 'OI000104', '12-그레-M', 0, 20, 'Y', 'SYSTEM', '2026-04-20 00:00:00') ON CONFLICT DO NOTHING;
INSERT INTO shopjoy_2604.pd_prod_sku (sku_id, site_id, prod_id, opt_item_id_1, opt_item_id_2, sku_code, add_price, prod_opt_stock, use_yn, reg_by, reg_date) VALUES ('SK000231', 'SITE000001', 'PD000012', 'OI000101', 'OI000105', '12-그레-L', 0, 20, 'Y', 'SYSTEM', '2026-04-20 00:00:00') ON CONFLICT DO NOTHING;
INSERT INTO shopjoy_2604.pd_prod_sku (sku_id, site_id, prod_id, opt_item_id_1, opt_item_id_2, sku_code, add_price, prod_opt_stock, use_yn, reg_by, reg_date) VALUES ('SK000232', 'SITE000001', 'PD000012', 'OI000101', 'OI000106', '12-그레-XL', 0, 20, 'Y', 'SYSTEM', '2026-04-20 00:00:00') ON CONFLICT DO NOTHING;
INSERT INTO shopjoy_2604.pd_prod_sku (sku_id, site_id, prod_id, opt_item_id_1, opt_item_id_2, sku_code, add_price, prod_opt_stock, use_yn, reg_by, reg_date) VALUES ('SK000233', 'SITE000001', 'PD000013', 'OI000107', 'OI000111', '13-베이-S', 0, 20, 'Y', 'SYSTEM', '2026-04-20 00:00:00') ON CONFLICT DO NOTHING;
INSERT INTO shopjoy_2604.pd_prod_sku (sku_id, site_id, prod_id, opt_item_id_1, opt_item_id_2, sku_code, add_price, prod_opt_stock, use_yn, reg_by, reg_date) VALUES ('SK000234', 'SITE000001', 'PD000013', 'OI000107', 'OI000112', '13-베이-M', 0, 20, 'Y', 'SYSTEM', '2026-04-20 00:00:00') ON CONFLICT DO NOTHING;
INSERT INTO shopjoy_2604.pd_prod_sku (sku_id, site_id, prod_id, opt_item_id_1, opt_item_id_2, sku_code, add_price, prod_opt_stock, use_yn, reg_by, reg_date) VALUES ('SK000235', 'SITE000001', 'PD000013', 'OI000107', 'OI000113', '13-베이-L', 0, 20, 'Y', 'SYSTEM', '2026-04-20 00:00:00') ON CONFLICT DO NOTHING;
INSERT INTO shopjoy_2604.pd_prod_sku (sku_id, site_id, prod_id, opt_item_id_1, opt_item_id_2, sku_code, add_price, prod_opt_stock, use_yn, reg_by, reg_date) VALUES ('SK000236', 'SITE000001', 'PD000013', 'OI000107', 'OI000114', '13-베이-XL', 0, 20, 'Y', 'SYSTEM', '2026-04-20 00:00:00') ON CONFLICT DO NOTHING;
INSERT INTO shopjoy_2604.pd_prod_sku (sku_id, site_id, prod_id, opt_item_id_1, opt_item_id_2, sku_code, add_price, prod_opt_stock, use_yn, reg_by, reg_date) VALUES ('SK000237', 'SITE000001', 'PD000013', 'OI000108', 'OI000111', '13-화이-S', 0, 20, 'Y', 'SYSTEM', '2026-04-20 00:00:00') ON CONFLICT DO NOTHING;
INSERT INTO shopjoy_2604.pd_prod_sku (sku_id, site_id, prod_id, opt_item_id_1, opt_item_id_2, sku_code, add_price, prod_opt_stock, use_yn, reg_by, reg_date) VALUES ('SK000238', 'SITE000001', 'PD000013', 'OI000108', 'OI000112', '13-화이-M', 0, 20, 'Y', 'SYSTEM', '2026-04-20 00:00:00') ON CONFLICT DO NOTHING;
INSERT INTO shopjoy_2604.pd_prod_sku (sku_id, site_id, prod_id, opt_item_id_1, opt_item_id_2, sku_code, add_price, prod_opt_stock, use_yn, reg_by, reg_date) VALUES ('SK000239', 'SITE000001', 'PD000013', 'OI000108', 'OI000113', '13-화이-L', 0, 20, 'Y', 'SYSTEM', '2026-04-20 00:00:00') ON CONFLICT DO NOTHING;
INSERT INTO shopjoy_2604.pd_prod_sku (sku_id, site_id, prod_id, opt_item_id_1, opt_item_id_2, sku_code, add_price, prod_opt_stock, use_yn, reg_by, reg_date) VALUES ('SK000240', 'SITE000001', 'PD000013', 'OI000108', 'OI000114', '13-화이-XL', 0, 20, 'Y', 'SYSTEM', '2026-04-20 00:00:00') ON CONFLICT DO NOTHING;
INSERT INTO shopjoy_2604.pd_prod_sku (sku_id, site_id, prod_id, opt_item_id_1, opt_item_id_2, sku_code, add_price, prod_opt_stock, use_yn, reg_by, reg_date) VALUES ('SK000241', 'SITE000001', 'PD000013', 'OI000109', 'OI000111', '13-그레-S', 0, 20, 'Y', 'SYSTEM', '2026-04-20 00:00:00') ON CONFLICT DO NOTHING;
INSERT INTO shopjoy_2604.pd_prod_sku (sku_id, site_id, prod_id, opt_item_id_1, opt_item_id_2, sku_code, add_price, prod_opt_stock, use_yn, reg_by, reg_date) VALUES ('SK000242', 'SITE000001', 'PD000013', 'OI000109', 'OI000112', '13-그레-M', 0, 20, 'Y', 'SYSTEM', '2026-04-20 00:00:00') ON CONFLICT DO NOTHING;
INSERT INTO shopjoy_2604.pd_prod_sku (sku_id, site_id, prod_id, opt_item_id_1, opt_item_id_2, sku_code, add_price, prod_opt_stock, use_yn, reg_by, reg_date) VALUES ('SK000243', 'SITE000001', 'PD000013', 'OI000109', 'OI000113', '13-그레-L', 0, 20, 'Y', 'SYSTEM', '2026-04-20 00:00:00') ON CONFLICT DO NOTHING;
INSERT INTO shopjoy_2604.pd_prod_sku (sku_id, site_id, prod_id, opt_item_id_1, opt_item_id_2, sku_code, add_price, prod_opt_stock, use_yn, reg_by, reg_date) VALUES ('SK000244', 'SITE000001', 'PD000013', 'OI000109', 'OI000114', '13-그레-XL', 0, 20, 'Y', 'SYSTEM', '2026-04-20 00:00:00') ON CONFLICT DO NOTHING;
INSERT INTO shopjoy_2604.pd_prod_sku (sku_id, site_id, prod_id, opt_item_id_1, opt_item_id_2, sku_code, add_price, prod_opt_stock, use_yn, reg_by, reg_date) VALUES ('SK000245', 'SITE000001', 'PD000013', 'OI000110', 'OI000111', '13-네이-S', 0, 20, 'Y', 'SYSTEM', '2026-04-20 00:00:00') ON CONFLICT DO NOTHING;
INSERT INTO shopjoy_2604.pd_prod_sku (sku_id, site_id, prod_id, opt_item_id_1, opt_item_id_2, sku_code, add_price, prod_opt_stock, use_yn, reg_by, reg_date) VALUES ('SK000246', 'SITE000001', 'PD000013', 'OI000110', 'OI000112', '13-네이-M', 0, 20, 'Y', 'SYSTEM', '2026-04-20 00:00:00') ON CONFLICT DO NOTHING;
INSERT INTO shopjoy_2604.pd_prod_sku (sku_id, site_id, prod_id, opt_item_id_1, opt_item_id_2, sku_code, add_price, prod_opt_stock, use_yn, reg_by, reg_date) VALUES ('SK000247', 'SITE000001', 'PD000013', 'OI000110', 'OI000113', '13-네이-L', 0, 20, 'Y', 'SYSTEM', '2026-04-20 00:00:00') ON CONFLICT DO NOTHING;
INSERT INTO shopjoy_2604.pd_prod_sku (sku_id, site_id, prod_id, opt_item_id_1, opt_item_id_2, sku_code, add_price, prod_opt_stock, use_yn, reg_by, reg_date) VALUES ('SK000248', 'SITE000001', 'PD000013', 'OI000110', 'OI000114', '13-네이-XL', 0, 20, 'Y', 'SYSTEM', '2026-04-20 00:00:00') ON CONFLICT DO NOTHING;
INSERT INTO shopjoy_2604.pd_prod_sku (sku_id, site_id, prod_id, opt_item_id_1, opt_item_id_2, sku_code, add_price, prod_opt_stock, use_yn, reg_by, reg_date) VALUES ('SK000249', 'SITE000001', 'PD000014', 'OI000115', 'OI000119', '14-블랙-S', 0, 20, 'Y', 'SYSTEM', '2026-04-20 00:00:00') ON CONFLICT DO NOTHING;
INSERT INTO shopjoy_2604.pd_prod_sku (sku_id, site_id, prod_id, opt_item_id_1, opt_item_id_2, sku_code, add_price, prod_opt_stock, use_yn, reg_by, reg_date) VALUES ('SK000250', 'SITE000001', 'PD000014', 'OI000115', 'OI000120', '14-블랙-M', 0, 20, 'Y', 'SYSTEM', '2026-04-20 00:00:00') ON CONFLICT DO NOTHING;
INSERT INTO shopjoy_2604.pd_prod_sku (sku_id, site_id, prod_id, opt_item_id_1, opt_item_id_2, sku_code, add_price, prod_opt_stock, use_yn, reg_by, reg_date) VALUES ('SK000251', 'SITE000001', 'PD000014', 'OI000115', 'OI000121', '14-블랙-L', 0, 20, 'Y', 'SYSTEM', '2026-04-20 00:00:00') ON CONFLICT DO NOTHING;
INSERT INTO shopjoy_2604.pd_prod_sku (sku_id, site_id, prod_id, opt_item_id_1, opt_item_id_2, sku_code, add_price, prod_opt_stock, use_yn, reg_by, reg_date) VALUES ('SK000252', 'SITE000001', 'PD000014', 'OI000115', 'OI000122', '14-블랙-XL', 0, 20, 'Y', 'SYSTEM', '2026-04-20 00:00:00') ON CONFLICT DO NOTHING;
INSERT INTO shopjoy_2604.pd_prod_sku (sku_id, site_id, prod_id, opt_item_id_1, opt_item_id_2, sku_code, add_price, prod_opt_stock, use_yn, reg_by, reg_date) VALUES ('SK000253', 'SITE000001', 'PD000014', 'OI000115', 'OI000123', '14-블랙-XXL', 0, 20, 'Y', 'SYSTEM', '2026-04-20 00:00:00') ON CONFLICT DO NOTHING;
INSERT INTO shopjoy_2604.pd_prod_sku (sku_id, site_id, prod_id, opt_item_id_1, opt_item_id_2, sku_code, add_price, prod_opt_stock, use_yn, reg_by, reg_date) VALUES ('SK000254', 'SITE000001', 'PD000014', 'OI000116', 'OI000119', '14-그레-S', 0, 20, 'Y', 'SYSTEM', '2026-04-20 00:00:00') ON CONFLICT DO NOTHING;
INSERT INTO shopjoy_2604.pd_prod_sku (sku_id, site_id, prod_id, opt_item_id_1, opt_item_id_2, sku_code, add_price, prod_opt_stock, use_yn, reg_by, reg_date) VALUES ('SK000255', 'SITE000001', 'PD000014', 'OI000116', 'OI000120', '14-그레-M', 0, 20, 'Y', 'SYSTEM', '2026-04-20 00:00:00') ON CONFLICT DO NOTHING;
INSERT INTO shopjoy_2604.pd_prod_sku (sku_id, site_id, prod_id, opt_item_id_1, opt_item_id_2, sku_code, add_price, prod_opt_stock, use_yn, reg_by, reg_date) VALUES ('SK000256', 'SITE000001', 'PD000014', 'OI000116', 'OI000121', '14-그레-L', 0, 20, 'Y', 'SYSTEM', '2026-04-20 00:00:00') ON CONFLICT DO NOTHING;
INSERT INTO shopjoy_2604.pd_prod_sku (sku_id, site_id, prod_id, opt_item_id_1, opt_item_id_2, sku_code, add_price, prod_opt_stock, use_yn, reg_by, reg_date) VALUES ('SK000257', 'SITE000001', 'PD000014', 'OI000116', 'OI000122', '14-그레-XL', 0, 20, 'Y', 'SYSTEM', '2026-04-20 00:00:00') ON CONFLICT DO NOTHING;
INSERT INTO shopjoy_2604.pd_prod_sku (sku_id, site_id, prod_id, opt_item_id_1, opt_item_id_2, sku_code, add_price, prod_opt_stock, use_yn, reg_by, reg_date) VALUES ('SK000258', 'SITE000001', 'PD000014', 'OI000116', 'OI000123', '14-그레-XXL', 0, 20, 'Y', 'SYSTEM', '2026-04-20 00:00:00') ON CONFLICT DO NOTHING;
INSERT INTO shopjoy_2604.pd_prod_sku (sku_id, site_id, prod_id, opt_item_id_1, opt_item_id_2, sku_code, add_price, prod_opt_stock, use_yn, reg_by, reg_date) VALUES ('SK000259', 'SITE000001', 'PD000014', 'OI000117', 'OI000119', '14-네이-S', 0, 20, 'Y', 'SYSTEM', '2026-04-20 00:00:00') ON CONFLICT DO NOTHING;
INSERT INTO shopjoy_2604.pd_prod_sku (sku_id, site_id, prod_id, opt_item_id_1, opt_item_id_2, sku_code, add_price, prod_opt_stock, use_yn, reg_by, reg_date) VALUES ('SK000260', 'SITE000001', 'PD000014', 'OI000117', 'OI000120', '14-네이-M', 0, 20, 'Y', 'SYSTEM', '2026-04-20 00:00:00') ON CONFLICT DO NOTHING;
INSERT INTO shopjoy_2604.pd_prod_sku (sku_id, site_id, prod_id, opt_item_id_1, opt_item_id_2, sku_code, add_price, prod_opt_stock, use_yn, reg_by, reg_date) VALUES ('SK000261', 'SITE000001', 'PD000014', 'OI000117', 'OI000121', '14-네이-L', 0, 20, 'Y', 'SYSTEM', '2026-04-20 00:00:00') ON CONFLICT DO NOTHING;
INSERT INTO shopjoy_2604.pd_prod_sku (sku_id, site_id, prod_id, opt_item_id_1, opt_item_id_2, sku_code, add_price, prod_opt_stock, use_yn, reg_by, reg_date) VALUES ('SK000262', 'SITE000001', 'PD000014', 'OI000117', 'OI000122', '14-네이-XL', 0, 20, 'Y', 'SYSTEM', '2026-04-20 00:00:00') ON CONFLICT DO NOTHING;
INSERT INTO shopjoy_2604.pd_prod_sku (sku_id, site_id, prod_id, opt_item_id_1, opt_item_id_2, sku_code, add_price, prod_opt_stock, use_yn, reg_by, reg_date) VALUES ('SK000263', 'SITE000001', 'PD000014', 'OI000117', 'OI000123', '14-네이-XXL', 0, 20, 'Y', 'SYSTEM', '2026-04-20 00:00:00') ON CONFLICT DO NOTHING;
INSERT INTO shopjoy_2604.pd_prod_sku (sku_id, site_id, prod_id, opt_item_id_1, opt_item_id_2, sku_code, add_price, prod_opt_stock, use_yn, reg_by, reg_date) VALUES ('SK000264', 'SITE000001', 'PD000014', 'OI000118', 'OI000119', '14-베이-S', 0, 20, 'Y', 'SYSTEM', '2026-04-20 00:00:00') ON CONFLICT DO NOTHING;
INSERT INTO shopjoy_2604.pd_prod_sku (sku_id, site_id, prod_id, opt_item_id_1, opt_item_id_2, sku_code, add_price, prod_opt_stock, use_yn, reg_by, reg_date) VALUES ('SK000265', 'SITE000001', 'PD000014', 'OI000118', 'OI000120', '14-베이-M', 0, 20, 'Y', 'SYSTEM', '2026-04-20 00:00:00') ON CONFLICT DO NOTHING;
INSERT INTO shopjoy_2604.pd_prod_sku (sku_id, site_id, prod_id, opt_item_id_1, opt_item_id_2, sku_code, add_price, prod_opt_stock, use_yn, reg_by, reg_date) VALUES ('SK000266', 'SITE000001', 'PD000014', 'OI000118', 'OI000121', '14-베이-L', 0, 20, 'Y', 'SYSTEM', '2026-04-20 00:00:00') ON CONFLICT DO NOTHING;
INSERT INTO shopjoy_2604.pd_prod_sku (sku_id, site_id, prod_id, opt_item_id_1, opt_item_id_2, sku_code, add_price, prod_opt_stock, use_yn, reg_by, reg_date) VALUES ('SK000267', 'SITE000001', 'PD000014', 'OI000118', 'OI000122', '14-베이-XL', 0, 20, 'Y', 'SYSTEM', '2026-04-20 00:00:00') ON CONFLICT DO NOTHING;
INSERT INTO shopjoy_2604.pd_prod_sku (sku_id, site_id, prod_id, opt_item_id_1, opt_item_id_2, sku_code, add_price, prod_opt_stock, use_yn, reg_by, reg_date) VALUES ('SK000268', 'SITE000001', 'PD000014', 'OI000118', 'OI000123', '14-베이-XXL', 0, 20, 'Y', 'SYSTEM', '2026-04-20 00:00:00') ON CONFLICT DO NOTHING;
INSERT INTO shopjoy_2604.pd_prod_sku (sku_id, site_id, prod_id, opt_item_id_1, opt_item_id_2, sku_code, add_price, prod_opt_stock, use_yn, reg_by, reg_date) VALUES ('SK000269', 'SITE000001', 'PD000015', 'OI000124', 'OI000128', '15-블랙-XS', 0, 20, 'Y', 'SYSTEM', '2026-04-20 00:00:00') ON CONFLICT DO NOTHING;
INSERT INTO shopjoy_2604.pd_prod_sku (sku_id, site_id, prod_id, opt_item_id_1, opt_item_id_2, sku_code, add_price, prod_opt_stock, use_yn, reg_by, reg_date) VALUES ('SK000270', 'SITE000001', 'PD000015', 'OI000124', 'OI000129', '15-블랙-S', 0, 20, 'Y', 'SYSTEM', '2026-04-20 00:00:00') ON CONFLICT DO NOTHING;
INSERT INTO shopjoy_2604.pd_prod_sku (sku_id, site_id, prod_id, opt_item_id_1, opt_item_id_2, sku_code, add_price, prod_opt_stock, use_yn, reg_by, reg_date) VALUES ('SK000271', 'SITE000001', 'PD000015', 'OI000124', 'OI000130', '15-블랙-M', 0, 20, 'Y', 'SYSTEM', '2026-04-20 00:00:00') ON CONFLICT DO NOTHING;
INSERT INTO shopjoy_2604.pd_prod_sku (sku_id, site_id, prod_id, opt_item_id_1, opt_item_id_2, sku_code, add_price, prod_opt_stock, use_yn, reg_by, reg_date) VALUES ('SK000272', 'SITE000001', 'PD000015', 'OI000124', 'OI000131', '15-블랙-L', 0, 20, 'Y', 'SYSTEM', '2026-04-20 00:00:00') ON CONFLICT DO NOTHING;
INSERT INTO shopjoy_2604.pd_prod_sku (sku_id, site_id, prod_id, opt_item_id_1, opt_item_id_2, sku_code, add_price, prod_opt_stock, use_yn, reg_by, reg_date) VALUES ('SK000273', 'SITE000001', 'PD000015', 'OI000125', 'OI000128', '15-화이-XS', 0, 20, 'Y', 'SYSTEM', '2026-04-20 00:00:00') ON CONFLICT DO NOTHING;
INSERT INTO shopjoy_2604.pd_prod_sku (sku_id, site_id, prod_id, opt_item_id_1, opt_item_id_2, sku_code, add_price, prod_opt_stock, use_yn, reg_by, reg_date) VALUES ('SK000274', 'SITE000001', 'PD000015', 'OI000125', 'OI000129', '15-화이-S', 0, 20, 'Y', 'SYSTEM', '2026-04-20 00:00:00') ON CONFLICT DO NOTHING;
INSERT INTO shopjoy_2604.pd_prod_sku (sku_id, site_id, prod_id, opt_item_id_1, opt_item_id_2, sku_code, add_price, prod_opt_stock, use_yn, reg_by, reg_date) VALUES ('SK000275', 'SITE000001', 'PD000015', 'OI000125', 'OI000130', '15-화이-M', 0, 20, 'Y', 'SYSTEM', '2026-04-20 00:00:00') ON CONFLICT DO NOTHING;
INSERT INTO shopjoy_2604.pd_prod_sku (sku_id, site_id, prod_id, opt_item_id_1, opt_item_id_2, sku_code, add_price, prod_opt_stock, use_yn, reg_by, reg_date) VALUES ('SK000276', 'SITE000001', 'PD000015', 'OI000125', 'OI000131', '15-화이-L', 0, 20, 'Y', 'SYSTEM', '2026-04-20 00:00:00') ON CONFLICT DO NOTHING;
INSERT INTO shopjoy_2604.pd_prod_sku (sku_id, site_id, prod_id, opt_item_id_1, opt_item_id_2, sku_code, add_price, prod_opt_stock, use_yn, reg_by, reg_date) VALUES ('SK000277', 'SITE000001', 'PD000015', 'OI000126', 'OI000128', '15-데님-XS', 0, 20, 'Y', 'SYSTEM', '2026-04-20 00:00:00') ON CONFLICT DO NOTHING;
INSERT INTO shopjoy_2604.pd_prod_sku (sku_id, site_id, prod_id, opt_item_id_1, opt_item_id_2, sku_code, add_price, prod_opt_stock, use_yn, reg_by, reg_date) VALUES ('SK000278', 'SITE000001', 'PD000015', 'OI000126', 'OI000129', '15-데님-S', 0, 20, 'Y', 'SYSTEM', '2026-04-20 00:00:00') ON CONFLICT DO NOTHING;
INSERT INTO shopjoy_2604.pd_prod_sku (sku_id, site_id, prod_id, opt_item_id_1, opt_item_id_2, sku_code, add_price, prod_opt_stock, use_yn, reg_by, reg_date) VALUES ('SK000279', 'SITE000001', 'PD000015', 'OI000126', 'OI000130', '15-데님-M', 0, 20, 'Y', 'SYSTEM', '2026-04-20 00:00:00') ON CONFLICT DO NOTHING;
INSERT INTO shopjoy_2604.pd_prod_sku (sku_id, site_id, prod_id, opt_item_id_1, opt_item_id_2, sku_code, add_price, prod_opt_stock, use_yn, reg_by, reg_date) VALUES ('SK000280', 'SITE000001', 'PD000015', 'OI000126', 'OI000131', '15-데님-L', 0, 20, 'Y', 'SYSTEM', '2026-04-20 00:00:00') ON CONFLICT DO NOTHING;
INSERT INTO shopjoy_2604.pd_prod_sku (sku_id, site_id, prod_id, opt_item_id_1, opt_item_id_2, sku_code, add_price, prod_opt_stock, use_yn, reg_by, reg_date) VALUES ('SK000281', 'SITE000001', 'PD000015', 'OI000127', 'OI000128', '15-카키-XS', 0, 20, 'Y', 'SYSTEM', '2026-04-20 00:00:00') ON CONFLICT DO NOTHING;
INSERT INTO shopjoy_2604.pd_prod_sku (sku_id, site_id, prod_id, opt_item_id_1, opt_item_id_2, sku_code, add_price, prod_opt_stock, use_yn, reg_by, reg_date) VALUES ('SK000282', 'SITE000001', 'PD000015', 'OI000127', 'OI000129', '15-카키-S', 0, 20, 'Y', 'SYSTEM', '2026-04-20 00:00:00') ON CONFLICT DO NOTHING;
INSERT INTO shopjoy_2604.pd_prod_sku (sku_id, site_id, prod_id, opt_item_id_1, opt_item_id_2, sku_code, add_price, prod_opt_stock, use_yn, reg_by, reg_date) VALUES ('SK000283', 'SITE000001', 'PD000015', 'OI000127', 'OI000130', '15-카키-M', 0, 20, 'Y', 'SYSTEM', '2026-04-20 00:00:00') ON CONFLICT DO NOTHING;
INSERT INTO shopjoy_2604.pd_prod_sku (sku_id, site_id, prod_id, opt_item_id_1, opt_item_id_2, sku_code, add_price, prod_opt_stock, use_yn, reg_by, reg_date) VALUES ('SK000284', 'SITE000001', 'PD000015', 'OI000127', 'OI000131', '15-카키-L', 0, 20, 'Y', 'SYSTEM', '2026-04-20 00:00:00') ON CONFLICT DO NOTHING;
INSERT INTO shopjoy_2604.pd_prod_sku (sku_id, site_id, prod_id, opt_item_id_1, opt_item_id_2, sku_code, add_price, prod_opt_stock, use_yn, reg_by, reg_date) VALUES ('SK000285', 'SITE000001', 'PD000016', 'OI000132', 'OI000136', '16-블랙-XS', 0, 20, 'Y', 'SYSTEM', '2026-04-20 00:00:00') ON CONFLICT DO NOTHING;
INSERT INTO shopjoy_2604.pd_prod_sku (sku_id, site_id, prod_id, opt_item_id_1, opt_item_id_2, sku_code, add_price, prod_opt_stock, use_yn, reg_by, reg_date) VALUES ('SK000286', 'SITE000001', 'PD000016', 'OI000132', 'OI000137', '16-블랙-S', 0, 20, 'Y', 'SYSTEM', '2026-04-20 00:00:00') ON CONFLICT DO NOTHING;
INSERT INTO shopjoy_2604.pd_prod_sku (sku_id, site_id, prod_id, opt_item_id_1, opt_item_id_2, sku_code, add_price, prod_opt_stock, use_yn, reg_by, reg_date) VALUES ('SK000287', 'SITE000001', 'PD000016', 'OI000132', 'OI000138', '16-블랙-M', 0, 20, 'Y', 'SYSTEM', '2026-04-20 00:00:00') ON CONFLICT DO NOTHING;
INSERT INTO shopjoy_2604.pd_prod_sku (sku_id, site_id, prod_id, opt_item_id_1, opt_item_id_2, sku_code, add_price, prod_opt_stock, use_yn, reg_by, reg_date) VALUES ('SK000288', 'SITE000001', 'PD000016', 'OI000132', 'OI000139', '16-블랙-L', 0, 20, 'Y', 'SYSTEM', '2026-04-20 00:00:00') ON CONFLICT DO NOTHING;
INSERT INTO shopjoy_2604.pd_prod_sku (sku_id, site_id, prod_id, opt_item_id_1, opt_item_id_2, sku_code, add_price, prod_opt_stock, use_yn, reg_by, reg_date) VALUES ('SK000289', 'SITE000001', 'PD000016', 'OI000133', 'OI000136', '16-화이-XS', 0, 20, 'Y', 'SYSTEM', '2026-04-20 00:00:00') ON CONFLICT DO NOTHING;
INSERT INTO shopjoy_2604.pd_prod_sku (sku_id, site_id, prod_id, opt_item_id_1, opt_item_id_2, sku_code, add_price, prod_opt_stock, use_yn, reg_by, reg_date) VALUES ('SK000290', 'SITE000001', 'PD000016', 'OI000133', 'OI000137', '16-화이-S', 0, 20, 'Y', 'SYSTEM', '2026-04-20 00:00:00') ON CONFLICT DO NOTHING;
INSERT INTO shopjoy_2604.pd_prod_sku (sku_id, site_id, prod_id, opt_item_id_1, opt_item_id_2, sku_code, add_price, prod_opt_stock, use_yn, reg_by, reg_date) VALUES ('SK000291', 'SITE000001', 'PD000016', 'OI000133', 'OI000138', '16-화이-M', 0, 20, 'Y', 'SYSTEM', '2026-04-20 00:00:00') ON CONFLICT DO NOTHING;
INSERT INTO shopjoy_2604.pd_prod_sku (sku_id, site_id, prod_id, opt_item_id_1, opt_item_id_2, sku_code, add_price, prod_opt_stock, use_yn, reg_by, reg_date) VALUES ('SK000292', 'SITE000001', 'PD000016', 'OI000133', 'OI000139', '16-화이-L', 0, 20, 'Y', 'SYSTEM', '2026-04-20 00:00:00') ON CONFLICT DO NOTHING;
INSERT INTO shopjoy_2604.pd_prod_sku (sku_id, site_id, prod_id, opt_item_id_1, opt_item_id_2, sku_code, add_price, prod_opt_stock, use_yn, reg_by, reg_date) VALUES ('SK000293', 'SITE000001', 'PD000016', 'OI000134', 'OI000136', '16-핑크-XS', 0, 20, 'Y', 'SYSTEM', '2026-04-20 00:00:00') ON CONFLICT DO NOTHING;
INSERT INTO shopjoy_2604.pd_prod_sku (sku_id, site_id, prod_id, opt_item_id_1, opt_item_id_2, sku_code, add_price, prod_opt_stock, use_yn, reg_by, reg_date) VALUES ('SK000294', 'SITE000001', 'PD000016', 'OI000134', 'OI000137', '16-핑크-S', 0, 20, 'Y', 'SYSTEM', '2026-04-20 00:00:00') ON CONFLICT DO NOTHING;
INSERT INTO shopjoy_2604.pd_prod_sku (sku_id, site_id, prod_id, opt_item_id_1, opt_item_id_2, sku_code, add_price, prod_opt_stock, use_yn, reg_by, reg_date) VALUES ('SK000295', 'SITE000001', 'PD000016', 'OI000134', 'OI000138', '16-핑크-M', 0, 20, 'Y', 'SYSTEM', '2026-04-20 00:00:00') ON CONFLICT DO NOTHING;
INSERT INTO shopjoy_2604.pd_prod_sku (sku_id, site_id, prod_id, opt_item_id_1, opt_item_id_2, sku_code, add_price, prod_opt_stock, use_yn, reg_by, reg_date) VALUES ('SK000296', 'SITE000001', 'PD000016', 'OI000134', 'OI000139', '16-핑크-L', 0, 20, 'Y', 'SYSTEM', '2026-04-20 00:00:00') ON CONFLICT DO NOTHING;
INSERT INTO shopjoy_2604.pd_prod_sku (sku_id, site_id, prod_id, opt_item_id_1, opt_item_id_2, sku_code, add_price, prod_opt_stock, use_yn, reg_by, reg_date) VALUES ('SK000297', 'SITE000001', 'PD000016', 'OI000135', 'OI000136', '16-베이-XS', 0, 20, 'Y', 'SYSTEM', '2026-04-20 00:00:00') ON CONFLICT DO NOTHING;
INSERT INTO shopjoy_2604.pd_prod_sku (sku_id, site_id, prod_id, opt_item_id_1, opt_item_id_2, sku_code, add_price, prod_opt_stock, use_yn, reg_by, reg_date) VALUES ('SK000298', 'SITE000001', 'PD000016', 'OI000135', 'OI000137', '16-베이-S', 0, 20, 'Y', 'SYSTEM', '2026-04-20 00:00:00') ON CONFLICT DO NOTHING;
INSERT INTO shopjoy_2604.pd_prod_sku (sku_id, site_id, prod_id, opt_item_id_1, opt_item_id_2, sku_code, add_price, prod_opt_stock, use_yn, reg_by, reg_date) VALUES ('SK000299', 'SITE000001', 'PD000016', 'OI000135', 'OI000138', '16-베이-M', 0, 20, 'Y', 'SYSTEM', '2026-04-20 00:00:00') ON CONFLICT DO NOTHING;
INSERT INTO shopjoy_2604.pd_prod_sku (sku_id, site_id, prod_id, opt_item_id_1, opt_item_id_2, sku_code, add_price, prod_opt_stock, use_yn, reg_by, reg_date) VALUES ('SK000300', 'SITE000001', 'PD000016', 'OI000135', 'OI000139', '16-베이-L', 0, 20, 'Y', 'SYSTEM', '2026-04-20 00:00:00') ON CONFLICT DO NOTHING;
INSERT INTO shopjoy_2604.pd_prod_sku (sku_id, site_id, prod_id, opt_item_id_1, opt_item_id_2, sku_code, add_price, prod_opt_stock, use_yn, reg_by, reg_date) VALUES ('SK000301', 'SITE000001', 'PD000017', 'OI000140', 'OI000144', '17-블랙-XS', 0, 20, 'Y', 'SYSTEM', '2026-04-20 00:00:00') ON CONFLICT DO NOTHING;
INSERT INTO shopjoy_2604.pd_prod_sku (sku_id, site_id, prod_id, opt_item_id_1, opt_item_id_2, sku_code, add_price, prod_opt_stock, use_yn, reg_by, reg_date) VALUES ('SK000302', 'SITE000001', 'PD000017', 'OI000140', 'OI000145', '17-블랙-S', 0, 20, 'Y', 'SYSTEM', '2026-04-20 00:00:00') ON CONFLICT DO NOTHING;
INSERT INTO shopjoy_2604.pd_prod_sku (sku_id, site_id, prod_id, opt_item_id_1, opt_item_id_2, sku_code, add_price, prod_opt_stock, use_yn, reg_by, reg_date) VALUES ('SK000303', 'SITE000001', 'PD000017', 'OI000140', 'OI000146', '17-블랙-M', 0, 20, 'Y', 'SYSTEM', '2026-04-20 00:00:00') ON CONFLICT DO NOTHING;
INSERT INTO shopjoy_2604.pd_prod_sku (sku_id, site_id, prod_id, opt_item_id_1, opt_item_id_2, sku_code, add_price, prod_opt_stock, use_yn, reg_by, reg_date) VALUES ('SK000304', 'SITE000001', 'PD000017', 'OI000140', 'OI000147', '17-블랙-L', 0, 20, 'Y', 'SYSTEM', '2026-04-20 00:00:00') ON CONFLICT DO NOTHING;
INSERT INTO shopjoy_2604.pd_prod_sku (sku_id, site_id, prod_id, opt_item_id_1, opt_item_id_2, sku_code, add_price, prod_opt_stock, use_yn, reg_by, reg_date) VALUES ('SK000305', 'SITE000001', 'PD000017', 'OI000140', 'OI000148', '17-블랙-XL', 0, 20, 'Y', 'SYSTEM', '2026-04-20 00:00:00') ON CONFLICT DO NOTHING;
INSERT INTO shopjoy_2604.pd_prod_sku (sku_id, site_id, prod_id, opt_item_id_1, opt_item_id_2, sku_code, add_price, prod_opt_stock, use_yn, reg_by, reg_date) VALUES ('SK000306', 'SITE000001', 'PD000017', 'OI000141', 'OI000144', '17-베이-XS', 0, 20, 'Y', 'SYSTEM', '2026-04-20 00:00:00') ON CONFLICT DO NOTHING;
INSERT INTO shopjoy_2604.pd_prod_sku (sku_id, site_id, prod_id, opt_item_id_1, opt_item_id_2, sku_code, add_price, prod_opt_stock, use_yn, reg_by, reg_date) VALUES ('SK000307', 'SITE000001', 'PD000017', 'OI000141', 'OI000145', '17-베이-S', 0, 20, 'Y', 'SYSTEM', '2026-04-20 00:00:00') ON CONFLICT DO NOTHING;
INSERT INTO shopjoy_2604.pd_prod_sku (sku_id, site_id, prod_id, opt_item_id_1, opt_item_id_2, sku_code, add_price, prod_opt_stock, use_yn, reg_by, reg_date) VALUES ('SK000308', 'SITE000001', 'PD000017', 'OI000141', 'OI000146', '17-베이-M', 0, 20, 'Y', 'SYSTEM', '2026-04-20 00:00:00') ON CONFLICT DO NOTHING;
INSERT INTO shopjoy_2604.pd_prod_sku (sku_id, site_id, prod_id, opt_item_id_1, opt_item_id_2, sku_code, add_price, prod_opt_stock, use_yn, reg_by, reg_date) VALUES ('SK000309', 'SITE000001', 'PD000017', 'OI000141', 'OI000147', '17-베이-L', 0, 20, 'Y', 'SYSTEM', '2026-04-20 00:00:00') ON CONFLICT DO NOTHING;
INSERT INTO shopjoy_2604.pd_prod_sku (sku_id, site_id, prod_id, opt_item_id_1, opt_item_id_2, sku_code, add_price, prod_opt_stock, use_yn, reg_by, reg_date) VALUES ('SK000310', 'SITE000001', 'PD000017', 'OI000141', 'OI000148', '17-베이-XL', 0, 20, 'Y', 'SYSTEM', '2026-04-20 00:00:00') ON CONFLICT DO NOTHING;
INSERT INTO shopjoy_2604.pd_prod_sku (sku_id, site_id, prod_id, opt_item_id_1, opt_item_id_2, sku_code, add_price, prod_opt_stock, use_yn, reg_by, reg_date) VALUES ('SK000311', 'SITE000001', 'PD000017', 'OI000142', 'OI000144', '17-카키-XS', 0, 20, 'Y', 'SYSTEM', '2026-04-20 00:00:00') ON CONFLICT DO NOTHING;
INSERT INTO shopjoy_2604.pd_prod_sku (sku_id, site_id, prod_id, opt_item_id_1, opt_item_id_2, sku_code, add_price, prod_opt_stock, use_yn, reg_by, reg_date) VALUES ('SK000312', 'SITE000001', 'PD000017', 'OI000142', 'OI000145', '17-카키-S', 0, 20, 'Y', 'SYSTEM', '2026-04-20 00:00:00') ON CONFLICT DO NOTHING;
INSERT INTO shopjoy_2604.pd_prod_sku (sku_id, site_id, prod_id, opt_item_id_1, opt_item_id_2, sku_code, add_price, prod_opt_stock, use_yn, reg_by, reg_date) VALUES ('SK000313', 'SITE000001', 'PD000017', 'OI000142', 'OI000146', '17-카키-M', 0, 20, 'Y', 'SYSTEM', '2026-04-20 00:00:00') ON CONFLICT DO NOTHING;
INSERT INTO shopjoy_2604.pd_prod_sku (sku_id, site_id, prod_id, opt_item_id_1, opt_item_id_2, sku_code, add_price, prod_opt_stock, use_yn, reg_by, reg_date) VALUES ('SK000314', 'SITE000001', 'PD000017', 'OI000142', 'OI000147', '17-카키-L', 0, 20, 'Y', 'SYSTEM', '2026-04-20 00:00:00') ON CONFLICT DO NOTHING;
INSERT INTO shopjoy_2604.pd_prod_sku (sku_id, site_id, prod_id, opt_item_id_1, opt_item_id_2, sku_code, add_price, prod_opt_stock, use_yn, reg_by, reg_date) VALUES ('SK000315', 'SITE000001', 'PD000017', 'OI000142', 'OI000148', '17-카키-XL', 0, 20, 'Y', 'SYSTEM', '2026-04-20 00:00:00') ON CONFLICT DO NOTHING;
INSERT INTO shopjoy_2604.pd_prod_sku (sku_id, site_id, prod_id, opt_item_id_1, opt_item_id_2, sku_code, add_price, prod_opt_stock, use_yn, reg_by, reg_date) VALUES ('SK000316', 'SITE000001', 'PD000017', 'OI000143', 'OI000144', '17-와인-XS', 0, 20, 'Y', 'SYSTEM', '2026-04-20 00:00:00') ON CONFLICT DO NOTHING;
INSERT INTO shopjoy_2604.pd_prod_sku (sku_id, site_id, prod_id, opt_item_id_1, opt_item_id_2, sku_code, add_price, prod_opt_stock, use_yn, reg_by, reg_date) VALUES ('SK000317', 'SITE000001', 'PD000017', 'OI000143', 'OI000145', '17-와인-S', 0, 20, 'Y', 'SYSTEM', '2026-04-20 00:00:00') ON CONFLICT DO NOTHING;
INSERT INTO shopjoy_2604.pd_prod_sku (sku_id, site_id, prod_id, opt_item_id_1, opt_item_id_2, sku_code, add_price, prod_opt_stock, use_yn, reg_by, reg_date) VALUES ('SK000318', 'SITE000001', 'PD000017', 'OI000143', 'OI000146', '17-와인-M', 0, 20, 'Y', 'SYSTEM', '2026-04-20 00:00:00') ON CONFLICT DO NOTHING;
INSERT INTO shopjoy_2604.pd_prod_sku (sku_id, site_id, prod_id, opt_item_id_1, opt_item_id_2, sku_code, add_price, prod_opt_stock, use_yn, reg_by, reg_date) VALUES ('SK000319', 'SITE000001', 'PD000017', 'OI000143', 'OI000147', '17-와인-L', 0, 20, 'Y', 'SYSTEM', '2026-04-20 00:00:00') ON CONFLICT DO NOTHING;
INSERT INTO shopjoy_2604.pd_prod_sku (sku_id, site_id, prod_id, opt_item_id_1, opt_item_id_2, sku_code, add_price, prod_opt_stock, use_yn, reg_by, reg_date) VALUES ('SK000320', 'SITE000001', 'PD000017', 'OI000143', 'OI000148', '17-와인-XL', 0, 20, 'Y', 'SYSTEM', '2026-04-20 00:00:00') ON CONFLICT DO NOTHING;
INSERT INTO shopjoy_2604.pd_prod_sku (sku_id, site_id, prod_id, opt_item_id_1, opt_item_id_2, sku_code, add_price, prod_opt_stock, use_yn, reg_by, reg_date) VALUES ('SK000321', 'SITE000001', 'PD000018', 'OI000149', 'OI000152', '18-블랙-XS', 0, 20, 'Y', 'SYSTEM', '2026-04-20 00:00:00') ON CONFLICT DO NOTHING;
INSERT INTO shopjoy_2604.pd_prod_sku (sku_id, site_id, prod_id, opt_item_id_1, opt_item_id_2, sku_code, add_price, prod_opt_stock, use_yn, reg_by, reg_date) VALUES ('SK000322', 'SITE000001', 'PD000018', 'OI000149', 'OI000153', '18-블랙-S', 0, 20, 'Y', 'SYSTEM', '2026-04-20 00:00:00') ON CONFLICT DO NOTHING;
INSERT INTO shopjoy_2604.pd_prod_sku (sku_id, site_id, prod_id, opt_item_id_1, opt_item_id_2, sku_code, add_price, prod_opt_stock, use_yn, reg_by, reg_date) VALUES ('SK000323', 'SITE000001', 'PD000018', 'OI000149', 'OI000154', '18-블랙-M', 0, 20, 'Y', 'SYSTEM', '2026-04-20 00:00:00') ON CONFLICT DO NOTHING;
INSERT INTO shopjoy_2604.pd_prod_sku (sku_id, site_id, prod_id, opt_item_id_1, opt_item_id_2, sku_code, add_price, prod_opt_stock, use_yn, reg_by, reg_date) VALUES ('SK000324', 'SITE000001', 'PD000018', 'OI000149', 'OI000155', '18-블랙-L', 0, 20, 'Y', 'SYSTEM', '2026-04-20 00:00:00') ON CONFLICT DO NOTHING;
INSERT INTO shopjoy_2604.pd_prod_sku (sku_id, site_id, prod_id, opt_item_id_1, opt_item_id_2, sku_code, add_price, prod_opt_stock, use_yn, reg_by, reg_date) VALUES ('SK000325', 'SITE000001', 'PD000018', 'OI000150', 'OI000152', '18-브라-XS', 0, 20, 'Y', 'SYSTEM', '2026-04-20 00:00:00') ON CONFLICT DO NOTHING;
INSERT INTO shopjoy_2604.pd_prod_sku (sku_id, site_id, prod_id, opt_item_id_1, opt_item_id_2, sku_code, add_price, prod_opt_stock, use_yn, reg_by, reg_date) VALUES ('SK000326', 'SITE000001', 'PD000018', 'OI000150', 'OI000153', '18-브라-S', 0, 20, 'Y', 'SYSTEM', '2026-04-20 00:00:00') ON CONFLICT DO NOTHING;
INSERT INTO shopjoy_2604.pd_prod_sku (sku_id, site_id, prod_id, opt_item_id_1, opt_item_id_2, sku_code, add_price, prod_opt_stock, use_yn, reg_by, reg_date) VALUES ('SK000327', 'SITE000001', 'PD000018', 'OI000150', 'OI000154', '18-브라-M', 0, 20, 'Y', 'SYSTEM', '2026-04-20 00:00:00') ON CONFLICT DO NOTHING;
INSERT INTO shopjoy_2604.pd_prod_sku (sku_id, site_id, prod_id, opt_item_id_1, opt_item_id_2, sku_code, add_price, prod_opt_stock, use_yn, reg_by, reg_date) VALUES ('SK000328', 'SITE000001', 'PD000018', 'OI000150', 'OI000155', '18-브라-L', 0, 20, 'Y', 'SYSTEM', '2026-04-20 00:00:00') ON CONFLICT DO NOTHING;
INSERT INTO shopjoy_2604.pd_prod_sku (sku_id, site_id, prod_id, opt_item_id_1, opt_item_id_2, sku_code, add_price, prod_opt_stock, use_yn, reg_by, reg_date) VALUES ('SK000329', 'SITE000001', 'PD000018', 'OI000151', 'OI000152', '18-그린-XS', 0, 20, 'Y', 'SYSTEM', '2026-04-20 00:00:00') ON CONFLICT DO NOTHING;
INSERT INTO shopjoy_2604.pd_prod_sku (sku_id, site_id, prod_id, opt_item_id_1, opt_item_id_2, sku_code, add_price, prod_opt_stock, use_yn, reg_by, reg_date) VALUES ('SK000330', 'SITE000001', 'PD000018', 'OI000151', 'OI000153', '18-그린-S', 0, 20, 'Y', 'SYSTEM', '2026-04-20 00:00:00') ON CONFLICT DO NOTHING;
INSERT INTO shopjoy_2604.pd_prod_sku (sku_id, site_id, prod_id, opt_item_id_1, opt_item_id_2, sku_code, add_price, prod_opt_stock, use_yn, reg_by, reg_date) VALUES ('SK000331', 'SITE000001', 'PD000018', 'OI000151', 'OI000154', '18-그린-M', 0, 20, 'Y', 'SYSTEM', '2026-04-20 00:00:00') ON CONFLICT DO NOTHING;
INSERT INTO shopjoy_2604.pd_prod_sku (sku_id, site_id, prod_id, opt_item_id_1, opt_item_id_2, sku_code, add_price, prod_opt_stock, use_yn, reg_by, reg_date) VALUES ('SK000332', 'SITE000001', 'PD000018', 'OI000151', 'OI000155', '18-그린-L', 0, 20, 'Y', 'SYSTEM', '2026-04-20 00:00:00') ON CONFLICT DO NOTHING;
INSERT INTO shopjoy_2604.pd_prod_sku (sku_id, site_id, prod_id, opt_item_id_1, opt_item_id_2, sku_code, add_price, prod_opt_stock, use_yn, reg_by, reg_date) VALUES ('SK000333', 'SITE000001', 'PD000019', 'OI000156', 'OI000160', '19-와인-S', 0, 20, 'Y', 'SYSTEM', '2026-04-20 00:00:00') ON CONFLICT DO NOTHING;
INSERT INTO shopjoy_2604.pd_prod_sku (sku_id, site_id, prod_id, opt_item_id_1, opt_item_id_2, sku_code, add_price, prod_opt_stock, use_yn, reg_by, reg_date) VALUES ('SK000334', 'SITE000001', 'PD000019', 'OI000156', 'OI000161', '19-와인-M', 0, 20, 'Y', 'SYSTEM', '2026-04-20 00:00:00') ON CONFLICT DO NOTHING;
INSERT INTO shopjoy_2604.pd_prod_sku (sku_id, site_id, prod_id, opt_item_id_1, opt_item_id_2, sku_code, add_price, prod_opt_stock, use_yn, reg_by, reg_date) VALUES ('SK000335', 'SITE000001', 'PD000019', 'OI000156', 'OI000162', '19-와인-L', 0, 20, 'Y', 'SYSTEM', '2026-04-20 00:00:00') ON CONFLICT DO NOTHING;
INSERT INTO shopjoy_2604.pd_prod_sku (sku_id, site_id, prod_id, opt_item_id_1, opt_item_id_2, sku_code, add_price, prod_opt_stock, use_yn, reg_by, reg_date) VALUES ('SK000336', 'SITE000001', 'PD000019', 'OI000156', 'OI000163', '19-와인-XL', 0, 20, 'Y', 'SYSTEM', '2026-04-20 00:00:00') ON CONFLICT DO NOTHING;
INSERT INTO shopjoy_2604.pd_prod_sku (sku_id, site_id, prod_id, opt_item_id_1, opt_item_id_2, sku_code, add_price, prod_opt_stock, use_yn, reg_by, reg_date) VALUES ('SK000337', 'SITE000001', 'PD000019', 'OI000157', 'OI000160', '19-블랙-S', 0, 20, 'Y', 'SYSTEM', '2026-04-20 00:00:00') ON CONFLICT DO NOTHING;
INSERT INTO shopjoy_2604.pd_prod_sku (sku_id, site_id, prod_id, opt_item_id_1, opt_item_id_2, sku_code, add_price, prod_opt_stock, use_yn, reg_by, reg_date) VALUES ('SK000338', 'SITE000001', 'PD000019', 'OI000157', 'OI000161', '19-블랙-M', 0, 20, 'Y', 'SYSTEM', '2026-04-20 00:00:00') ON CONFLICT DO NOTHING;
INSERT INTO shopjoy_2604.pd_prod_sku (sku_id, site_id, prod_id, opt_item_id_1, opt_item_id_2, sku_code, add_price, prod_opt_stock, use_yn, reg_by, reg_date) VALUES ('SK000339', 'SITE000001', 'PD000019', 'OI000157', 'OI000162', '19-블랙-L', 0, 20, 'Y', 'SYSTEM', '2026-04-20 00:00:00') ON CONFLICT DO NOTHING;
INSERT INTO shopjoy_2604.pd_prod_sku (sku_id, site_id, prod_id, opt_item_id_1, opt_item_id_2, sku_code, add_price, prod_opt_stock, use_yn, reg_by, reg_date) VALUES ('SK000340', 'SITE000001', 'PD000019', 'OI000157', 'OI000163', '19-블랙-XL', 0, 20, 'Y', 'SYSTEM', '2026-04-20 00:00:00') ON CONFLICT DO NOTHING;
INSERT INTO shopjoy_2604.pd_prod_sku (sku_id, site_id, prod_id, opt_item_id_1, opt_item_id_2, sku_code, add_price, prod_opt_stock, use_yn, reg_by, reg_date) VALUES ('SK000341', 'SITE000001', 'PD000019', 'OI000158', 'OI000160', '19-네이-S', 0, 20, 'Y', 'SYSTEM', '2026-04-20 00:00:00') ON CONFLICT DO NOTHING;
INSERT INTO shopjoy_2604.pd_prod_sku (sku_id, site_id, prod_id, opt_item_id_1, opt_item_id_2, sku_code, add_price, prod_opt_stock, use_yn, reg_by, reg_date) VALUES ('SK000342', 'SITE000001', 'PD000019', 'OI000158', 'OI000161', '19-네이-M', 0, 20, 'Y', 'SYSTEM', '2026-04-20 00:00:00') ON CONFLICT DO NOTHING;
INSERT INTO shopjoy_2604.pd_prod_sku (sku_id, site_id, prod_id, opt_item_id_1, opt_item_id_2, sku_code, add_price, prod_opt_stock, use_yn, reg_by, reg_date) VALUES ('SK000343', 'SITE000001', 'PD000019', 'OI000158', 'OI000162', '19-네이-L', 0, 20, 'Y', 'SYSTEM', '2026-04-20 00:00:00') ON CONFLICT DO NOTHING;
INSERT INTO shopjoy_2604.pd_prod_sku (sku_id, site_id, prod_id, opt_item_id_1, opt_item_id_2, sku_code, add_price, prod_opt_stock, use_yn, reg_by, reg_date) VALUES ('SK000344', 'SITE000001', 'PD000019', 'OI000158', 'OI000163', '19-네이-XL', 0, 20, 'Y', 'SYSTEM', '2026-04-20 00:00:00') ON CONFLICT DO NOTHING;
INSERT INTO shopjoy_2604.pd_prod_sku (sku_id, site_id, prod_id, opt_item_id_1, opt_item_id_2, sku_code, add_price, prod_opt_stock, use_yn, reg_by, reg_date) VALUES ('SK000345', 'SITE000001', 'PD000019', 'OI000159', 'OI000160', '19-모카-S', 0, 20, 'Y', 'SYSTEM', '2026-04-20 00:00:00') ON CONFLICT DO NOTHING;
INSERT INTO shopjoy_2604.pd_prod_sku (sku_id, site_id, prod_id, opt_item_id_1, opt_item_id_2, sku_code, add_price, prod_opt_stock, use_yn, reg_by, reg_date) VALUES ('SK000346', 'SITE000001', 'PD000019', 'OI000159', 'OI000161', '19-모카-M', 0, 20, 'Y', 'SYSTEM', '2026-04-20 00:00:00') ON CONFLICT DO NOTHING;
INSERT INTO shopjoy_2604.pd_prod_sku (sku_id, site_id, prod_id, opt_item_id_1, opt_item_id_2, sku_code, add_price, prod_opt_stock, use_yn, reg_by, reg_date) VALUES ('SK000347', 'SITE000001', 'PD000019', 'OI000159', 'OI000162', '19-모카-L', 0, 20, 'Y', 'SYSTEM', '2026-04-20 00:00:00') ON CONFLICT DO NOTHING;
INSERT INTO shopjoy_2604.pd_prod_sku (sku_id, site_id, prod_id, opt_item_id_1, opt_item_id_2, sku_code, add_price, prod_opt_stock, use_yn, reg_by, reg_date) VALUES ('SK000348', 'SITE000001', 'PD000019', 'OI000159', 'OI000163', '19-모카-XL', 0, 20, 'Y', 'SYSTEM', '2026-04-20 00:00:00') ON CONFLICT DO NOTHING;
INSERT INTO shopjoy_2604.pd_prod_sku (sku_id, site_id, prod_id, opt_item_id_1, opt_item_id_2, sku_code, add_price, prod_opt_stock, use_yn, reg_by, reg_date) VALUES ('SK000349', 'SITE000001', 'PD000020', 'OI000164', 'OI000168', '20-베이-S', 0, 20, 'Y', 'SYSTEM', '2026-04-20 00:00:00') ON CONFLICT DO NOTHING;
INSERT INTO shopjoy_2604.pd_prod_sku (sku_id, site_id, prod_id, opt_item_id_1, opt_item_id_2, sku_code, add_price, prod_opt_stock, use_yn, reg_by, reg_date) VALUES ('SK000350', 'SITE000001', 'PD000020', 'OI000164', 'OI000169', '20-베이-M', 0, 20, 'Y', 'SYSTEM', '2026-04-20 00:00:00') ON CONFLICT DO NOTHING;
INSERT INTO shopjoy_2604.pd_prod_sku (sku_id, site_id, prod_id, opt_item_id_1, opt_item_id_2, sku_code, add_price, prod_opt_stock, use_yn, reg_by, reg_date) VALUES ('SK000351', 'SITE000001', 'PD000020', 'OI000164', 'OI000170', '20-베이-L', 0, 20, 'Y', 'SYSTEM', '2026-04-20 00:00:00') ON CONFLICT DO NOTHING;
INSERT INTO shopjoy_2604.pd_prod_sku (sku_id, site_id, prod_id, opt_item_id_1, opt_item_id_2, sku_code, add_price, prod_opt_stock, use_yn, reg_by, reg_date) VALUES ('SK000352', 'SITE000001', 'PD000020', 'OI000164', 'OI000171', '20-베이-XL', 0, 20, 'Y', 'SYSTEM', '2026-04-20 00:00:00') ON CONFLICT DO NOTHING;
INSERT INTO shopjoy_2604.pd_prod_sku (sku_id, site_id, prod_id, opt_item_id_1, opt_item_id_2, sku_code, add_price, prod_opt_stock, use_yn, reg_by, reg_date) VALUES ('SK000353', 'SITE000001', 'PD000020', 'OI000164', 'OI000172', '20-베이-XXL', 0, 20, 'Y', 'SYSTEM', '2026-04-20 00:00:00') ON CONFLICT DO NOTHING;
INSERT INTO shopjoy_2604.pd_prod_sku (sku_id, site_id, prod_id, opt_item_id_1, opt_item_id_2, sku_code, add_price, prod_opt_stock, use_yn, reg_by, reg_date) VALUES ('SK000354', 'SITE000001', 'PD000020', 'OI000165', 'OI000168', '20-블랙-S', 0, 20, 'Y', 'SYSTEM', '2026-04-20 00:00:00') ON CONFLICT DO NOTHING;
INSERT INTO shopjoy_2604.pd_prod_sku (sku_id, site_id, prod_id, opt_item_id_1, opt_item_id_2, sku_code, add_price, prod_opt_stock, use_yn, reg_by, reg_date) VALUES ('SK000355', 'SITE000001', 'PD000020', 'OI000165', 'OI000169', '20-블랙-M', 0, 20, 'Y', 'SYSTEM', '2026-04-20 00:00:00') ON CONFLICT DO NOTHING;
INSERT INTO shopjoy_2604.pd_prod_sku (sku_id, site_id, prod_id, opt_item_id_1, opt_item_id_2, sku_code, add_price, prod_opt_stock, use_yn, reg_by, reg_date) VALUES ('SK000356', 'SITE000001', 'PD000020', 'OI000165', 'OI000170', '20-블랙-L', 0, 20, 'Y', 'SYSTEM', '2026-04-20 00:00:00') ON CONFLICT DO NOTHING;
INSERT INTO shopjoy_2604.pd_prod_sku (sku_id, site_id, prod_id, opt_item_id_1, opt_item_id_2, sku_code, add_price, prod_opt_stock, use_yn, reg_by, reg_date) VALUES ('SK000357', 'SITE000001', 'PD000020', 'OI000165', 'OI000171', '20-블랙-XL', 0, 20, 'Y', 'SYSTEM', '2026-04-20 00:00:00') ON CONFLICT DO NOTHING;
INSERT INTO shopjoy_2604.pd_prod_sku (sku_id, site_id, prod_id, opt_item_id_1, opt_item_id_2, sku_code, add_price, prod_opt_stock, use_yn, reg_by, reg_date) VALUES ('SK000358', 'SITE000001', 'PD000020', 'OI000165', 'OI000172', '20-블랙-XXL', 0, 20, 'Y', 'SYSTEM', '2026-04-20 00:00:00') ON CONFLICT DO NOTHING;
INSERT INTO shopjoy_2604.pd_prod_sku (sku_id, site_id, prod_id, opt_item_id_1, opt_item_id_2, sku_code, add_price, prod_opt_stock, use_yn, reg_by, reg_date) VALUES ('SK000359', 'SITE000001', 'PD000020', 'OI000166', 'OI000168', '20-그레-S', 0, 20, 'Y', 'SYSTEM', '2026-04-20 00:00:00') ON CONFLICT DO NOTHING;
INSERT INTO shopjoy_2604.pd_prod_sku (sku_id, site_id, prod_id, opt_item_id_1, opt_item_id_2, sku_code, add_price, prod_opt_stock, use_yn, reg_by, reg_date) VALUES ('SK000360', 'SITE000001', 'PD000020', 'OI000166', 'OI000169', '20-그레-M', 0, 20, 'Y', 'SYSTEM', '2026-04-20 00:00:00') ON CONFLICT DO NOTHING;
INSERT INTO shopjoy_2604.pd_prod_sku (sku_id, site_id, prod_id, opt_item_id_1, opt_item_id_2, sku_code, add_price, prod_opt_stock, use_yn, reg_by, reg_date) VALUES ('SK000361', 'SITE000001', 'PD000020', 'OI000166', 'OI000170', '20-그레-L', 0, 20, 'Y', 'SYSTEM', '2026-04-20 00:00:00') ON CONFLICT DO NOTHING;
INSERT INTO shopjoy_2604.pd_prod_sku (sku_id, site_id, prod_id, opt_item_id_1, opt_item_id_2, sku_code, add_price, prod_opt_stock, use_yn, reg_by, reg_date) VALUES ('SK000362', 'SITE000001', 'PD000020', 'OI000166', 'OI000171', '20-그레-XL', 0, 20, 'Y', 'SYSTEM', '2026-04-20 00:00:00') ON CONFLICT DO NOTHING;
INSERT INTO shopjoy_2604.pd_prod_sku (sku_id, site_id, prod_id, opt_item_id_1, opt_item_id_2, sku_code, add_price, prod_opt_stock, use_yn, reg_by, reg_date) VALUES ('SK000363', 'SITE000001', 'PD000020', 'OI000166', 'OI000172', '20-그레-XXL', 0, 20, 'Y', 'SYSTEM', '2026-04-20 00:00:00') ON CONFLICT DO NOTHING;
INSERT INTO shopjoy_2604.pd_prod_sku (sku_id, site_id, prod_id, opt_item_id_1, opt_item_id_2, sku_code, add_price, prod_opt_stock, use_yn, reg_by, reg_date) VALUES ('SK000364', 'SITE000001', 'PD000020', 'OI000167', 'OI000168', '20-카키-S', 0, 20, 'Y', 'SYSTEM', '2026-04-20 00:00:00') ON CONFLICT DO NOTHING;
INSERT INTO shopjoy_2604.pd_prod_sku (sku_id, site_id, prod_id, opt_item_id_1, opt_item_id_2, sku_code, add_price, prod_opt_stock, use_yn, reg_by, reg_date) VALUES ('SK000365', 'SITE000001', 'PD000020', 'OI000167', 'OI000169', '20-카키-M', 0, 20, 'Y', 'SYSTEM', '2026-04-20 00:00:00') ON CONFLICT DO NOTHING;
INSERT INTO shopjoy_2604.pd_prod_sku (sku_id, site_id, prod_id, opt_item_id_1, opt_item_id_2, sku_code, add_price, prod_opt_stock, use_yn, reg_by, reg_date) VALUES ('SK000366', 'SITE000001', 'PD000020', 'OI000167', 'OI000170', '20-카키-L', 0, 20, 'Y', 'SYSTEM', '2026-04-20 00:00:00') ON CONFLICT DO NOTHING;
INSERT INTO shopjoy_2604.pd_prod_sku (sku_id, site_id, prod_id, opt_item_id_1, opt_item_id_2, sku_code, add_price, prod_opt_stock, use_yn, reg_by, reg_date) VALUES ('SK000367', 'SITE000001', 'PD000020', 'OI000167', 'OI000171', '20-카키-XL', 0, 20, 'Y', 'SYSTEM', '2026-04-20 00:00:00') ON CONFLICT DO NOTHING;
INSERT INTO shopjoy_2604.pd_prod_sku (sku_id, site_id, prod_id, opt_item_id_1, opt_item_id_2, sku_code, add_price, prod_opt_stock, use_yn, reg_by, reg_date) VALUES ('SK000368', 'SITE000001', 'PD000020', 'OI000167', 'OI000172', '20-카키-XXL', 0, 20, 'Y', 'SYSTEM', '2026-04-20 00:00:00') ON CONFLICT DO NOTHING;
INSERT INTO shopjoy_2604.pd_prod_sku (sku_id, site_id, prod_id, opt_item_id_1, opt_item_id_2, sku_code, add_price, prod_opt_stock, use_yn, reg_by, reg_date) VALUES ('SK000369', 'SITE000001', 'PD000021', 'OI000173', 'OI000177', '21-카멜-S', 0, 20, 'Y', 'SYSTEM', '2026-04-20 00:00:00') ON CONFLICT DO NOTHING;
INSERT INTO shopjoy_2604.pd_prod_sku (sku_id, site_id, prod_id, opt_item_id_1, opt_item_id_2, sku_code, add_price, prod_opt_stock, use_yn, reg_by, reg_date) VALUES ('SK000370', 'SITE000001', 'PD000021', 'OI000173', 'OI000178', '21-카멜-M', 0, 20, 'Y', 'SYSTEM', '2026-04-20 00:00:00') ON CONFLICT DO NOTHING;
INSERT INTO shopjoy_2604.pd_prod_sku (sku_id, site_id, prod_id, opt_item_id_1, opt_item_id_2, sku_code, add_price, prod_opt_stock, use_yn, reg_by, reg_date) VALUES ('SK000371', 'SITE000001', 'PD000021', 'OI000173', 'OI000179', '21-카멜-L', 0, 20, 'Y', 'SYSTEM', '2026-04-20 00:00:00') ON CONFLICT DO NOTHING;
INSERT INTO shopjoy_2604.pd_prod_sku (sku_id, site_id, prod_id, opt_item_id_1, opt_item_id_2, sku_code, add_price, prod_opt_stock, use_yn, reg_by, reg_date) VALUES ('SK000372', 'SITE000001', 'PD000021', 'OI000173', 'OI000180', '21-카멜-XL', 0, 20, 'Y', 'SYSTEM', '2026-04-20 00:00:00') ON CONFLICT DO NOTHING;
INSERT INTO shopjoy_2604.pd_prod_sku (sku_id, site_id, prod_id, opt_item_id_1, opt_item_id_2, sku_code, add_price, prod_opt_stock, use_yn, reg_by, reg_date) VALUES ('SK000373', 'SITE000001', 'PD000021', 'OI000174', 'OI000177', '21-블랙-S', 0, 20, 'Y', 'SYSTEM', '2026-04-20 00:00:00') ON CONFLICT DO NOTHING;
INSERT INTO shopjoy_2604.pd_prod_sku (sku_id, site_id, prod_id, opt_item_id_1, opt_item_id_2, sku_code, add_price, prod_opt_stock, use_yn, reg_by, reg_date) VALUES ('SK000374', 'SITE000001', 'PD000021', 'OI000174', 'OI000178', '21-블랙-M', 0, 20, 'Y', 'SYSTEM', '2026-04-20 00:00:00') ON CONFLICT DO NOTHING;
INSERT INTO shopjoy_2604.pd_prod_sku (sku_id, site_id, prod_id, opt_item_id_1, opt_item_id_2, sku_code, add_price, prod_opt_stock, use_yn, reg_by, reg_date) VALUES ('SK000375', 'SITE000001', 'PD000021', 'OI000174', 'OI000179', '21-블랙-L', 0, 20, 'Y', 'SYSTEM', '2026-04-20 00:00:00') ON CONFLICT DO NOTHING;
INSERT INTO shopjoy_2604.pd_prod_sku (sku_id, site_id, prod_id, opt_item_id_1, opt_item_id_2, sku_code, add_price, prod_opt_stock, use_yn, reg_by, reg_date) VALUES ('SK000376', 'SITE000001', 'PD000021', 'OI000174', 'OI000180', '21-블랙-XL', 0, 20, 'Y', 'SYSTEM', '2026-04-20 00:00:00') ON CONFLICT DO NOTHING;
INSERT INTO shopjoy_2604.pd_prod_sku (sku_id, site_id, prod_id, opt_item_id_1, opt_item_id_2, sku_code, add_price, prod_opt_stock, use_yn, reg_by, reg_date) VALUES ('SK000377', 'SITE000001', 'PD000021', 'OI000175', 'OI000177', '21-차콜-S', 0, 20, 'Y', 'SYSTEM', '2026-04-20 00:00:00') ON CONFLICT DO NOTHING;
INSERT INTO shopjoy_2604.pd_prod_sku (sku_id, site_id, prod_id, opt_item_id_1, opt_item_id_2, sku_code, add_price, prod_opt_stock, use_yn, reg_by, reg_date) VALUES ('SK000378', 'SITE000001', 'PD000021', 'OI000175', 'OI000178', '21-차콜-M', 0, 20, 'Y', 'SYSTEM', '2026-04-20 00:00:00') ON CONFLICT DO NOTHING;
INSERT INTO shopjoy_2604.pd_prod_sku (sku_id, site_id, prod_id, opt_item_id_1, opt_item_id_2, sku_code, add_price, prod_opt_stock, use_yn, reg_by, reg_date) VALUES ('SK000379', 'SITE000001', 'PD000021', 'OI000175', 'OI000179', '21-차콜-L', 0, 20, 'Y', 'SYSTEM', '2026-04-20 00:00:00') ON CONFLICT DO NOTHING;
INSERT INTO shopjoy_2604.pd_prod_sku (sku_id, site_id, prod_id, opt_item_id_1, opt_item_id_2, sku_code, add_price, prod_opt_stock, use_yn, reg_by, reg_date) VALUES ('SK000380', 'SITE000001', 'PD000021', 'OI000175', 'OI000180', '21-차콜-XL', 0, 20, 'Y', 'SYSTEM', '2026-04-20 00:00:00') ON CONFLICT DO NOTHING;
INSERT INTO shopjoy_2604.pd_prod_sku (sku_id, site_id, prod_id, opt_item_id_1, opt_item_id_2, sku_code, add_price, prod_opt_stock, use_yn, reg_by, reg_date) VALUES ('SK000381', 'SITE000001', 'PD000021', 'OI000176', 'OI000177', '21-크림-S', 0, 20, 'Y', 'SYSTEM', '2026-04-20 00:00:00') ON CONFLICT DO NOTHING;
INSERT INTO shopjoy_2604.pd_prod_sku (sku_id, site_id, prod_id, opt_item_id_1, opt_item_id_2, sku_code, add_price, prod_opt_stock, use_yn, reg_by, reg_date) VALUES ('SK000382', 'SITE000001', 'PD000021', 'OI000176', 'OI000178', '21-크림-M', 0, 20, 'Y', 'SYSTEM', '2026-04-20 00:00:00') ON CONFLICT DO NOTHING;
INSERT INTO shopjoy_2604.pd_prod_sku (sku_id, site_id, prod_id, opt_item_id_1, opt_item_id_2, sku_code, add_price, prod_opt_stock, use_yn, reg_by, reg_date) VALUES ('SK000383', 'SITE000001', 'PD000021', 'OI000176', 'OI000179', '21-크림-L', 0, 20, 'Y', 'SYSTEM', '2026-04-20 00:00:00') ON CONFLICT DO NOTHING;
INSERT INTO shopjoy_2604.pd_prod_sku (sku_id, site_id, prod_id, opt_item_id_1, opt_item_id_2, sku_code, add_price, prod_opt_stock, use_yn, reg_by, reg_date) VALUES ('SK000384', 'SITE000001', 'PD000021', 'OI000176', 'OI000180', '21-크림-XL', 0, 20, 'Y', 'SYSTEM', '2026-04-20 00:00:00') ON CONFLICT DO NOTHING;
INSERT INTO shopjoy_2604.pd_prod_sku (sku_id, site_id, prod_id, opt_item_id_1, opt_item_id_2, sku_code, add_price, prod_opt_stock, use_yn, reg_by, reg_date) VALUES ('SK000385', 'SITE000001', 'PD000022', 'OI000181', 'OI000185', '22-블랙-S', 0, 20, 'Y', 'SYSTEM', '2026-04-20 00:00:00') ON CONFLICT DO NOTHING;
INSERT INTO shopjoy_2604.pd_prod_sku (sku_id, site_id, prod_id, opt_item_id_1, opt_item_id_2, sku_code, add_price, prod_opt_stock, use_yn, reg_by, reg_date) VALUES ('SK000386', 'SITE000001', 'PD000022', 'OI000181', 'OI000186', '22-블랙-M', 0, 20, 'Y', 'SYSTEM', '2026-04-20 00:00:00') ON CONFLICT DO NOTHING;
INSERT INTO shopjoy_2604.pd_prod_sku (sku_id, site_id, prod_id, opt_item_id_1, opt_item_id_2, sku_code, add_price, prod_opt_stock, use_yn, reg_by, reg_date) VALUES ('SK000387', 'SITE000001', 'PD000022', 'OI000181', 'OI000187', '22-블랙-L', 0, 20, 'Y', 'SYSTEM', '2026-04-20 00:00:00') ON CONFLICT DO NOTHING;
INSERT INTO shopjoy_2604.pd_prod_sku (sku_id, site_id, prod_id, opt_item_id_1, opt_item_id_2, sku_code, add_price, prod_opt_stock, use_yn, reg_by, reg_date) VALUES ('SK000388', 'SITE000001', 'PD000022', 'OI000181', 'OI000188', '22-블랙-XL', 0, 20, 'Y', 'SYSTEM', '2026-04-20 00:00:00') ON CONFLICT DO NOTHING;
INSERT INTO shopjoy_2604.pd_prod_sku (sku_id, site_id, prod_id, opt_item_id_1, opt_item_id_2, sku_code, add_price, prod_opt_stock, use_yn, reg_by, reg_date) VALUES ('SK000389', 'SITE000001', 'PD000022', 'OI000182', 'OI000185', '22-올리-S', 0, 20, 'Y', 'SYSTEM', '2026-04-20 00:00:00') ON CONFLICT DO NOTHING;
INSERT INTO shopjoy_2604.pd_prod_sku (sku_id, site_id, prod_id, opt_item_id_1, opt_item_id_2, sku_code, add_price, prod_opt_stock, use_yn, reg_by, reg_date) VALUES ('SK000390', 'SITE000001', 'PD000022', 'OI000182', 'OI000186', '22-올리-M', 0, 20, 'Y', 'SYSTEM', '2026-04-20 00:00:00') ON CONFLICT DO NOTHING;
INSERT INTO shopjoy_2604.pd_prod_sku (sku_id, site_id, prod_id, opt_item_id_1, opt_item_id_2, sku_code, add_price, prod_opt_stock, use_yn, reg_by, reg_date) VALUES ('SK000391', 'SITE000001', 'PD000022', 'OI000182', 'OI000187', '22-올리-L', 0, 20, 'Y', 'SYSTEM', '2026-04-20 00:00:00') ON CONFLICT DO NOTHING;
INSERT INTO shopjoy_2604.pd_prod_sku (sku_id, site_id, prod_id, opt_item_id_1, opt_item_id_2, sku_code, add_price, prod_opt_stock, use_yn, reg_by, reg_date) VALUES ('SK000392', 'SITE000001', 'PD000022', 'OI000182', 'OI000188', '22-올리-XL', 0, 20, 'Y', 'SYSTEM', '2026-04-20 00:00:00') ON CONFLICT DO NOTHING;
INSERT INTO shopjoy_2604.pd_prod_sku (sku_id, site_id, prod_id, opt_item_id_1, opt_item_id_2, sku_code, add_price, prod_opt_stock, use_yn, reg_by, reg_date) VALUES ('SK000393', 'SITE000001', 'PD000022', 'OI000183', 'OI000185', '22-버건-S', 0, 20, 'Y', 'SYSTEM', '2026-04-20 00:00:00') ON CONFLICT DO NOTHING;
INSERT INTO shopjoy_2604.pd_prod_sku (sku_id, site_id, prod_id, opt_item_id_1, opt_item_id_2, sku_code, add_price, prod_opt_stock, use_yn, reg_by, reg_date) VALUES ('SK000394', 'SITE000001', 'PD000022', 'OI000183', 'OI000186', '22-버건-M', 0, 20, 'Y', 'SYSTEM', '2026-04-20 00:00:00') ON CONFLICT DO NOTHING;
INSERT INTO shopjoy_2604.pd_prod_sku (sku_id, site_id, prod_id, opt_item_id_1, opt_item_id_2, sku_code, add_price, prod_opt_stock, use_yn, reg_by, reg_date) VALUES ('SK000395', 'SITE000001', 'PD000022', 'OI000183', 'OI000187', '22-버건-L', 0, 20, 'Y', 'SYSTEM', '2026-04-20 00:00:00') ON CONFLICT DO NOTHING;
INSERT INTO shopjoy_2604.pd_prod_sku (sku_id, site_id, prod_id, opt_item_id_1, opt_item_id_2, sku_code, add_price, prod_opt_stock, use_yn, reg_by, reg_date) VALUES ('SK000396', 'SITE000001', 'PD000022', 'OI000183', 'OI000188', '22-버건-XL', 0, 20, 'Y', 'SYSTEM', '2026-04-20 00:00:00') ON CONFLICT DO NOTHING;
INSERT INTO shopjoy_2604.pd_prod_sku (sku_id, site_id, prod_id, opt_item_id_1, opt_item_id_2, sku_code, add_price, prod_opt_stock, use_yn, reg_by, reg_date) VALUES ('SK000397', 'SITE000001', 'PD000022', 'OI000184', 'OI000185', '22-크림-S', 0, 20, 'Y', 'SYSTEM', '2026-04-20 00:00:00') ON CONFLICT DO NOTHING;
INSERT INTO shopjoy_2604.pd_prod_sku (sku_id, site_id, prod_id, opt_item_id_1, opt_item_id_2, sku_code, add_price, prod_opt_stock, use_yn, reg_by, reg_date) VALUES ('SK000398', 'SITE000001', 'PD000022', 'OI000184', 'OI000186', '22-크림-M', 0, 20, 'Y', 'SYSTEM', '2026-04-20 00:00:00') ON CONFLICT DO NOTHING;
INSERT INTO shopjoy_2604.pd_prod_sku (sku_id, site_id, prod_id, opt_item_id_1, opt_item_id_2, sku_code, add_price, prod_opt_stock, use_yn, reg_by, reg_date) VALUES ('SK000399', 'SITE000001', 'PD000022', 'OI000184', 'OI000187', '22-크림-L', 0, 20, 'Y', 'SYSTEM', '2026-04-20 00:00:00') ON CONFLICT DO NOTHING;
INSERT INTO shopjoy_2604.pd_prod_sku (sku_id, site_id, prod_id, opt_item_id_1, opt_item_id_2, sku_code, add_price, prod_opt_stock, use_yn, reg_by, reg_date) VALUES ('SK000400', 'SITE000001', 'PD000022', 'OI000184', 'OI000188', '22-크림-XL', 0, 20, 'Y', 'SYSTEM', '2026-04-20 00:00:00') ON CONFLICT DO NOTHING;
INSERT INTO shopjoy_2604.pd_prod_sku (sku_id, site_id, prod_id, opt_item_id_1, opt_item_id_2, sku_code, add_price, prod_opt_stock, use_yn, reg_by, reg_date) VALUES ('SK000401', 'SITE000001', 'PD000023', 'OI000189', 'OI000193', '23-그레-S', 0, 20, 'Y', 'SYSTEM', '2026-04-20 00:00:00') ON CONFLICT DO NOTHING;
INSERT INTO shopjoy_2604.pd_prod_sku (sku_id, site_id, prod_id, opt_item_id_1, opt_item_id_2, sku_code, add_price, prod_opt_stock, use_yn, reg_by, reg_date) VALUES ('SK000402', 'SITE000001', 'PD000023', 'OI000189', 'OI000194', '23-그레-M', 0, 20, 'Y', 'SYSTEM', '2026-04-20 00:00:00') ON CONFLICT DO NOTHING;
INSERT INTO shopjoy_2604.pd_prod_sku (sku_id, site_id, prod_id, opt_item_id_1, opt_item_id_2, sku_code, add_price, prod_opt_stock, use_yn, reg_by, reg_date) VALUES ('SK000403', 'SITE000001', 'PD000023', 'OI000189', 'OI000195', '23-그레-L', 0, 20, 'Y', 'SYSTEM', '2026-04-20 00:00:00') ON CONFLICT DO NOTHING;
INSERT INTO shopjoy_2604.pd_prod_sku (sku_id, site_id, prod_id, opt_item_id_1, opt_item_id_2, sku_code, add_price, prod_opt_stock, use_yn, reg_by, reg_date) VALUES ('SK000404', 'SITE000001', 'PD000023', 'OI000189', 'OI000196', '23-그레-XL', 0, 20, 'Y', 'SYSTEM', '2026-04-20 00:00:00') ON CONFLICT DO NOTHING;
INSERT INTO shopjoy_2604.pd_prod_sku (sku_id, site_id, prod_id, opt_item_id_1, opt_item_id_2, sku_code, add_price, prod_opt_stock, use_yn, reg_by, reg_date) VALUES ('SK000405', 'SITE000001', 'PD000023', 'OI000189', 'OI000197', '23-그레-XXL', 0, 20, 'Y', 'SYSTEM', '2026-04-20 00:00:00') ON CONFLICT DO NOTHING;
INSERT INTO shopjoy_2604.pd_prod_sku (sku_id, site_id, prod_id, opt_item_id_1, opt_item_id_2, sku_code, add_price, prod_opt_stock, use_yn, reg_by, reg_date) VALUES ('SK000406', 'SITE000001', 'PD000023', 'OI000190', 'OI000193', '23-블랙-S', 0, 20, 'Y', 'SYSTEM', '2026-04-20 00:00:00') ON CONFLICT DO NOTHING;
INSERT INTO shopjoy_2604.pd_prod_sku (sku_id, site_id, prod_id, opt_item_id_1, opt_item_id_2, sku_code, add_price, prod_opt_stock, use_yn, reg_by, reg_date) VALUES ('SK000407', 'SITE000001', 'PD000023', 'OI000190', 'OI000194', '23-블랙-M', 0, 20, 'Y', 'SYSTEM', '2026-04-20 00:00:00') ON CONFLICT DO NOTHING;
INSERT INTO shopjoy_2604.pd_prod_sku (sku_id, site_id, prod_id, opt_item_id_1, opt_item_id_2, sku_code, add_price, prod_opt_stock, use_yn, reg_by, reg_date) VALUES ('SK000408', 'SITE000001', 'PD000023', 'OI000190', 'OI000195', '23-블랙-L', 0, 20, 'Y', 'SYSTEM', '2026-04-20 00:00:00') ON CONFLICT DO NOTHING;
INSERT INTO shopjoy_2604.pd_prod_sku (sku_id, site_id, prod_id, opt_item_id_1, opt_item_id_2, sku_code, add_price, prod_opt_stock, use_yn, reg_by, reg_date) VALUES ('SK000409', 'SITE000001', 'PD000023', 'OI000190', 'OI000196', '23-블랙-XL', 0, 20, 'Y', 'SYSTEM', '2026-04-20 00:00:00') ON CONFLICT DO NOTHING;
INSERT INTO shopjoy_2604.pd_prod_sku (sku_id, site_id, prod_id, opt_item_id_1, opt_item_id_2, sku_code, add_price, prod_opt_stock, use_yn, reg_by, reg_date) VALUES ('SK000410', 'SITE000001', 'PD000023', 'OI000190', 'OI000197', '23-블랙-XXL', 0, 20, 'Y', 'SYSTEM', '2026-04-20 00:00:00') ON CONFLICT DO NOTHING;
INSERT INTO shopjoy_2604.pd_prod_sku (sku_id, site_id, prod_id, opt_item_id_1, opt_item_id_2, sku_code, add_price, prod_opt_stock, use_yn, reg_by, reg_date) VALUES ('SK000411', 'SITE000001', 'PD000023', 'OI000191', 'OI000193', '23-베이-S', 0, 20, 'Y', 'SYSTEM', '2026-04-20 00:00:00') ON CONFLICT DO NOTHING;
INSERT INTO shopjoy_2604.pd_prod_sku (sku_id, site_id, prod_id, opt_item_id_1, opt_item_id_2, sku_code, add_price, prod_opt_stock, use_yn, reg_by, reg_date) VALUES ('SK000412', 'SITE000001', 'PD000023', 'OI000191', 'OI000194', '23-베이-M', 0, 20, 'Y', 'SYSTEM', '2026-04-20 00:00:00') ON CONFLICT DO NOTHING;
INSERT INTO shopjoy_2604.pd_prod_sku (sku_id, site_id, prod_id, opt_item_id_1, opt_item_id_2, sku_code, add_price, prod_opt_stock, use_yn, reg_by, reg_date) VALUES ('SK000413', 'SITE000001', 'PD000023', 'OI000191', 'OI000195', '23-베이-L', 0, 20, 'Y', 'SYSTEM', '2026-04-20 00:00:00') ON CONFLICT DO NOTHING;
INSERT INTO shopjoy_2604.pd_prod_sku (sku_id, site_id, prod_id, opt_item_id_1, opt_item_id_2, sku_code, add_price, prod_opt_stock, use_yn, reg_by, reg_date) VALUES ('SK000414', 'SITE000001', 'PD000023', 'OI000191', 'OI000196', '23-베이-XL', 0, 20, 'Y', 'SYSTEM', '2026-04-20 00:00:00') ON CONFLICT DO NOTHING;
INSERT INTO shopjoy_2604.pd_prod_sku (sku_id, site_id, prod_id, opt_item_id_1, opt_item_id_2, sku_code, add_price, prod_opt_stock, use_yn, reg_by, reg_date) VALUES ('SK000415', 'SITE000001', 'PD000023', 'OI000191', 'OI000197', '23-베이-XXL', 0, 20, 'Y', 'SYSTEM', '2026-04-20 00:00:00') ON CONFLICT DO NOTHING;
INSERT INTO shopjoy_2604.pd_prod_sku (sku_id, site_id, prod_id, opt_item_id_1, opt_item_id_2, sku_code, add_price, prod_opt_stock, use_yn, reg_by, reg_date) VALUES ('SK000416', 'SITE000001', 'PD000023', 'OI000192', 'OI000193', '23-올리-S', 0, 20, 'Y', 'SYSTEM', '2026-04-20 00:00:00') ON CONFLICT DO NOTHING;
INSERT INTO shopjoy_2604.pd_prod_sku (sku_id, site_id, prod_id, opt_item_id_1, opt_item_id_2, sku_code, add_price, prod_opt_stock, use_yn, reg_by, reg_date) VALUES ('SK000417', 'SITE000001', 'PD000023', 'OI000192', 'OI000194', '23-올리-M', 0, 20, 'Y', 'SYSTEM', '2026-04-20 00:00:00') ON CONFLICT DO NOTHING;
INSERT INTO shopjoy_2604.pd_prod_sku (sku_id, site_id, prod_id, opt_item_id_1, opt_item_id_2, sku_code, add_price, prod_opt_stock, use_yn, reg_by, reg_date) VALUES ('SK000418', 'SITE000001', 'PD000023', 'OI000192', 'OI000195', '23-올리-L', 0, 20, 'Y', 'SYSTEM', '2026-04-20 00:00:00') ON CONFLICT DO NOTHING;
INSERT INTO shopjoy_2604.pd_prod_sku (sku_id, site_id, prod_id, opt_item_id_1, opt_item_id_2, sku_code, add_price, prod_opt_stock, use_yn, reg_by, reg_date) VALUES ('SK000419', 'SITE000001', 'PD000023', 'OI000192', 'OI000196', '23-올리-XL', 0, 20, 'Y', 'SYSTEM', '2026-04-20 00:00:00') ON CONFLICT DO NOTHING;
INSERT INTO shopjoy_2604.pd_prod_sku (sku_id, site_id, prod_id, opt_item_id_1, opt_item_id_2, sku_code, add_price, prod_opt_stock, use_yn, reg_by, reg_date) VALUES ('SK000420', 'SITE000001', 'PD000023', 'OI000192', 'OI000197', '23-올리-XXL', 0, 20, 'Y', 'SYSTEM', '2026-04-20 00:00:00') ON CONFLICT DO NOTHING;
INSERT INTO shopjoy_2604.pd_prod_sku (sku_id, site_id, prod_id, opt_item_id_1, opt_item_id_2, sku_code, add_price, prod_opt_stock, use_yn, reg_by, reg_date) VALUES ('SK000421', 'SITE000001', 'PD000024', 'OI000198', 'OI000201', '24-블랙-S', 0, 20, 'Y', 'SYSTEM', '2026-04-20 00:00:00') ON CONFLICT DO NOTHING;
INSERT INTO shopjoy_2604.pd_prod_sku (sku_id, site_id, prod_id, opt_item_id_1, opt_item_id_2, sku_code, add_price, prod_opt_stock, use_yn, reg_by, reg_date) VALUES ('SK000422', 'SITE000001', 'PD000024', 'OI000198', 'OI000202', '24-블랙-M', 0, 20, 'Y', 'SYSTEM', '2026-04-20 00:00:00') ON CONFLICT DO NOTHING;
INSERT INTO shopjoy_2604.pd_prod_sku (sku_id, site_id, prod_id, opt_item_id_1, opt_item_id_2, sku_code, add_price, prod_opt_stock, use_yn, reg_by, reg_date) VALUES ('SK000423', 'SITE000001', 'PD000024', 'OI000198', 'OI000203', '24-블랙-L', 0, 20, 'Y', 'SYSTEM', '2026-04-20 00:00:00') ON CONFLICT DO NOTHING;
INSERT INTO shopjoy_2604.pd_prod_sku (sku_id, site_id, prod_id, opt_item_id_1, opt_item_id_2, sku_code, add_price, prod_opt_stock, use_yn, reg_by, reg_date) VALUES ('SK000424', 'SITE000001', 'PD000024', 'OI000198', 'OI000204', '24-블랙-XL', 0, 20, 'Y', 'SYSTEM', '2026-04-20 00:00:00') ON CONFLICT DO NOTHING;
INSERT INTO shopjoy_2604.pd_prod_sku (sku_id, site_id, prod_id, opt_item_id_1, opt_item_id_2, sku_code, add_price, prod_opt_stock, use_yn, reg_by, reg_date) VALUES ('SK000425', 'SITE000001', 'PD000024', 'OI000199', 'OI000201', '24-브라-S', 0, 20, 'Y', 'SYSTEM', '2026-04-20 00:00:00') ON CONFLICT DO NOTHING;
INSERT INTO shopjoy_2604.pd_prod_sku (sku_id, site_id, prod_id, opt_item_id_1, opt_item_id_2, sku_code, add_price, prod_opt_stock, use_yn, reg_by, reg_date) VALUES ('SK000426', 'SITE000001', 'PD000024', 'OI000199', 'OI000202', '24-브라-M', 0, 20, 'Y', 'SYSTEM', '2026-04-20 00:00:00') ON CONFLICT DO NOTHING;
INSERT INTO shopjoy_2604.pd_prod_sku (sku_id, site_id, prod_id, opt_item_id_1, opt_item_id_2, sku_code, add_price, prod_opt_stock, use_yn, reg_by, reg_date) VALUES ('SK000427', 'SITE000001', 'PD000024', 'OI000199', 'OI000203', '24-브라-L', 0, 20, 'Y', 'SYSTEM', '2026-04-20 00:00:00') ON CONFLICT DO NOTHING;
INSERT INTO shopjoy_2604.pd_prod_sku (sku_id, site_id, prod_id, opt_item_id_1, opt_item_id_2, sku_code, add_price, prod_opt_stock, use_yn, reg_by, reg_date) VALUES ('SK000428', 'SITE000001', 'PD000024', 'OI000199', 'OI000204', '24-브라-XL', 0, 20, 'Y', 'SYSTEM', '2026-04-20 00:00:00') ON CONFLICT DO NOTHING;
INSERT INTO shopjoy_2604.pd_prod_sku (sku_id, site_id, prod_id, opt_item_id_1, opt_item_id_2, sku_code, add_price, prod_opt_stock, use_yn, reg_by, reg_date) VALUES ('SK000429', 'SITE000001', 'PD000024', 'OI000200', 'OI000201', '24-와인-S', 0, 20, 'Y', 'SYSTEM', '2026-04-20 00:00:00') ON CONFLICT DO NOTHING;
INSERT INTO shopjoy_2604.pd_prod_sku (sku_id, site_id, prod_id, opt_item_id_1, opt_item_id_2, sku_code, add_price, prod_opt_stock, use_yn, reg_by, reg_date) VALUES ('SK000430', 'SITE000001', 'PD000024', 'OI000200', 'OI000202', '24-와인-M', 0, 20, 'Y', 'SYSTEM', '2026-04-20 00:00:00') ON CONFLICT DO NOTHING;
INSERT INTO shopjoy_2604.pd_prod_sku (sku_id, site_id, prod_id, opt_item_id_1, opt_item_id_2, sku_code, add_price, prod_opt_stock, use_yn, reg_by, reg_date) VALUES ('SK000431', 'SITE000001', 'PD000024', 'OI000200', 'OI000203', '24-와인-L', 0, 20, 'Y', 'SYSTEM', '2026-04-20 00:00:00') ON CONFLICT DO NOTHING;
INSERT INTO shopjoy_2604.pd_prod_sku (sku_id, site_id, prod_id, opt_item_id_1, opt_item_id_2, sku_code, add_price, prod_opt_stock, use_yn, reg_by, reg_date) VALUES ('SK000432', 'SITE000001', 'PD000024', 'OI000200', 'OI000204', '24-와인-XL', 0, 20, 'Y', 'SYSTEM', '2026-04-20 00:00:00') ON CONFLICT DO NOTHING;
INSERT INTO shopjoy_2604.pd_prod_sku (sku_id, site_id, prod_id, opt_item_id_1, opt_item_id_2, sku_code, add_price, prod_opt_stock, use_yn, reg_by, reg_date) VALUES ('SK000433', 'SITE000001', 'PD000025', 'OI000205', 'OI000209', '25-베이-S', 0, 20, 'Y', 'SYSTEM', '2026-04-20 00:00:00') ON CONFLICT DO NOTHING;
INSERT INTO shopjoy_2604.pd_prod_sku (sku_id, site_id, prod_id, opt_item_id_1, opt_item_id_2, sku_code, add_price, prod_opt_stock, use_yn, reg_by, reg_date) VALUES ('SK000434', 'SITE000001', 'PD000025', 'OI000205', 'OI000210', '25-베이-M', 0, 20, 'Y', 'SYSTEM', '2026-04-20 00:00:00') ON CONFLICT DO NOTHING;
INSERT INTO shopjoy_2604.pd_prod_sku (sku_id, site_id, prod_id, opt_item_id_1, opt_item_id_2, sku_code, add_price, prod_opt_stock, use_yn, reg_by, reg_date) VALUES ('SK000435', 'SITE000001', 'PD000025', 'OI000205', 'OI000211', '25-베이-L', 0, 20, 'Y', 'SYSTEM', '2026-04-20 00:00:00') ON CONFLICT DO NOTHING;
INSERT INTO shopjoy_2604.pd_prod_sku (sku_id, site_id, prod_id, opt_item_id_1, opt_item_id_2, sku_code, add_price, prod_opt_stock, use_yn, reg_by, reg_date) VALUES ('SK000436', 'SITE000001', 'PD000025', 'OI000205', 'OI000212', '25-베이-XL', 0, 20, 'Y', 'SYSTEM', '2026-04-20 00:00:00') ON CONFLICT DO NOTHING;
INSERT INTO shopjoy_2604.pd_prod_sku (sku_id, site_id, prod_id, opt_item_id_1, opt_item_id_2, sku_code, add_price, prod_opt_stock, use_yn, reg_by, reg_date) VALUES ('SK000437', 'SITE000001', 'PD000025', 'OI000206', 'OI000209', '25-블랙-S', 0, 20, 'Y', 'SYSTEM', '2026-04-20 00:00:00') ON CONFLICT DO NOTHING;
INSERT INTO shopjoy_2604.pd_prod_sku (sku_id, site_id, prod_id, opt_item_id_1, opt_item_id_2, sku_code, add_price, prod_opt_stock, use_yn, reg_by, reg_date) VALUES ('SK000438', 'SITE000001', 'PD000025', 'OI000206', 'OI000210', '25-블랙-M', 0, 20, 'Y', 'SYSTEM', '2026-04-20 00:00:00') ON CONFLICT DO NOTHING;
INSERT INTO shopjoy_2604.pd_prod_sku (sku_id, site_id, prod_id, opt_item_id_1, opt_item_id_2, sku_code, add_price, prod_opt_stock, use_yn, reg_by, reg_date) VALUES ('SK000439', 'SITE000001', 'PD000025', 'OI000206', 'OI000211', '25-블랙-L', 0, 20, 'Y', 'SYSTEM', '2026-04-20 00:00:00') ON CONFLICT DO NOTHING;
INSERT INTO shopjoy_2604.pd_prod_sku (sku_id, site_id, prod_id, opt_item_id_1, opt_item_id_2, sku_code, add_price, prod_opt_stock, use_yn, reg_by, reg_date) VALUES ('SK000440', 'SITE000001', 'PD000025', 'OI000206', 'OI000212', '25-블랙-XL', 0, 20, 'Y', 'SYSTEM', '2026-04-20 00:00:00') ON CONFLICT DO NOTHING;
INSERT INTO shopjoy_2604.pd_prod_sku (sku_id, site_id, prod_id, opt_item_id_1, opt_item_id_2, sku_code, add_price, prod_opt_stock, use_yn, reg_by, reg_date) VALUES ('SK000441', 'SITE000001', 'PD000025', 'OI000207', 'OI000209', '25-그레-S', 0, 20, 'Y', 'SYSTEM', '2026-04-20 00:00:00') ON CONFLICT DO NOTHING;
INSERT INTO shopjoy_2604.pd_prod_sku (sku_id, site_id, prod_id, opt_item_id_1, opt_item_id_2, sku_code, add_price, prod_opt_stock, use_yn, reg_by, reg_date) VALUES ('SK000442', 'SITE000001', 'PD000025', 'OI000207', 'OI000210', '25-그레-M', 0, 20, 'Y', 'SYSTEM', '2026-04-20 00:00:00') ON CONFLICT DO NOTHING;
INSERT INTO shopjoy_2604.pd_prod_sku (sku_id, site_id, prod_id, opt_item_id_1, opt_item_id_2, sku_code, add_price, prod_opt_stock, use_yn, reg_by, reg_date) VALUES ('SK000443', 'SITE000001', 'PD000025', 'OI000207', 'OI000211', '25-그레-L', 0, 20, 'Y', 'SYSTEM', '2026-04-20 00:00:00') ON CONFLICT DO NOTHING;
INSERT INTO shopjoy_2604.pd_prod_sku (sku_id, site_id, prod_id, opt_item_id_1, opt_item_id_2, sku_code, add_price, prod_opt_stock, use_yn, reg_by, reg_date) VALUES ('SK000444', 'SITE000001', 'PD000025', 'OI000207', 'OI000212', '25-그레-XL', 0, 20, 'Y', 'SYSTEM', '2026-04-20 00:00:00') ON CONFLICT DO NOTHING;
INSERT INTO shopjoy_2604.pd_prod_sku (sku_id, site_id, prod_id, opt_item_id_1, opt_item_id_2, sku_code, add_price, prod_opt_stock, use_yn, reg_by, reg_date) VALUES ('SK000445', 'SITE000001', 'PD000025', 'OI000208', 'OI000209', '25-네이-S', 0, 20, 'Y', 'SYSTEM', '2026-04-20 00:00:00') ON CONFLICT DO NOTHING;
INSERT INTO shopjoy_2604.pd_prod_sku (sku_id, site_id, prod_id, opt_item_id_1, opt_item_id_2, sku_code, add_price, prod_opt_stock, use_yn, reg_by, reg_date) VALUES ('SK000446', 'SITE000001', 'PD000025', 'OI000208', 'OI000210', '25-네이-M', 0, 20, 'Y', 'SYSTEM', '2026-04-20 00:00:00') ON CONFLICT DO NOTHING;
INSERT INTO shopjoy_2604.pd_prod_sku (sku_id, site_id, prod_id, opt_item_id_1, opt_item_id_2, sku_code, add_price, prod_opt_stock, use_yn, reg_by, reg_date) VALUES ('SK000447', 'SITE000001', 'PD000025', 'OI000208', 'OI000211', '25-네이-L', 0, 20, 'Y', 'SYSTEM', '2026-04-20 00:00:00') ON CONFLICT DO NOTHING;
INSERT INTO shopjoy_2604.pd_prod_sku (sku_id, site_id, prod_id, opt_item_id_1, opt_item_id_2, sku_code, add_price, prod_opt_stock, use_yn, reg_by, reg_date) VALUES ('SK000448', 'SITE000001', 'PD000025', 'OI000208', 'OI000212', '25-네이-XL', 0, 20, 'Y', 'SYSTEM', '2026-04-20 00:00:00') ON CONFLICT DO NOTHING;
INSERT INTO shopjoy_2604.pd_prod_sku (sku_id, site_id, prod_id, opt_item_id_1, opt_item_id_2, sku_code, add_price, prod_opt_stock, use_yn, reg_by, reg_date) VALUES ('SK000449', 'SITE000001', 'PD000026', 'OI000213', 'OI000217', '26-블랙-S', 0, 20, 'Y', 'SYSTEM', '2026-04-20 00:00:00') ON CONFLICT DO NOTHING;
INSERT INTO shopjoy_2604.pd_prod_sku (sku_id, site_id, prod_id, opt_item_id_1, opt_item_id_2, sku_code, add_price, prod_opt_stock, use_yn, reg_by, reg_date) VALUES ('SK000450', 'SITE000001', 'PD000026', 'OI000213', 'OI000218', '26-블랙-M', 0, 20, 'Y', 'SYSTEM', '2026-04-20 00:00:00') ON CONFLICT DO NOTHING;
INSERT INTO shopjoy_2604.pd_prod_sku (sku_id, site_id, prod_id, opt_item_id_1, opt_item_id_2, sku_code, add_price, prod_opt_stock, use_yn, reg_by, reg_date) VALUES ('SK000451', 'SITE000001', 'PD000026', 'OI000213', 'OI000219', '26-블랙-L', 0, 20, 'Y', 'SYSTEM', '2026-04-20 00:00:00') ON CONFLICT DO NOTHING;
INSERT INTO shopjoy_2604.pd_prod_sku (sku_id, site_id, prod_id, opt_item_id_1, opt_item_id_2, sku_code, add_price, prod_opt_stock, use_yn, reg_by, reg_date) VALUES ('SK000452', 'SITE000001', 'PD000026', 'OI000213', 'OI000220', '26-블랙-XL', 0, 20, 'Y', 'SYSTEM', '2026-04-20 00:00:00') ON CONFLICT DO NOTHING;
INSERT INTO shopjoy_2604.pd_prod_sku (sku_id, site_id, prod_id, opt_item_id_1, opt_item_id_2, sku_code, add_price, prod_opt_stock, use_yn, reg_by, reg_date) VALUES ('SK000453', 'SITE000001', 'PD000026', 'OI000213', 'OI000221', '26-블랙-XXL', 0, 20, 'Y', 'SYSTEM', '2026-04-20 00:00:00') ON CONFLICT DO NOTHING;
INSERT INTO shopjoy_2604.pd_prod_sku (sku_id, site_id, prod_id, opt_item_id_1, opt_item_id_2, sku_code, add_price, prod_opt_stock, use_yn, reg_by, reg_date) VALUES ('SK000454', 'SITE000001', 'PD000026', 'OI000214', 'OI000217', '26-카키-S', 0, 20, 'Y', 'SYSTEM', '2026-04-20 00:00:00') ON CONFLICT DO NOTHING;
INSERT INTO shopjoy_2604.pd_prod_sku (sku_id, site_id, prod_id, opt_item_id_1, opt_item_id_2, sku_code, add_price, prod_opt_stock, use_yn, reg_by, reg_date) VALUES ('SK000455', 'SITE000001', 'PD000026', 'OI000214', 'OI000218', '26-카키-M', 0, 20, 'Y', 'SYSTEM', '2026-04-20 00:00:00') ON CONFLICT DO NOTHING;
INSERT INTO shopjoy_2604.pd_prod_sku (sku_id, site_id, prod_id, opt_item_id_1, opt_item_id_2, sku_code, add_price, prod_opt_stock, use_yn, reg_by, reg_date) VALUES ('SK000456', 'SITE000001', 'PD000026', 'OI000214', 'OI000219', '26-카키-L', 0, 20, 'Y', 'SYSTEM', '2026-04-20 00:00:00') ON CONFLICT DO NOTHING;
INSERT INTO shopjoy_2604.pd_prod_sku (sku_id, site_id, prod_id, opt_item_id_1, opt_item_id_2, sku_code, add_price, prod_opt_stock, use_yn, reg_by, reg_date) VALUES ('SK000457', 'SITE000001', 'PD000026', 'OI000214', 'OI000220', '26-카키-XL', 0, 20, 'Y', 'SYSTEM', '2026-04-20 00:00:00') ON CONFLICT DO NOTHING;
INSERT INTO shopjoy_2604.pd_prod_sku (sku_id, site_id, prod_id, opt_item_id_1, opt_item_id_2, sku_code, add_price, prod_opt_stock, use_yn, reg_by, reg_date) VALUES ('SK000458', 'SITE000001', 'PD000026', 'OI000214', 'OI000221', '26-카키-XXL', 0, 20, 'Y', 'SYSTEM', '2026-04-20 00:00:00') ON CONFLICT DO NOTHING;
INSERT INTO shopjoy_2604.pd_prod_sku (sku_id, site_id, prod_id, opt_item_id_1, opt_item_id_2, sku_code, add_price, prod_opt_stock, use_yn, reg_by, reg_date) VALUES ('SK000459', 'SITE000001', 'PD000026', 'OI000215', 'OI000217', '26-네이-S', 0, 20, 'Y', 'SYSTEM', '2026-04-20 00:00:00') ON CONFLICT DO NOTHING;
INSERT INTO shopjoy_2604.pd_prod_sku (sku_id, site_id, prod_id, opt_item_id_1, opt_item_id_2, sku_code, add_price, prod_opt_stock, use_yn, reg_by, reg_date) VALUES ('SK000460', 'SITE000001', 'PD000026', 'OI000215', 'OI000218', '26-네이-M', 0, 20, 'Y', 'SYSTEM', '2026-04-20 00:00:00') ON CONFLICT DO NOTHING;
INSERT INTO shopjoy_2604.pd_prod_sku (sku_id, site_id, prod_id, opt_item_id_1, opt_item_id_2, sku_code, add_price, prod_opt_stock, use_yn, reg_by, reg_date) VALUES ('SK000461', 'SITE000001', 'PD000026', 'OI000215', 'OI000219', '26-네이-L', 0, 20, 'Y', 'SYSTEM', '2026-04-20 00:00:00') ON CONFLICT DO NOTHING;
INSERT INTO shopjoy_2604.pd_prod_sku (sku_id, site_id, prod_id, opt_item_id_1, opt_item_id_2, sku_code, add_price, prod_opt_stock, use_yn, reg_by, reg_date) VALUES ('SK000462', 'SITE000001', 'PD000026', 'OI000215', 'OI000220', '26-네이-XL', 0, 20, 'Y', 'SYSTEM', '2026-04-20 00:00:00') ON CONFLICT DO NOTHING;
INSERT INTO shopjoy_2604.pd_prod_sku (sku_id, site_id, prod_id, opt_item_id_1, opt_item_id_2, sku_code, add_price, prod_opt_stock, use_yn, reg_by, reg_date) VALUES ('SK000463', 'SITE000001', 'PD000026', 'OI000215', 'OI000221', '26-네이-XXL', 0, 20, 'Y', 'SYSTEM', '2026-04-20 00:00:00') ON CONFLICT DO NOTHING;
INSERT INTO shopjoy_2604.pd_prod_sku (sku_id, site_id, prod_id, opt_item_id_1, opt_item_id_2, sku_code, add_price, prod_opt_stock, use_yn, reg_by, reg_date) VALUES ('SK000464', 'SITE000001', 'PD000026', 'OI000216', 'OI000217', '26-오렌-S', 0, 20, 'Y', 'SYSTEM', '2026-04-20 00:00:00') ON CONFLICT DO NOTHING;
INSERT INTO shopjoy_2604.pd_prod_sku (sku_id, site_id, prod_id, opt_item_id_1, opt_item_id_2, sku_code, add_price, prod_opt_stock, use_yn, reg_by, reg_date) VALUES ('SK000465', 'SITE000001', 'PD000026', 'OI000216', 'OI000218', '26-오렌-M', 0, 20, 'Y', 'SYSTEM', '2026-04-20 00:00:00') ON CONFLICT DO NOTHING;
INSERT INTO shopjoy_2604.pd_prod_sku (sku_id, site_id, prod_id, opt_item_id_1, opt_item_id_2, sku_code, add_price, prod_opt_stock, use_yn, reg_by, reg_date) VALUES ('SK000466', 'SITE000001', 'PD000026', 'OI000216', 'OI000219', '26-오렌-L', 0, 20, 'Y', 'SYSTEM', '2026-04-20 00:00:00') ON CONFLICT DO NOTHING;
INSERT INTO shopjoy_2604.pd_prod_sku (sku_id, site_id, prod_id, opt_item_id_1, opt_item_id_2, sku_code, add_price, prod_opt_stock, use_yn, reg_by, reg_date) VALUES ('SK000467', 'SITE000001', 'PD000026', 'OI000216', 'OI000220', '26-오렌-XL', 0, 20, 'Y', 'SYSTEM', '2026-04-20 00:00:00') ON CONFLICT DO NOTHING;
INSERT INTO shopjoy_2604.pd_prod_sku (sku_id, site_id, prod_id, opt_item_id_1, opt_item_id_2, sku_code, add_price, prod_opt_stock, use_yn, reg_by, reg_date) VALUES ('SK000468', 'SITE000001', 'PD000026', 'OI000216', 'OI000221', '26-오렌-XXL', 0, 20, 'Y', 'SYSTEM', '2026-04-20 00:00:00') ON CONFLICT DO NOTHING;
INSERT INTO shopjoy_2604.pd_prod_sku (sku_id, site_id, prod_id, opt_item_id_1, opt_item_id_2, sku_code, add_price, prod_opt_stock, use_yn, reg_by, reg_date) VALUES ('SK000469', 'SITE000001', 'PD000027', 'OI000222', 'OI000225', '27-블랙-S', 0, 20, 'Y', 'SYSTEM', '2026-04-20 00:00:00') ON CONFLICT DO NOTHING;
INSERT INTO shopjoy_2604.pd_prod_sku (sku_id, site_id, prod_id, opt_item_id_1, opt_item_id_2, sku_code, add_price, prod_opt_stock, use_yn, reg_by, reg_date) VALUES ('SK000470', 'SITE000001', 'PD000027', 'OI000222', 'OI000226', '27-블랙-M', 0, 20, 'Y', 'SYSTEM', '2026-04-20 00:00:00') ON CONFLICT DO NOTHING;
INSERT INTO shopjoy_2604.pd_prod_sku (sku_id, site_id, prod_id, opt_item_id_1, opt_item_id_2, sku_code, add_price, prod_opt_stock, use_yn, reg_by, reg_date) VALUES ('SK000471', 'SITE000001', 'PD000027', 'OI000222', 'OI000227', '27-블랙-L', 0, 20, 'Y', 'SYSTEM', '2026-04-20 00:00:00') ON CONFLICT DO NOTHING;
INSERT INTO shopjoy_2604.pd_prod_sku (sku_id, site_id, prod_id, opt_item_id_1, opt_item_id_2, sku_code, add_price, prod_opt_stock, use_yn, reg_by, reg_date) VALUES ('SK000472', 'SITE000001', 'PD000027', 'OI000222', 'OI000228', '27-블랙-XL', 0, 20, 'Y', 'SYSTEM', '2026-04-20 00:00:00') ON CONFLICT DO NOTHING;
INSERT INTO shopjoy_2604.pd_prod_sku (sku_id, site_id, prod_id, opt_item_id_1, opt_item_id_2, sku_code, add_price, prod_opt_stock, use_yn, reg_by, reg_date) VALUES ('SK000473', 'SITE000001', 'PD000027', 'OI000223', 'OI000225', '27-카멜-S', 0, 20, 'Y', 'SYSTEM', '2026-04-20 00:00:00') ON CONFLICT DO NOTHING;
INSERT INTO shopjoy_2604.pd_prod_sku (sku_id, site_id, prod_id, opt_item_id_1, opt_item_id_2, sku_code, add_price, prod_opt_stock, use_yn, reg_by, reg_date) VALUES ('SK000474', 'SITE000001', 'PD000027', 'OI000223', 'OI000226', '27-카멜-M', 0, 20, 'Y', 'SYSTEM', '2026-04-20 00:00:00') ON CONFLICT DO NOTHING;
INSERT INTO shopjoy_2604.pd_prod_sku (sku_id, site_id, prod_id, opt_item_id_1, opt_item_id_2, sku_code, add_price, prod_opt_stock, use_yn, reg_by, reg_date) VALUES ('SK000475', 'SITE000001', 'PD000027', 'OI000223', 'OI000227', '27-카멜-L', 0, 20, 'Y', 'SYSTEM', '2026-04-20 00:00:00') ON CONFLICT DO NOTHING;
INSERT INTO shopjoy_2604.pd_prod_sku (sku_id, site_id, prod_id, opt_item_id_1, opt_item_id_2, sku_code, add_price, prod_opt_stock, use_yn, reg_by, reg_date) VALUES ('SK000476', 'SITE000001', 'PD000027', 'OI000223', 'OI000228', '27-카멜-XL', 0, 20, 'Y', 'SYSTEM', '2026-04-20 00:00:00') ON CONFLICT DO NOTHING;
INSERT INTO shopjoy_2604.pd_prod_sku (sku_id, site_id, prod_id, opt_item_id_1, opt_item_id_2, sku_code, add_price, prod_opt_stock, use_yn, reg_by, reg_date) VALUES ('SK000477', 'SITE000001', 'PD000027', 'OI000224', 'OI000225', '27-그레-S', 0, 20, 'Y', 'SYSTEM', '2026-04-20 00:00:00') ON CONFLICT DO NOTHING;
INSERT INTO shopjoy_2604.pd_prod_sku (sku_id, site_id, prod_id, opt_item_id_1, opt_item_id_2, sku_code, add_price, prod_opt_stock, use_yn, reg_by, reg_date) VALUES ('SK000478', 'SITE000001', 'PD000027', 'OI000224', 'OI000226', '27-그레-M', 0, 20, 'Y', 'SYSTEM', '2026-04-20 00:00:00') ON CONFLICT DO NOTHING;
INSERT INTO shopjoy_2604.pd_prod_sku (sku_id, site_id, prod_id, opt_item_id_1, opt_item_id_2, sku_code, add_price, prod_opt_stock, use_yn, reg_by, reg_date) VALUES ('SK000479', 'SITE000001', 'PD000027', 'OI000224', 'OI000227', '27-그레-L', 0, 20, 'Y', 'SYSTEM', '2026-04-20 00:00:00') ON CONFLICT DO NOTHING;
INSERT INTO shopjoy_2604.pd_prod_sku (sku_id, site_id, prod_id, opt_item_id_1, opt_item_id_2, sku_code, add_price, prod_opt_stock, use_yn, reg_by, reg_date) VALUES ('SK000480', 'SITE000001', 'PD000027', 'OI000224', 'OI000228', '27-그레-XL', 0, 20, 'Y', 'SYSTEM', '2026-04-20 00:00:00') ON CONFLICT DO NOTHING;
INSERT INTO shopjoy_2604.pd_prod_sku (sku_id, site_id, prod_id, opt_item_id_1, opt_item_id_2, sku_code, add_price, prod_opt_stock, use_yn, reg_by, reg_date) VALUES ('SK000481', 'SITE000001', 'PD000028', 'OI000229', 'OI000232', '28-라이-S', 0, 20, 'Y', 'SYSTEM', '2026-04-20 00:00:00') ON CONFLICT DO NOTHING;
INSERT INTO shopjoy_2604.pd_prod_sku (sku_id, site_id, prod_id, opt_item_id_1, opt_item_id_2, sku_code, add_price, prod_opt_stock, use_yn, reg_by, reg_date) VALUES ('SK000482', 'SITE000001', 'PD000028', 'OI000229', 'OI000233', '28-라이-M', 0, 20, 'Y', 'SYSTEM', '2026-04-20 00:00:00') ON CONFLICT DO NOTHING;
INSERT INTO shopjoy_2604.pd_prod_sku (sku_id, site_id, prod_id, opt_item_id_1, opt_item_id_2, sku_code, add_price, prod_opt_stock, use_yn, reg_by, reg_date) VALUES ('SK000483', 'SITE000001', 'PD000028', 'OI000229', 'OI000234', '28-라이-L', 0, 20, 'Y', 'SYSTEM', '2026-04-20 00:00:00') ON CONFLICT DO NOTHING;
INSERT INTO shopjoy_2604.pd_prod_sku (sku_id, site_id, prod_id, opt_item_id_1, opt_item_id_2, sku_code, add_price, prod_opt_stock, use_yn, reg_by, reg_date) VALUES ('SK000484', 'SITE000001', 'PD000028', 'OI000229', 'OI000235', '28-라이-XL', 0, 20, 'Y', 'SYSTEM', '2026-04-20 00:00:00') ON CONFLICT DO NOTHING;
INSERT INTO shopjoy_2604.pd_prod_sku (sku_id, site_id, prod_id, opt_item_id_1, opt_item_id_2, sku_code, add_price, prod_opt_stock, use_yn, reg_by, reg_date) VALUES ('SK000485', 'SITE000001', 'PD000028', 'OI000229', 'OI000236', '28-라이-XXL', 0, 20, 'Y', 'SYSTEM', '2026-04-20 00:00:00') ON CONFLICT DO NOTHING;
INSERT INTO shopjoy_2604.pd_prod_sku (sku_id, site_id, prod_id, opt_item_id_1, opt_item_id_2, sku_code, add_price, prod_opt_stock, use_yn, reg_by, reg_date) VALUES ('SK000486', 'SITE000001', 'PD000028', 'OI000230', 'OI000232', '28-미드-S', 0, 20, 'Y', 'SYSTEM', '2026-04-20 00:00:00') ON CONFLICT DO NOTHING;
INSERT INTO shopjoy_2604.pd_prod_sku (sku_id, site_id, prod_id, opt_item_id_1, opt_item_id_2, sku_code, add_price, prod_opt_stock, use_yn, reg_by, reg_date) VALUES ('SK000487', 'SITE000001', 'PD000028', 'OI000230', 'OI000233', '28-미드-M', 0, 20, 'Y', 'SYSTEM', '2026-04-20 00:00:00') ON CONFLICT DO NOTHING;
INSERT INTO shopjoy_2604.pd_prod_sku (sku_id, site_id, prod_id, opt_item_id_1, opt_item_id_2, sku_code, add_price, prod_opt_stock, use_yn, reg_by, reg_date) VALUES ('SK000488', 'SITE000001', 'PD000028', 'OI000230', 'OI000234', '28-미드-L', 0, 20, 'Y', 'SYSTEM', '2026-04-20 00:00:00') ON CONFLICT DO NOTHING;
INSERT INTO shopjoy_2604.pd_prod_sku (sku_id, site_id, prod_id, opt_item_id_1, opt_item_id_2, sku_code, add_price, prod_opt_stock, use_yn, reg_by, reg_date) VALUES ('SK000489', 'SITE000001', 'PD000028', 'OI000230', 'OI000235', '28-미드-XL', 0, 20, 'Y', 'SYSTEM', '2026-04-20 00:00:00') ON CONFLICT DO NOTHING;
INSERT INTO shopjoy_2604.pd_prod_sku (sku_id, site_id, prod_id, opt_item_id_1, opt_item_id_2, sku_code, add_price, prod_opt_stock, use_yn, reg_by, reg_date) VALUES ('SK000490', 'SITE000001', 'PD000028', 'OI000230', 'OI000236', '28-미드-XXL', 0, 20, 'Y', 'SYSTEM', '2026-04-20 00:00:00') ON CONFLICT DO NOTHING;
INSERT INTO shopjoy_2604.pd_prod_sku (sku_id, site_id, prod_id, opt_item_id_1, opt_item_id_2, sku_code, add_price, prod_opt_stock, use_yn, reg_by, reg_date) VALUES ('SK000491', 'SITE000001', 'PD000028', 'OI000231', 'OI000232', '28-블랙-S', 0, 20, 'Y', 'SYSTEM', '2026-04-20 00:00:00') ON CONFLICT DO NOTHING;
INSERT INTO shopjoy_2604.pd_prod_sku (sku_id, site_id, prod_id, opt_item_id_1, opt_item_id_2, sku_code, add_price, prod_opt_stock, use_yn, reg_by, reg_date) VALUES ('SK000492', 'SITE000001', 'PD000028', 'OI000231', 'OI000233', '28-블랙-M', 0, 20, 'Y', 'SYSTEM', '2026-04-20 00:00:00') ON CONFLICT DO NOTHING;
INSERT INTO shopjoy_2604.pd_prod_sku (sku_id, site_id, prod_id, opt_item_id_1, opt_item_id_2, sku_code, add_price, prod_opt_stock, use_yn, reg_by, reg_date) VALUES ('SK000493', 'SITE000001', 'PD000028', 'OI000231', 'OI000234', '28-블랙-L', 0, 20, 'Y', 'SYSTEM', '2026-04-20 00:00:00') ON CONFLICT DO NOTHING;
INSERT INTO shopjoy_2604.pd_prod_sku (sku_id, site_id, prod_id, opt_item_id_1, opt_item_id_2, sku_code, add_price, prod_opt_stock, use_yn, reg_by, reg_date) VALUES ('SK000494', 'SITE000001', 'PD000028', 'OI000231', 'OI000235', '28-블랙-XL', 0, 20, 'Y', 'SYSTEM', '2026-04-20 00:00:00') ON CONFLICT DO NOTHING;
INSERT INTO shopjoy_2604.pd_prod_sku (sku_id, site_id, prod_id, opt_item_id_1, opt_item_id_2, sku_code, add_price, prod_opt_stock, use_yn, reg_by, reg_date) VALUES ('SK000495', 'SITE000001', 'PD000028', 'OI000231', 'OI000236', '28-블랙-XXL', 0, 20, 'Y', 'SYSTEM', '2026-04-20 00:00:00') ON CONFLICT DO NOTHING;
INSERT INTO shopjoy_2604.pd_prod_sku (sku_id, site_id, prod_id, opt_item_id_1, opt_item_id_2, sku_code, add_price, prod_opt_stock, use_yn, reg_by, reg_date) VALUES ('SK000496', 'SITE000001', 'PD000029', 'OI000237', 'OI000241', '29-블랙-S', 0, 20, 'Y', 'SYSTEM', '2026-04-20 00:00:00') ON CONFLICT DO NOTHING;
INSERT INTO shopjoy_2604.pd_prod_sku (sku_id, site_id, prod_id, opt_item_id_1, opt_item_id_2, sku_code, add_price, prod_opt_stock, use_yn, reg_by, reg_date) VALUES ('SK000497', 'SITE000001', 'PD000029', 'OI000237', 'OI000242', '29-블랙-M', 0, 20, 'Y', 'SYSTEM', '2026-04-20 00:00:00') ON CONFLICT DO NOTHING;
INSERT INTO shopjoy_2604.pd_prod_sku (sku_id, site_id, prod_id, opt_item_id_1, opt_item_id_2, sku_code, add_price, prod_opt_stock, use_yn, reg_by, reg_date) VALUES ('SK000498', 'SITE000001', 'PD000029', 'OI000237', 'OI000243', '29-블랙-L', 0, 20, 'Y', 'SYSTEM', '2026-04-20 00:00:00') ON CONFLICT DO NOTHING;
INSERT INTO shopjoy_2604.pd_prod_sku (sku_id, site_id, prod_id, opt_item_id_1, opt_item_id_2, sku_code, add_price, prod_opt_stock, use_yn, reg_by, reg_date) VALUES ('SK000499', 'SITE000001', 'PD000029', 'OI000237', 'OI000244', '29-블랙-XL', 0, 20, 'Y', 'SYSTEM', '2026-04-20 00:00:00') ON CONFLICT DO NOTHING;
INSERT INTO shopjoy_2604.pd_prod_sku (sku_id, site_id, prod_id, opt_item_id_1, opt_item_id_2, sku_code, add_price, prod_opt_stock, use_yn, reg_by, reg_date) VALUES ('SK000500', 'SITE000001', 'PD000029', 'OI000237', 'OI000245', '29-블랙-XXL', 0, 20, 'Y', 'SYSTEM', '2026-04-20 00:00:00') ON CONFLICT DO NOTHING;
INSERT INTO shopjoy_2604.pd_prod_sku (sku_id, site_id, prod_id, opt_item_id_1, opt_item_id_2, sku_code, add_price, prod_opt_stock, use_yn, reg_by, reg_date) VALUES ('SK000501', 'SITE000001', 'PD000029', 'OI000238', 'OI000241', '29-카키-S', 0, 20, 'Y', 'SYSTEM', '2026-04-20 00:00:00') ON CONFLICT DO NOTHING;
INSERT INTO shopjoy_2604.pd_prod_sku (sku_id, site_id, prod_id, opt_item_id_1, opt_item_id_2, sku_code, add_price, prod_opt_stock, use_yn, reg_by, reg_date) VALUES ('SK000502', 'SITE000001', 'PD000029', 'OI000238', 'OI000242', '29-카키-M', 0, 20, 'Y', 'SYSTEM', '2026-04-20 00:00:00') ON CONFLICT DO NOTHING;
INSERT INTO shopjoy_2604.pd_prod_sku (sku_id, site_id, prod_id, opt_item_id_1, opt_item_id_2, sku_code, add_price, prod_opt_stock, use_yn, reg_by, reg_date) VALUES ('SK000503', 'SITE000001', 'PD000029', 'OI000238', 'OI000243', '29-카키-L', 0, 20, 'Y', 'SYSTEM', '2026-04-20 00:00:00') ON CONFLICT DO NOTHING;
INSERT INTO shopjoy_2604.pd_prod_sku (sku_id, site_id, prod_id, opt_item_id_1, opt_item_id_2, sku_code, add_price, prod_opt_stock, use_yn, reg_by, reg_date) VALUES ('SK000504', 'SITE000001', 'PD000029', 'OI000238', 'OI000244', '29-카키-XL', 0, 20, 'Y', 'SYSTEM', '2026-04-20 00:00:00') ON CONFLICT DO NOTHING;
INSERT INTO shopjoy_2604.pd_prod_sku (sku_id, site_id, prod_id, opt_item_id_1, opt_item_id_2, sku_code, add_price, prod_opt_stock, use_yn, reg_by, reg_date) VALUES ('SK000505', 'SITE000001', 'PD000029', 'OI000238', 'OI000245', '29-카키-XXL', 0, 20, 'Y', 'SYSTEM', '2026-04-20 00:00:00') ON CONFLICT DO NOTHING;
INSERT INTO shopjoy_2604.pd_prod_sku (sku_id, site_id, prod_id, opt_item_id_1, opt_item_id_2, sku_code, add_price, prod_opt_stock, use_yn, reg_by, reg_date) VALUES ('SK000506', 'SITE000001', 'PD000029', 'OI000239', 'OI000241', '29-네이-S', 0, 20, 'Y', 'SYSTEM', '2026-04-20 00:00:00') ON CONFLICT DO NOTHING;
INSERT INTO shopjoy_2604.pd_prod_sku (sku_id, site_id, prod_id, opt_item_id_1, opt_item_id_2, sku_code, add_price, prod_opt_stock, use_yn, reg_by, reg_date) VALUES ('SK000507', 'SITE000001', 'PD000029', 'OI000239', 'OI000242', '29-네이-M', 0, 20, 'Y', 'SYSTEM', '2026-04-20 00:00:00') ON CONFLICT DO NOTHING;
INSERT INTO shopjoy_2604.pd_prod_sku (sku_id, site_id, prod_id, opt_item_id_1, opt_item_id_2, sku_code, add_price, prod_opt_stock, use_yn, reg_by, reg_date) VALUES ('SK000508', 'SITE000001', 'PD000029', 'OI000239', 'OI000243', '29-네이-L', 0, 20, 'Y', 'SYSTEM', '2026-04-20 00:00:00') ON CONFLICT DO NOTHING;
INSERT INTO shopjoy_2604.pd_prod_sku (sku_id, site_id, prod_id, opt_item_id_1, opt_item_id_2, sku_code, add_price, prod_opt_stock, use_yn, reg_by, reg_date) VALUES ('SK000509', 'SITE000001', 'PD000029', 'OI000239', 'OI000244', '29-네이-XL', 0, 20, 'Y', 'SYSTEM', '2026-04-20 00:00:00') ON CONFLICT DO NOTHING;
INSERT INTO shopjoy_2604.pd_prod_sku (sku_id, site_id, prod_id, opt_item_id_1, opt_item_id_2, sku_code, add_price, prod_opt_stock, use_yn, reg_by, reg_date) VALUES ('SK000510', 'SITE000001', 'PD000029', 'OI000239', 'OI000245', '29-네이-XXL', 0, 20, 'Y', 'SYSTEM', '2026-04-20 00:00:00') ON CONFLICT DO NOTHING;
INSERT INTO shopjoy_2604.pd_prod_sku (sku_id, site_id, prod_id, opt_item_id_1, opt_item_id_2, sku_code, add_price, prod_opt_stock, use_yn, reg_by, reg_date) VALUES ('SK000511', 'SITE000001', 'PD000029', 'OI000240', 'OI000241', '29-그레-S', 0, 20, 'Y', 'SYSTEM', '2026-04-20 00:00:00') ON CONFLICT DO NOTHING;
INSERT INTO shopjoy_2604.pd_prod_sku (sku_id, site_id, prod_id, opt_item_id_1, opt_item_id_2, sku_code, add_price, prod_opt_stock, use_yn, reg_by, reg_date) VALUES ('SK000512', 'SITE000001', 'PD000029', 'OI000240', 'OI000242', '29-그레-M', 0, 20, 'Y', 'SYSTEM', '2026-04-20 00:00:00') ON CONFLICT DO NOTHING;
INSERT INTO shopjoy_2604.pd_prod_sku (sku_id, site_id, prod_id, opt_item_id_1, opt_item_id_2, sku_code, add_price, prod_opt_stock, use_yn, reg_by, reg_date) VALUES ('SK000513', 'SITE000001', 'PD000029', 'OI000240', 'OI000243', '29-그레-L', 0, 20, 'Y', 'SYSTEM', '2026-04-20 00:00:00') ON CONFLICT DO NOTHING;
INSERT INTO shopjoy_2604.pd_prod_sku (sku_id, site_id, prod_id, opt_item_id_1, opt_item_id_2, sku_code, add_price, prod_opt_stock, use_yn, reg_by, reg_date) VALUES ('SK000514', 'SITE000001', 'PD000029', 'OI000240', 'OI000244', '29-그레-XL', 0, 20, 'Y', 'SYSTEM', '2026-04-20 00:00:00') ON CONFLICT DO NOTHING;
INSERT INTO shopjoy_2604.pd_prod_sku (sku_id, site_id, prod_id, opt_item_id_1, opt_item_id_2, sku_code, add_price, prod_opt_stock, use_yn, reg_by, reg_date) VALUES ('SK000515', 'SITE000001', 'PD000029', 'OI000240', 'OI000245', '29-그레-XXL', 0, 20, 'Y', 'SYSTEM', '2026-04-20 00:00:00') ON CONFLICT DO NOTHING;
INSERT INTO shopjoy_2604.pd_prod_sku (sku_id, site_id, prod_id, opt_item_id_1, opt_item_id_2, sku_code, add_price, prod_opt_stock, use_yn, reg_by, reg_date) VALUES ('SK000516', 'SITE000001', 'PD000030', 'OI000246', 'OI000251', '30-아이-S', 0, 20, 'Y', 'SYSTEM', '2026-04-20 00:00:00') ON CONFLICT DO NOTHING;
INSERT INTO shopjoy_2604.pd_prod_sku (sku_id, site_id, prod_id, opt_item_id_1, opt_item_id_2, sku_code, add_price, prod_opt_stock, use_yn, reg_by, reg_date) VALUES ('SK000517', 'SITE000001', 'PD000030', 'OI000246', 'OI000252', '30-아이-M', 0, 20, 'Y', 'SYSTEM', '2026-04-20 00:00:00') ON CONFLICT DO NOTHING;
INSERT INTO shopjoy_2604.pd_prod_sku (sku_id, site_id, prod_id, opt_item_id_1, opt_item_id_2, sku_code, add_price, prod_opt_stock, use_yn, reg_by, reg_date) VALUES ('SK000518', 'SITE000001', 'PD000030', 'OI000246', 'OI000253', '30-아이-L', 0, 20, 'Y', 'SYSTEM', '2026-04-20 00:00:00') ON CONFLICT DO NOTHING;
INSERT INTO shopjoy_2604.pd_prod_sku (sku_id, site_id, prod_id, opt_item_id_1, opt_item_id_2, sku_code, add_price, prod_opt_stock, use_yn, reg_by, reg_date) VALUES ('SK000519', 'SITE000001', 'PD000030', 'OI000246', 'OI000254', '30-아이-XL', 0, 20, 'Y', 'SYSTEM', '2026-04-20 00:00:00') ON CONFLICT DO NOTHING;
INSERT INTO shopjoy_2604.pd_prod_sku (sku_id, site_id, prod_id, opt_item_id_1, opt_item_id_2, sku_code, add_price, prod_opt_stock, use_yn, reg_by, reg_date) VALUES ('SK000520', 'SITE000001', 'PD000030', 'OI000247', 'OI000251', '30-베이-S', 0, 20, 'Y', 'SYSTEM', '2026-04-20 00:00:00') ON CONFLICT DO NOTHING;
INSERT INTO shopjoy_2604.pd_prod_sku (sku_id, site_id, prod_id, opt_item_id_1, opt_item_id_2, sku_code, add_price, prod_opt_stock, use_yn, reg_by, reg_date) VALUES ('SK000521', 'SITE000001', 'PD000030', 'OI000247', 'OI000252', '30-베이-M', 0, 20, 'Y', 'SYSTEM', '2026-04-20 00:00:00') ON CONFLICT DO NOTHING;
INSERT INTO shopjoy_2604.pd_prod_sku (sku_id, site_id, prod_id, opt_item_id_1, opt_item_id_2, sku_code, add_price, prod_opt_stock, use_yn, reg_by, reg_date) VALUES ('SK000522', 'SITE000001', 'PD000030', 'OI000247', 'OI000253', '30-베이-L', 0, 20, 'Y', 'SYSTEM', '2026-04-20 00:00:00') ON CONFLICT DO NOTHING;
INSERT INTO shopjoy_2604.pd_prod_sku (sku_id, site_id, prod_id, opt_item_id_1, opt_item_id_2, sku_code, add_price, prod_opt_stock, use_yn, reg_by, reg_date) VALUES ('SK000523', 'SITE000001', 'PD000030', 'OI000247', 'OI000254', '30-베이-XL', 0, 20, 'Y', 'SYSTEM', '2026-04-20 00:00:00') ON CONFLICT DO NOTHING;
INSERT INTO shopjoy_2604.pd_prod_sku (sku_id, site_id, prod_id, opt_item_id_1, opt_item_id_2, sku_code, add_price, prod_opt_stock, use_yn, reg_by, reg_date) VALUES ('SK000524', 'SITE000001', 'PD000030', 'OI000248', 'OI000251', '30-그레-S', 0, 20, 'Y', 'SYSTEM', '2026-04-20 00:00:00') ON CONFLICT DO NOTHING;
INSERT INTO shopjoy_2604.pd_prod_sku (sku_id, site_id, prod_id, opt_item_id_1, opt_item_id_2, sku_code, add_price, prod_opt_stock, use_yn, reg_by, reg_date) VALUES ('SK000525', 'SITE000001', 'PD000030', 'OI000248', 'OI000252', '30-그레-M', 0, 20, 'Y', 'SYSTEM', '2026-04-20 00:00:00') ON CONFLICT DO NOTHING;
INSERT INTO shopjoy_2604.pd_prod_sku (sku_id, site_id, prod_id, opt_item_id_1, opt_item_id_2, sku_code, add_price, prod_opt_stock, use_yn, reg_by, reg_date) VALUES ('SK000526', 'SITE000001', 'PD000030', 'OI000248', 'OI000253', '30-그레-L', 0, 20, 'Y', 'SYSTEM', '2026-04-20 00:00:00') ON CONFLICT DO NOTHING;
INSERT INTO shopjoy_2604.pd_prod_sku (sku_id, site_id, prod_id, opt_item_id_1, opt_item_id_2, sku_code, add_price, prod_opt_stock, use_yn, reg_by, reg_date) VALUES ('SK000527', 'SITE000001', 'PD000030', 'OI000248', 'OI000254', '30-그레-XL', 0, 20, 'Y', 'SYSTEM', '2026-04-20 00:00:00') ON CONFLICT DO NOTHING;
INSERT INTO shopjoy_2604.pd_prod_sku (sku_id, site_id, prod_id, opt_item_id_1, opt_item_id_2, sku_code, add_price, prod_opt_stock, use_yn, reg_by, reg_date) VALUES ('SK000528', 'SITE000001', 'PD000030', 'OI000249', 'OI000251', '30-블랙-S', 0, 20, 'Y', 'SYSTEM', '2026-04-20 00:00:00') ON CONFLICT DO NOTHING;
INSERT INTO shopjoy_2604.pd_prod_sku (sku_id, site_id, prod_id, opt_item_id_1, opt_item_id_2, sku_code, add_price, prod_opt_stock, use_yn, reg_by, reg_date) VALUES ('SK000529', 'SITE000001', 'PD000030', 'OI000249', 'OI000252', '30-블랙-M', 0, 20, 'Y', 'SYSTEM', '2026-04-20 00:00:00') ON CONFLICT DO NOTHING;
INSERT INTO shopjoy_2604.pd_prod_sku (sku_id, site_id, prod_id, opt_item_id_1, opt_item_id_2, sku_code, add_price, prod_opt_stock, use_yn, reg_by, reg_date) VALUES ('SK000530', 'SITE000001', 'PD000030', 'OI000249', 'OI000253', '30-블랙-L', 0, 20, 'Y', 'SYSTEM', '2026-04-20 00:00:00') ON CONFLICT DO NOTHING;
INSERT INTO shopjoy_2604.pd_prod_sku (sku_id, site_id, prod_id, opt_item_id_1, opt_item_id_2, sku_code, add_price, prod_opt_stock, use_yn, reg_by, reg_date) VALUES ('SK000531', 'SITE000001', 'PD000030', 'OI000249', 'OI000254', '30-블랙-XL', 0, 20, 'Y', 'SYSTEM', '2026-04-20 00:00:00') ON CONFLICT DO NOTHING;
INSERT INTO shopjoy_2604.pd_prod_sku (sku_id, site_id, prod_id, opt_item_id_1, opt_item_id_2, sku_code, add_price, prod_opt_stock, use_yn, reg_by, reg_date) VALUES ('SK000532', 'SITE000001', 'PD000030', 'OI000250', 'OI000251', '30-와인-S', 0, 20, 'Y', 'SYSTEM', '2026-04-20 00:00:00') ON CONFLICT DO NOTHING;
INSERT INTO shopjoy_2604.pd_prod_sku (sku_id, site_id, prod_id, opt_item_id_1, opt_item_id_2, sku_code, add_price, prod_opt_stock, use_yn, reg_by, reg_date) VALUES ('SK000533', 'SITE000001', 'PD000030', 'OI000250', 'OI000252', '30-와인-M', 0, 20, 'Y', 'SYSTEM', '2026-04-20 00:00:00') ON CONFLICT DO NOTHING;
INSERT INTO shopjoy_2604.pd_prod_sku (sku_id, site_id, prod_id, opt_item_id_1, opt_item_id_2, sku_code, add_price, prod_opt_stock, use_yn, reg_by, reg_date) VALUES ('SK000534', 'SITE000001', 'PD000030', 'OI000250', 'OI000253', '30-와인-L', 0, 20, 'Y', 'SYSTEM', '2026-04-20 00:00:00') ON CONFLICT DO NOTHING;
INSERT INTO shopjoy_2604.pd_prod_sku (sku_id, site_id, prod_id, opt_item_id_1, opt_item_id_2, sku_code, add_price, prod_opt_stock, use_yn, reg_by, reg_date) VALUES ('SK000535', 'SITE000001', 'PD000030', 'OI000250', 'OI000254', '30-와인-XL', 0, 20, 'Y', 'SYSTEM', '2026-04-20 00:00:00') ON CONFLICT DO NOTHING;
INSERT INTO shopjoy_2604.pd_prod_sku (sku_id, site_id, prod_id, opt_item_id_1, opt_item_id_2, sku_code, add_price, prod_opt_stock, use_yn, reg_by, reg_date) VALUES ('SK000536', 'SITE000001', 'PD000031', 'OI000255', 'OI000258', '31-핑크-XS', 0, 20, 'Y', 'SYSTEM', '2026-04-20 00:00:00') ON CONFLICT DO NOTHING;
INSERT INTO shopjoy_2604.pd_prod_sku (sku_id, site_id, prod_id, opt_item_id_1, opt_item_id_2, sku_code, add_price, prod_opt_stock, use_yn, reg_by, reg_date) VALUES ('SK000537', 'SITE000001', 'PD000031', 'OI000255', 'OI000259', '31-핑크-S', 0, 20, 'Y', 'SYSTEM', '2026-04-20 00:00:00') ON CONFLICT DO NOTHING;
INSERT INTO shopjoy_2604.pd_prod_sku (sku_id, site_id, prod_id, opt_item_id_1, opt_item_id_2, sku_code, add_price, prod_opt_stock, use_yn, reg_by, reg_date) VALUES ('SK000538', 'SITE000001', 'PD000031', 'OI000255', 'OI000260', '31-핑크-M', 0, 20, 'Y', 'SYSTEM', '2026-04-20 00:00:00') ON CONFLICT DO NOTHING;
INSERT INTO shopjoy_2604.pd_prod_sku (sku_id, site_id, prod_id, opt_item_id_1, opt_item_id_2, sku_code, add_price, prod_opt_stock, use_yn, reg_by, reg_date) VALUES ('SK000539', 'SITE000001', 'PD000031', 'OI000255', 'OI000261', '31-핑크-L', 0, 20, 'Y', 'SYSTEM', '2026-04-20 00:00:00') ON CONFLICT DO NOTHING;
INSERT INTO shopjoy_2604.pd_prod_sku (sku_id, site_id, prod_id, opt_item_id_1, opt_item_id_2, sku_code, add_price, prod_opt_stock, use_yn, reg_by, reg_date) VALUES ('SK000540', 'SITE000001', 'PD000031', 'OI000256', 'OI000258', '31-블루-XS', 0, 20, 'Y', 'SYSTEM', '2026-04-20 00:00:00') ON CONFLICT DO NOTHING;
INSERT INTO shopjoy_2604.pd_prod_sku (sku_id, site_id, prod_id, opt_item_id_1, opt_item_id_2, sku_code, add_price, prod_opt_stock, use_yn, reg_by, reg_date) VALUES ('SK000541', 'SITE000001', 'PD000031', 'OI000256', 'OI000259', '31-블루-S', 0, 20, 'Y', 'SYSTEM', '2026-04-20 00:00:00') ON CONFLICT DO NOTHING;
INSERT INTO shopjoy_2604.pd_prod_sku (sku_id, site_id, prod_id, opt_item_id_1, opt_item_id_2, sku_code, add_price, prod_opt_stock, use_yn, reg_by, reg_date) VALUES ('SK000542', 'SITE000001', 'PD000031', 'OI000256', 'OI000260', '31-블루-M', 0, 20, 'Y', 'SYSTEM', '2026-04-20 00:00:00') ON CONFLICT DO NOTHING;
INSERT INTO shopjoy_2604.pd_prod_sku (sku_id, site_id, prod_id, opt_item_id_1, opt_item_id_2, sku_code, add_price, prod_opt_stock, use_yn, reg_by, reg_date) VALUES ('SK000543', 'SITE000001', 'PD000031', 'OI000256', 'OI000261', '31-블루-L', 0, 20, 'Y', 'SYSTEM', '2026-04-20 00:00:00') ON CONFLICT DO NOTHING;
INSERT INTO shopjoy_2604.pd_prod_sku (sku_id, site_id, prod_id, opt_item_id_1, opt_item_id_2, sku_code, add_price, prod_opt_stock, use_yn, reg_by, reg_date) VALUES ('SK000544', 'SITE000001', 'PD000031', 'OI000257', 'OI000258', '31-화이-XS', 0, 20, 'Y', 'SYSTEM', '2026-04-20 00:00:00') ON CONFLICT DO NOTHING;
INSERT INTO shopjoy_2604.pd_prod_sku (sku_id, site_id, prod_id, opt_item_id_1, opt_item_id_2, sku_code, add_price, prod_opt_stock, use_yn, reg_by, reg_date) VALUES ('SK000545', 'SITE000001', 'PD000031', 'OI000257', 'OI000259', '31-화이-S', 0, 20, 'Y', 'SYSTEM', '2026-04-20 00:00:00') ON CONFLICT DO NOTHING;
INSERT INTO shopjoy_2604.pd_prod_sku (sku_id, site_id, prod_id, opt_item_id_1, opt_item_id_2, sku_code, add_price, prod_opt_stock, use_yn, reg_by, reg_date) VALUES ('SK000546', 'SITE000001', 'PD000031', 'OI000257', 'OI000260', '31-화이-M', 0, 20, 'Y', 'SYSTEM', '2026-04-20 00:00:00') ON CONFLICT DO NOTHING;
INSERT INTO shopjoy_2604.pd_prod_sku (sku_id, site_id, prod_id, opt_item_id_1, opt_item_id_2, sku_code, add_price, prod_opt_stock, use_yn, reg_by, reg_date) VALUES ('SK000547', 'SITE000001', 'PD000031', 'OI000257', 'OI000261', '31-화이-L', 0, 20, 'Y', 'SYSTEM', '2026-04-20 00:00:00') ON CONFLICT DO NOTHING;
INSERT INTO shopjoy_2604.pd_prod_sku (sku_id, site_id, prod_id, opt_item_id_1, opt_item_id_2, sku_code, add_price, prod_opt_stock, use_yn, reg_by, reg_date) VALUES ('SK000548', 'SITE000001', 'PD000032', 'OI000262', 'OI000266', '32-블랙-XS', 0, 20, 'Y', 'SYSTEM', '2026-04-20 00:00:00') ON CONFLICT DO NOTHING;
INSERT INTO shopjoy_2604.pd_prod_sku (sku_id, site_id, prod_id, opt_item_id_1, opt_item_id_2, sku_code, add_price, prod_opt_stock, use_yn, reg_by, reg_date) VALUES ('SK000549', 'SITE000001', 'PD000032', 'OI000262', 'OI000267', '32-블랙-S', 0, 20, 'Y', 'SYSTEM', '2026-04-20 00:00:00') ON CONFLICT DO NOTHING;
INSERT INTO shopjoy_2604.pd_prod_sku (sku_id, site_id, prod_id, opt_item_id_1, opt_item_id_2, sku_code, add_price, prod_opt_stock, use_yn, reg_by, reg_date) VALUES ('SK000550', 'SITE000001', 'PD000032', 'OI000262', 'OI000268', '32-블랙-M', 0, 20, 'Y', 'SYSTEM', '2026-04-20 00:00:00') ON CONFLICT DO NOTHING;
INSERT INTO shopjoy_2604.pd_prod_sku (sku_id, site_id, prod_id, opt_item_id_1, opt_item_id_2, sku_code, add_price, prod_opt_stock, use_yn, reg_by, reg_date) VALUES ('SK000551', 'SITE000001', 'PD000032', 'OI000262', 'OI000269', '32-블랙-L', 0, 20, 'Y', 'SYSTEM', '2026-04-20 00:00:00') ON CONFLICT DO NOTHING;
INSERT INTO shopjoy_2604.pd_prod_sku (sku_id, site_id, prod_id, opt_item_id_1, opt_item_id_2, sku_code, add_price, prod_opt_stock, use_yn, reg_by, reg_date) VALUES ('SK000552', 'SITE000001', 'PD000032', 'OI000263', 'OI000266', '32-화이-XS', 0, 20, 'Y', 'SYSTEM', '2026-04-20 00:00:00') ON CONFLICT DO NOTHING;
INSERT INTO shopjoy_2604.pd_prod_sku (sku_id, site_id, prod_id, opt_item_id_1, opt_item_id_2, sku_code, add_price, prod_opt_stock, use_yn, reg_by, reg_date) VALUES ('SK000553', 'SITE000001', 'PD000032', 'OI000263', 'OI000267', '32-화이-S', 0, 20, 'Y', 'SYSTEM', '2026-04-20 00:00:00') ON CONFLICT DO NOTHING;
INSERT INTO shopjoy_2604.pd_prod_sku (sku_id, site_id, prod_id, opt_item_id_1, opt_item_id_2, sku_code, add_price, prod_opt_stock, use_yn, reg_by, reg_date) VALUES ('SK000554', 'SITE000001', 'PD000032', 'OI000263', 'OI000268', '32-화이-M', 0, 20, 'Y', 'SYSTEM', '2026-04-20 00:00:00') ON CONFLICT DO NOTHING;
INSERT INTO shopjoy_2604.pd_prod_sku (sku_id, site_id, prod_id, opt_item_id_1, opt_item_id_2, sku_code, add_price, prod_opt_stock, use_yn, reg_by, reg_date) VALUES ('SK000555', 'SITE000001', 'PD000032', 'OI000263', 'OI000269', '32-화이-L', 0, 20, 'Y', 'SYSTEM', '2026-04-20 00:00:00') ON CONFLICT DO NOTHING;
INSERT INTO shopjoy_2604.pd_prod_sku (sku_id, site_id, prod_id, opt_item_id_1, opt_item_id_2, sku_code, add_price, prod_opt_stock, use_yn, reg_by, reg_date) VALUES ('SK000556', 'SITE000001', 'PD000032', 'OI000264', 'OI000266', '32-핑크-XS', 0, 20, 'Y', 'SYSTEM', '2026-04-20 00:00:00') ON CONFLICT DO NOTHING;
INSERT INTO shopjoy_2604.pd_prod_sku (sku_id, site_id, prod_id, opt_item_id_1, opt_item_id_2, sku_code, add_price, prod_opt_stock, use_yn, reg_by, reg_date) VALUES ('SK000557', 'SITE000001', 'PD000032', 'OI000264', 'OI000267', '32-핑크-S', 0, 20, 'Y', 'SYSTEM', '2026-04-20 00:00:00') ON CONFLICT DO NOTHING;
INSERT INTO shopjoy_2604.pd_prod_sku (sku_id, site_id, prod_id, opt_item_id_1, opt_item_id_2, sku_code, add_price, prod_opt_stock, use_yn, reg_by, reg_date) VALUES ('SK000558', 'SITE000001', 'PD000032', 'OI000264', 'OI000268', '32-핑크-M', 0, 20, 'Y', 'SYSTEM', '2026-04-20 00:00:00') ON CONFLICT DO NOTHING;
INSERT INTO shopjoy_2604.pd_prod_sku (sku_id, site_id, prod_id, opt_item_id_1, opt_item_id_2, sku_code, add_price, prod_opt_stock, use_yn, reg_by, reg_date) VALUES ('SK000559', 'SITE000001', 'PD000032', 'OI000264', 'OI000269', '32-핑크-L', 0, 20, 'Y', 'SYSTEM', '2026-04-20 00:00:00') ON CONFLICT DO NOTHING;
INSERT INTO shopjoy_2604.pd_prod_sku (sku_id, site_id, prod_id, opt_item_id_1, opt_item_id_2, sku_code, add_price, prod_opt_stock, use_yn, reg_by, reg_date) VALUES ('SK000560', 'SITE000001', 'PD000032', 'OI000265', 'OI000266', '32-네이-XS', 0, 20, 'Y', 'SYSTEM', '2026-04-20 00:00:00') ON CONFLICT DO NOTHING;
INSERT INTO shopjoy_2604.pd_prod_sku (sku_id, site_id, prod_id, opt_item_id_1, opt_item_id_2, sku_code, add_price, prod_opt_stock, use_yn, reg_by, reg_date) VALUES ('SK000561', 'SITE000001', 'PD000032', 'OI000265', 'OI000267', '32-네이-S', 0, 20, 'Y', 'SYSTEM', '2026-04-20 00:00:00') ON CONFLICT DO NOTHING;
INSERT INTO shopjoy_2604.pd_prod_sku (sku_id, site_id, prod_id, opt_item_id_1, opt_item_id_2, sku_code, add_price, prod_opt_stock, use_yn, reg_by, reg_date) VALUES ('SK000562', 'SITE000001', 'PD000032', 'OI000265', 'OI000268', '32-네이-M', 0, 20, 'Y', 'SYSTEM', '2026-04-20 00:00:00') ON CONFLICT DO NOTHING;
INSERT INTO shopjoy_2604.pd_prod_sku (sku_id, site_id, prod_id, opt_item_id_1, opt_item_id_2, sku_code, add_price, prod_opt_stock, use_yn, reg_by, reg_date) VALUES ('SK000563', 'SITE000001', 'PD000032', 'OI000265', 'OI000269', '32-네이-L', 0, 20, 'Y', 'SYSTEM', '2026-04-20 00:00:00') ON CONFLICT DO NOTHING;
INSERT INTO shopjoy_2604.pd_prod_sku (sku_id, site_id, prod_id, opt_item_id_1, opt_item_id_2, sku_code, add_price, prod_opt_stock, use_yn, reg_by, reg_date) VALUES ('SK000564', 'SITE000001', 'PD000033', 'OI000270', 'OI000274', '33-블랙-XS', 0, 20, 'Y', 'SYSTEM', '2026-04-20 00:00:00') ON CONFLICT DO NOTHING;
INSERT INTO shopjoy_2604.pd_prod_sku (sku_id, site_id, prod_id, opt_item_id_1, opt_item_id_2, sku_code, add_price, prod_opt_stock, use_yn, reg_by, reg_date) VALUES ('SK000565', 'SITE000001', 'PD000033', 'OI000270', 'OI000275', '33-블랙-S', 0, 20, 'Y', 'SYSTEM', '2026-04-20 00:00:00') ON CONFLICT DO NOTHING;
INSERT INTO shopjoy_2604.pd_prod_sku (sku_id, site_id, prod_id, opt_item_id_1, opt_item_id_2, sku_code, add_price, prod_opt_stock, use_yn, reg_by, reg_date) VALUES ('SK000566', 'SITE000001', 'PD000033', 'OI000270', 'OI000276', '33-블랙-M', 0, 20, 'Y', 'SYSTEM', '2026-04-20 00:00:00') ON CONFLICT DO NOTHING;
INSERT INTO shopjoy_2604.pd_prod_sku (sku_id, site_id, prod_id, opt_item_id_1, opt_item_id_2, sku_code, add_price, prod_opt_stock, use_yn, reg_by, reg_date) VALUES ('SK000567', 'SITE000001', 'PD000033', 'OI000270', 'OI000277', '33-블랙-L', 0, 20, 'Y', 'SYSTEM', '2026-04-20 00:00:00') ON CONFLICT DO NOTHING;
INSERT INTO shopjoy_2604.pd_prod_sku (sku_id, site_id, prod_id, opt_item_id_1, opt_item_id_2, sku_code, add_price, prod_opt_stock, use_yn, reg_by, reg_date) VALUES ('SK000568', 'SITE000001', 'PD000033', 'OI000270', 'OI000278', '33-블랙-XL', 0, 20, 'Y', 'SYSTEM', '2026-04-20 00:00:00') ON CONFLICT DO NOTHING;
INSERT INTO shopjoy_2604.pd_prod_sku (sku_id, site_id, prod_id, opt_item_id_1, opt_item_id_2, sku_code, add_price, prod_opt_stock, use_yn, reg_by, reg_date) VALUES ('SK000569', 'SITE000001', 'PD000033', 'OI000271', 'OI000274', '33-베이-XS', 0, 20, 'Y', 'SYSTEM', '2026-04-20 00:00:00') ON CONFLICT DO NOTHING;
INSERT INTO shopjoy_2604.pd_prod_sku (sku_id, site_id, prod_id, opt_item_id_1, opt_item_id_2, sku_code, add_price, prod_opt_stock, use_yn, reg_by, reg_date) VALUES ('SK000570', 'SITE000001', 'PD000033', 'OI000271', 'OI000275', '33-베이-S', 0, 20, 'Y', 'SYSTEM', '2026-04-20 00:00:00') ON CONFLICT DO NOTHING;
INSERT INTO shopjoy_2604.pd_prod_sku (sku_id, site_id, prod_id, opt_item_id_1, opt_item_id_2, sku_code, add_price, prod_opt_stock, use_yn, reg_by, reg_date) VALUES ('SK000571', 'SITE000001', 'PD000033', 'OI000271', 'OI000276', '33-베이-M', 0, 20, 'Y', 'SYSTEM', '2026-04-20 00:00:00') ON CONFLICT DO NOTHING;
INSERT INTO shopjoy_2604.pd_prod_sku (sku_id, site_id, prod_id, opt_item_id_1, opt_item_id_2, sku_code, add_price, prod_opt_stock, use_yn, reg_by, reg_date) VALUES ('SK000572', 'SITE000001', 'PD000033', 'OI000271', 'OI000277', '33-베이-L', 0, 20, 'Y', 'SYSTEM', '2026-04-20 00:00:00') ON CONFLICT DO NOTHING;
INSERT INTO shopjoy_2604.pd_prod_sku (sku_id, site_id, prod_id, opt_item_id_1, opt_item_id_2, sku_code, add_price, prod_opt_stock, use_yn, reg_by, reg_date) VALUES ('SK000573', 'SITE000001', 'PD000033', 'OI000271', 'OI000278', '33-베이-XL', 0, 20, 'Y', 'SYSTEM', '2026-04-20 00:00:00') ON CONFLICT DO NOTHING;
INSERT INTO shopjoy_2604.pd_prod_sku (sku_id, site_id, prod_id, opt_item_id_1, opt_item_id_2, sku_code, add_price, prod_opt_stock, use_yn, reg_by, reg_date) VALUES ('SK000574', 'SITE000001', 'PD000033', 'OI000272', 'OI000274', '33-화이-XS', 0, 20, 'Y', 'SYSTEM', '2026-04-20 00:00:00') ON CONFLICT DO NOTHING;
INSERT INTO shopjoy_2604.pd_prod_sku (sku_id, site_id, prod_id, opt_item_id_1, opt_item_id_2, sku_code, add_price, prod_opt_stock, use_yn, reg_by, reg_date) VALUES ('SK000575', 'SITE000001', 'PD000033', 'OI000272', 'OI000275', '33-화이-S', 0, 20, 'Y', 'SYSTEM', '2026-04-20 00:00:00') ON CONFLICT DO NOTHING;
INSERT INTO shopjoy_2604.pd_prod_sku (sku_id, site_id, prod_id, opt_item_id_1, opt_item_id_2, sku_code, add_price, prod_opt_stock, use_yn, reg_by, reg_date) VALUES ('SK000576', 'SITE000001', 'PD000033', 'OI000272', 'OI000276', '33-화이-M', 0, 20, 'Y', 'SYSTEM', '2026-04-20 00:00:00') ON CONFLICT DO NOTHING;
INSERT INTO shopjoy_2604.pd_prod_sku (sku_id, site_id, prod_id, opt_item_id_1, opt_item_id_2, sku_code, add_price, prod_opt_stock, use_yn, reg_by, reg_date) VALUES ('SK000577', 'SITE000001', 'PD000033', 'OI000272', 'OI000277', '33-화이-L', 0, 20, 'Y', 'SYSTEM', '2026-04-20 00:00:00') ON CONFLICT DO NOTHING;
INSERT INTO shopjoy_2604.pd_prod_sku (sku_id, site_id, prod_id, opt_item_id_1, opt_item_id_2, sku_code, add_price, prod_opt_stock, use_yn, reg_by, reg_date) VALUES ('SK000578', 'SITE000001', 'PD000033', 'OI000272', 'OI000278', '33-화이-XL', 0, 20, 'Y', 'SYSTEM', '2026-04-20 00:00:00') ON CONFLICT DO NOTHING;
INSERT INTO shopjoy_2604.pd_prod_sku (sku_id, site_id, prod_id, opt_item_id_1, opt_item_id_2, sku_code, add_price, prod_opt_stock, use_yn, reg_by, reg_date) VALUES ('SK000579', 'SITE000001', 'PD000033', 'OI000273', 'OI000274', '33-와인-XS', 0, 20, 'Y', 'SYSTEM', '2026-04-20 00:00:00') ON CONFLICT DO NOTHING;
INSERT INTO shopjoy_2604.pd_prod_sku (sku_id, site_id, prod_id, opt_item_id_1, opt_item_id_2, sku_code, add_price, prod_opt_stock, use_yn, reg_by, reg_date) VALUES ('SK000580', 'SITE000001', 'PD000033', 'OI000273', 'OI000275', '33-와인-S', 0, 20, 'Y', 'SYSTEM', '2026-04-20 00:00:00') ON CONFLICT DO NOTHING;
INSERT INTO shopjoy_2604.pd_prod_sku (sku_id, site_id, prod_id, opt_item_id_1, opt_item_id_2, sku_code, add_price, prod_opt_stock, use_yn, reg_by, reg_date) VALUES ('SK000581', 'SITE000001', 'PD000033', 'OI000273', 'OI000276', '33-와인-M', 0, 20, 'Y', 'SYSTEM', '2026-04-20 00:00:00') ON CONFLICT DO NOTHING;
INSERT INTO shopjoy_2604.pd_prod_sku (sku_id, site_id, prod_id, opt_item_id_1, opt_item_id_2, sku_code, add_price, prod_opt_stock, use_yn, reg_by, reg_date) VALUES ('SK000582', 'SITE000001', 'PD000033', 'OI000273', 'OI000277', '33-와인-L', 0, 20, 'Y', 'SYSTEM', '2026-04-20 00:00:00') ON CONFLICT DO NOTHING;
INSERT INTO shopjoy_2604.pd_prod_sku (sku_id, site_id, prod_id, opt_item_id_1, opt_item_id_2, sku_code, add_price, prod_opt_stock, use_yn, reg_by, reg_date) VALUES ('SK000583', 'SITE000001', 'PD000033', 'OI000273', 'OI000278', '33-와인-XL', 0, 20, 'Y', 'SYSTEM', '2026-04-20 00:00:00') ON CONFLICT DO NOTHING;
INSERT INTO shopjoy_2604.pd_prod_sku (sku_id, site_id, prod_id, opt_item_id_1, opt_item_id_2, sku_code, add_price, prod_opt_stock, use_yn, reg_by, reg_date) VALUES ('SK000584', 'SITE000001', 'PD000034', 'OI000279', 'OI000283', '34-화이-XS', 0, 20, 'Y', 'SYSTEM', '2026-04-20 00:00:00') ON CONFLICT DO NOTHING;
INSERT INTO shopjoy_2604.pd_prod_sku (sku_id, site_id, prod_id, opt_item_id_1, opt_item_id_2, sku_code, add_price, prod_opt_stock, use_yn, reg_by, reg_date) VALUES ('SK000585', 'SITE000001', 'PD000034', 'OI000279', 'OI000284', '34-화이-S', 0, 20, 'Y', 'SYSTEM', '2026-04-20 00:00:00') ON CONFLICT DO NOTHING;
INSERT INTO shopjoy_2604.pd_prod_sku (sku_id, site_id, prod_id, opt_item_id_1, opt_item_id_2, sku_code, add_price, prod_opt_stock, use_yn, reg_by, reg_date) VALUES ('SK000586', 'SITE000001', 'PD000034', 'OI000279', 'OI000285', '34-화이-M', 0, 20, 'Y', 'SYSTEM', '2026-04-20 00:00:00') ON CONFLICT DO NOTHING;
INSERT INTO shopjoy_2604.pd_prod_sku (sku_id, site_id, prod_id, opt_item_id_1, opt_item_id_2, sku_code, add_price, prod_opt_stock, use_yn, reg_by, reg_date) VALUES ('SK000587', 'SITE000001', 'PD000034', 'OI000279', 'OI000286', '34-화이-L', 0, 20, 'Y', 'SYSTEM', '2026-04-20 00:00:00') ON CONFLICT DO NOTHING;
INSERT INTO shopjoy_2604.pd_prod_sku (sku_id, site_id, prod_id, opt_item_id_1, opt_item_id_2, sku_code, add_price, prod_opt_stock, use_yn, reg_by, reg_date) VALUES ('SK000588', 'SITE000001', 'PD000034', 'OI000280', 'OI000283', '34-핑크-XS', 0, 20, 'Y', 'SYSTEM', '2026-04-20 00:00:00') ON CONFLICT DO NOTHING;
INSERT INTO shopjoy_2604.pd_prod_sku (sku_id, site_id, prod_id, opt_item_id_1, opt_item_id_2, sku_code, add_price, prod_opt_stock, use_yn, reg_by, reg_date) VALUES ('SK000589', 'SITE000001', 'PD000034', 'OI000280', 'OI000284', '34-핑크-S', 0, 20, 'Y', 'SYSTEM', '2026-04-20 00:00:00') ON CONFLICT DO NOTHING;
INSERT INTO shopjoy_2604.pd_prod_sku (sku_id, site_id, prod_id, opt_item_id_1, opt_item_id_2, sku_code, add_price, prod_opt_stock, use_yn, reg_by, reg_date) VALUES ('SK000590', 'SITE000001', 'PD000034', 'OI000280', 'OI000285', '34-핑크-M', 0, 20, 'Y', 'SYSTEM', '2026-04-20 00:00:00') ON CONFLICT DO NOTHING;
INSERT INTO shopjoy_2604.pd_prod_sku (sku_id, site_id, prod_id, opt_item_id_1, opt_item_id_2, sku_code, add_price, prod_opt_stock, use_yn, reg_by, reg_date) VALUES ('SK000591', 'SITE000001', 'PD000034', 'OI000280', 'OI000286', '34-핑크-L', 0, 20, 'Y', 'SYSTEM', '2026-04-20 00:00:00') ON CONFLICT DO NOTHING;
INSERT INTO shopjoy_2604.pd_prod_sku (sku_id, site_id, prod_id, opt_item_id_1, opt_item_id_2, sku_code, add_price, prod_opt_stock, use_yn, reg_by, reg_date) VALUES ('SK000592', 'SITE000001', 'PD000034', 'OI000281', 'OI000283', '34-스카-XS', 0, 20, 'Y', 'SYSTEM', '2026-04-20 00:00:00') ON CONFLICT DO NOTHING;
INSERT INTO shopjoy_2604.pd_prod_sku (sku_id, site_id, prod_id, opt_item_id_1, opt_item_id_2, sku_code, add_price, prod_opt_stock, use_yn, reg_by, reg_date) VALUES ('SK000593', 'SITE000001', 'PD000034', 'OI000281', 'OI000284', '34-스카-S', 0, 20, 'Y', 'SYSTEM', '2026-04-20 00:00:00') ON CONFLICT DO NOTHING;
INSERT INTO shopjoy_2604.pd_prod_sku (sku_id, site_id, prod_id, opt_item_id_1, opt_item_id_2, sku_code, add_price, prod_opt_stock, use_yn, reg_by, reg_date) VALUES ('SK000594', 'SITE000001', 'PD000034', 'OI000281', 'OI000285', '34-스카-M', 0, 20, 'Y', 'SYSTEM', '2026-04-20 00:00:00') ON CONFLICT DO NOTHING;
INSERT INTO shopjoy_2604.pd_prod_sku (sku_id, site_id, prod_id, opt_item_id_1, opt_item_id_2, sku_code, add_price, prod_opt_stock, use_yn, reg_by, reg_date) VALUES ('SK000595', 'SITE000001', 'PD000034', 'OI000281', 'OI000286', '34-스카-L', 0, 20, 'Y', 'SYSTEM', '2026-04-20 00:00:00') ON CONFLICT DO NOTHING;
INSERT INTO shopjoy_2604.pd_prod_sku (sku_id, site_id, prod_id, opt_item_id_1, opt_item_id_2, sku_code, add_price, prod_opt_stock, use_yn, reg_by, reg_date) VALUES ('SK000596', 'SITE000001', 'PD000034', 'OI000282', 'OI000283', '34-민트-XS', 0, 20, 'Y', 'SYSTEM', '2026-04-20 00:00:00') ON CONFLICT DO NOTHING;
INSERT INTO shopjoy_2604.pd_prod_sku (sku_id, site_id, prod_id, opt_item_id_1, opt_item_id_2, sku_code, add_price, prod_opt_stock, use_yn, reg_by, reg_date) VALUES ('SK000597', 'SITE000001', 'PD000034', 'OI000282', 'OI000284', '34-민트-S', 0, 20, 'Y', 'SYSTEM', '2026-04-20 00:00:00') ON CONFLICT DO NOTHING;
INSERT INTO shopjoy_2604.pd_prod_sku (sku_id, site_id, prod_id, opt_item_id_1, opt_item_id_2, sku_code, add_price, prod_opt_stock, use_yn, reg_by, reg_date) VALUES ('SK000598', 'SITE000001', 'PD000034', 'OI000282', 'OI000285', '34-민트-M', 0, 20, 'Y', 'SYSTEM', '2026-04-20 00:00:00') ON CONFLICT DO NOTHING;
INSERT INTO shopjoy_2604.pd_prod_sku (sku_id, site_id, prod_id, opt_item_id_1, opt_item_id_2, sku_code, add_price, prod_opt_stock, use_yn, reg_by, reg_date) VALUES ('SK000599', 'SITE000001', 'PD000034', 'OI000282', 'OI000286', '34-민트-L', 0, 20, 'Y', 'SYSTEM', '2026-04-20 00:00:00') ON CONFLICT DO NOTHING;
INSERT INTO shopjoy_2604.pd_prod_sku (sku_id, site_id, prod_id, opt_item_id_1, opt_item_id_2, sku_code, add_price, prod_opt_stock, use_yn, reg_by, reg_date) VALUES ('SK000600', 'SITE000001', 'PD000035', 'OI000287', 'OI000291', '35-아이-S', 0, 20, 'Y', 'SYSTEM', '2026-04-20 00:00:00') ON CONFLICT DO NOTHING;
INSERT INTO shopjoy_2604.pd_prod_sku (sku_id, site_id, prod_id, opt_item_id_1, opt_item_id_2, sku_code, add_price, prod_opt_stock, use_yn, reg_by, reg_date) VALUES ('SK000601', 'SITE000001', 'PD000035', 'OI000287', 'OI000292', '35-아이-M', 0, 20, 'Y', 'SYSTEM', '2026-04-20 00:00:00') ON CONFLICT DO NOTHING;
INSERT INTO shopjoy_2604.pd_prod_sku (sku_id, site_id, prod_id, opt_item_id_1, opt_item_id_2, sku_code, add_price, prod_opt_stock, use_yn, reg_by, reg_date) VALUES ('SK000602', 'SITE000001', 'PD000035', 'OI000287', 'OI000293', '35-아이-L', 0, 20, 'Y', 'SYSTEM', '2026-04-20 00:00:00') ON CONFLICT DO NOTHING;
INSERT INTO shopjoy_2604.pd_prod_sku (sku_id, site_id, prod_id, opt_item_id_1, opt_item_id_2, sku_code, add_price, prod_opt_stock, use_yn, reg_by, reg_date) VALUES ('SK000603', 'SITE000001', 'PD000035', 'OI000287', 'OI000294', '35-아이-XL', 0, 20, 'Y', 'SYSTEM', '2026-04-20 00:00:00') ON CONFLICT DO NOTHING;
INSERT INTO shopjoy_2604.pd_prod_sku (sku_id, site_id, prod_id, opt_item_id_1, opt_item_id_2, sku_code, add_price, prod_opt_stock, use_yn, reg_by, reg_date) VALUES ('SK000604', 'SITE000001', 'PD000035', 'OI000288', 'OI000291', '35-그레-S', 0, 20, 'Y', 'SYSTEM', '2026-04-20 00:00:00') ON CONFLICT DO NOTHING;
INSERT INTO shopjoy_2604.pd_prod_sku (sku_id, site_id, prod_id, opt_item_id_1, opt_item_id_2, sku_code, add_price, prod_opt_stock, use_yn, reg_by, reg_date) VALUES ('SK000605', 'SITE000001', 'PD000035', 'OI000288', 'OI000292', '35-그레-M', 0, 20, 'Y', 'SYSTEM', '2026-04-20 00:00:00') ON CONFLICT DO NOTHING;
INSERT INTO shopjoy_2604.pd_prod_sku (sku_id, site_id, prod_id, opt_item_id_1, opt_item_id_2, sku_code, add_price, prod_opt_stock, use_yn, reg_by, reg_date) VALUES ('SK000606', 'SITE000001', 'PD000035', 'OI000288', 'OI000293', '35-그레-L', 0, 20, 'Y', 'SYSTEM', '2026-04-20 00:00:00') ON CONFLICT DO NOTHING;
INSERT INTO shopjoy_2604.pd_prod_sku (sku_id, site_id, prod_id, opt_item_id_1, opt_item_id_2, sku_code, add_price, prod_opt_stock, use_yn, reg_by, reg_date) VALUES ('SK000607', 'SITE000001', 'PD000035', 'OI000288', 'OI000294', '35-그레-XL', 0, 20, 'Y', 'SYSTEM', '2026-04-20 00:00:00') ON CONFLICT DO NOTHING;
INSERT INTO shopjoy_2604.pd_prod_sku (sku_id, site_id, prod_id, opt_item_id_1, opt_item_id_2, sku_code, add_price, prod_opt_stock, use_yn, reg_by, reg_date) VALUES ('SK000608', 'SITE000001', 'PD000035', 'OI000289', 'OI000291', '35-블랙-S', 0, 20, 'Y', 'SYSTEM', '2026-04-20 00:00:00') ON CONFLICT DO NOTHING;
INSERT INTO shopjoy_2604.pd_prod_sku (sku_id, site_id, prod_id, opt_item_id_1, opt_item_id_2, sku_code, add_price, prod_opt_stock, use_yn, reg_by, reg_date) VALUES ('SK000609', 'SITE000001', 'PD000035', 'OI000289', 'OI000292', '35-블랙-M', 0, 20, 'Y', 'SYSTEM', '2026-04-20 00:00:00') ON CONFLICT DO NOTHING;
INSERT INTO shopjoy_2604.pd_prod_sku (sku_id, site_id, prod_id, opt_item_id_1, opt_item_id_2, sku_code, add_price, prod_opt_stock, use_yn, reg_by, reg_date) VALUES ('SK000610', 'SITE000001', 'PD000035', 'OI000289', 'OI000293', '35-블랙-L', 0, 20, 'Y', 'SYSTEM', '2026-04-20 00:00:00') ON CONFLICT DO NOTHING;
INSERT INTO shopjoy_2604.pd_prod_sku (sku_id, site_id, prod_id, opt_item_id_1, opt_item_id_2, sku_code, add_price, prod_opt_stock, use_yn, reg_by, reg_date) VALUES ('SK000611', 'SITE000001', 'PD000035', 'OI000289', 'OI000294', '35-블랙-XL', 0, 20, 'Y', 'SYSTEM', '2026-04-20 00:00:00') ON CONFLICT DO NOTHING;
INSERT INTO shopjoy_2604.pd_prod_sku (sku_id, site_id, prod_id, opt_item_id_1, opt_item_id_2, sku_code, add_price, prod_opt_stock, use_yn, reg_by, reg_date) VALUES ('SK000612', 'SITE000001', 'PD000035', 'OI000290', 'OI000291', '35-카멜-S', 0, 20, 'Y', 'SYSTEM', '2026-04-20 00:00:00') ON CONFLICT DO NOTHING;
INSERT INTO shopjoy_2604.pd_prod_sku (sku_id, site_id, prod_id, opt_item_id_1, opt_item_id_2, sku_code, add_price, prod_opt_stock, use_yn, reg_by, reg_date) VALUES ('SK000613', 'SITE000001', 'PD000035', 'OI000290', 'OI000292', '35-카멜-M', 0, 20, 'Y', 'SYSTEM', '2026-04-20 00:00:00') ON CONFLICT DO NOTHING;
INSERT INTO shopjoy_2604.pd_prod_sku (sku_id, site_id, prod_id, opt_item_id_1, opt_item_id_2, sku_code, add_price, prod_opt_stock, use_yn, reg_by, reg_date) VALUES ('SK000614', 'SITE000001', 'PD000035', 'OI000290', 'OI000293', '35-카멜-L', 0, 20, 'Y', 'SYSTEM', '2026-04-20 00:00:00') ON CONFLICT DO NOTHING;
INSERT INTO shopjoy_2604.pd_prod_sku (sku_id, site_id, prod_id, opt_item_id_1, opt_item_id_2, sku_code, add_price, prod_opt_stock, use_yn, reg_by, reg_date) VALUES ('SK000615', 'SITE000001', 'PD000035', 'OI000290', 'OI000294', '35-카멜-XL', 0, 20, 'Y', 'SYSTEM', '2026-04-20 00:00:00') ON CONFLICT DO NOTHING;
INSERT INTO shopjoy_2604.pd_prod_sku (sku_id, site_id, prod_id, opt_item_id_1, opt_item_id_2, sku_code, add_price, prod_opt_stock, use_yn, reg_by, reg_date) VALUES ('SK000616', 'SITE000001', 'PD000036', 'OI000295', 'OI000298', '36-화이-XS', 0, 20, 'Y', 'SYSTEM', '2026-04-20 00:00:00') ON CONFLICT DO NOTHING;
INSERT INTO shopjoy_2604.pd_prod_sku (sku_id, site_id, prod_id, opt_item_id_1, opt_item_id_2, sku_code, add_price, prod_opt_stock, use_yn, reg_by, reg_date) VALUES ('SK000617', 'SITE000001', 'PD000036', 'OI000295', 'OI000299', '36-화이-S', 0, 20, 'Y', 'SYSTEM', '2026-04-20 00:00:00') ON CONFLICT DO NOTHING;
INSERT INTO shopjoy_2604.pd_prod_sku (sku_id, site_id, prod_id, opt_item_id_1, opt_item_id_2, sku_code, add_price, prod_opt_stock, use_yn, reg_by, reg_date) VALUES ('SK000618', 'SITE000001', 'PD000036', 'OI000295', 'OI000300', '36-화이-M', 0, 20, 'Y', 'SYSTEM', '2026-04-20 00:00:00') ON CONFLICT DO NOTHING;
INSERT INTO shopjoy_2604.pd_prod_sku (sku_id, site_id, prod_id, opt_item_id_1, opt_item_id_2, sku_code, add_price, prod_opt_stock, use_yn, reg_by, reg_date) VALUES ('SK000619', 'SITE000001', 'PD000036', 'OI000295', 'OI000301', '36-화이-L', 0, 20, 'Y', 'SYSTEM', '2026-04-20 00:00:00') ON CONFLICT DO NOTHING;
INSERT INTO shopjoy_2604.pd_prod_sku (sku_id, site_id, prod_id, opt_item_id_1, opt_item_id_2, sku_code, add_price, prod_opt_stock, use_yn, reg_by, reg_date) VALUES ('SK000620', 'SITE000001', 'PD000036', 'OI000295', 'OI000302', '36-화이-XL', 0, 20, 'Y', 'SYSTEM', '2026-04-20 00:00:00') ON CONFLICT DO NOTHING;
INSERT INTO shopjoy_2604.pd_prod_sku (sku_id, site_id, prod_id, opt_item_id_1, opt_item_id_2, sku_code, add_price, prod_opt_stock, use_yn, reg_by, reg_date) VALUES ('SK000621', 'SITE000001', 'PD000036', 'OI000296', 'OI000298', '36-베이-XS', 0, 20, 'Y', 'SYSTEM', '2026-04-20 00:00:00') ON CONFLICT DO NOTHING;
INSERT INTO shopjoy_2604.pd_prod_sku (sku_id, site_id, prod_id, opt_item_id_1, opt_item_id_2, sku_code, add_price, prod_opt_stock, use_yn, reg_by, reg_date) VALUES ('SK000622', 'SITE000001', 'PD000036', 'OI000296', 'OI000299', '36-베이-S', 0, 20, 'Y', 'SYSTEM', '2026-04-20 00:00:00') ON CONFLICT DO NOTHING;
INSERT INTO shopjoy_2604.pd_prod_sku (sku_id, site_id, prod_id, opt_item_id_1, opt_item_id_2, sku_code, add_price, prod_opt_stock, use_yn, reg_by, reg_date) VALUES ('SK000623', 'SITE000001', 'PD000036', 'OI000296', 'OI000300', '36-베이-M', 0, 20, 'Y', 'SYSTEM', '2026-04-20 00:00:00') ON CONFLICT DO NOTHING;
INSERT INTO shopjoy_2604.pd_prod_sku (sku_id, site_id, prod_id, opt_item_id_1, opt_item_id_2, sku_code, add_price, prod_opt_stock, use_yn, reg_by, reg_date) VALUES ('SK000624', 'SITE000001', 'PD000036', 'OI000296', 'OI000301', '36-베이-L', 0, 20, 'Y', 'SYSTEM', '2026-04-20 00:00:00') ON CONFLICT DO NOTHING;
INSERT INTO shopjoy_2604.pd_prod_sku (sku_id, site_id, prod_id, opt_item_id_1, opt_item_id_2, sku_code, add_price, prod_opt_stock, use_yn, reg_by, reg_date) VALUES ('SK000625', 'SITE000001', 'PD000036', 'OI000296', 'OI000302', '36-베이-XL', 0, 20, 'Y', 'SYSTEM', '2026-04-20 00:00:00') ON CONFLICT DO NOTHING;
INSERT INTO shopjoy_2604.pd_prod_sku (sku_id, site_id, prod_id, opt_item_id_1, opt_item_id_2, sku_code, add_price, prod_opt_stock, use_yn, reg_by, reg_date) VALUES ('SK000626', 'SITE000001', 'PD000036', 'OI000297', 'OI000298', '36-스카-XS', 0, 20, 'Y', 'SYSTEM', '2026-04-20 00:00:00') ON CONFLICT DO NOTHING;
INSERT INTO shopjoy_2604.pd_prod_sku (sku_id, site_id, prod_id, opt_item_id_1, opt_item_id_2, sku_code, add_price, prod_opt_stock, use_yn, reg_by, reg_date) VALUES ('SK000627', 'SITE000001', 'PD000036', 'OI000297', 'OI000299', '36-스카-S', 0, 20, 'Y', 'SYSTEM', '2026-04-20 00:00:00') ON CONFLICT DO NOTHING;
INSERT INTO shopjoy_2604.pd_prod_sku (sku_id, site_id, prod_id, opt_item_id_1, opt_item_id_2, sku_code, add_price, prod_opt_stock, use_yn, reg_by, reg_date) VALUES ('SK000628', 'SITE000001', 'PD000036', 'OI000297', 'OI000300', '36-스카-M', 0, 20, 'Y', 'SYSTEM', '2026-04-20 00:00:00') ON CONFLICT DO NOTHING;
INSERT INTO shopjoy_2604.pd_prod_sku (sku_id, site_id, prod_id, opt_item_id_1, opt_item_id_2, sku_code, add_price, prod_opt_stock, use_yn, reg_by, reg_date) VALUES ('SK000629', 'SITE000001', 'PD000036', 'OI000297', 'OI000301', '36-스카-L', 0, 20, 'Y', 'SYSTEM', '2026-04-20 00:00:00') ON CONFLICT DO NOTHING;
INSERT INTO shopjoy_2604.pd_prod_sku (sku_id, site_id, prod_id, opt_item_id_1, opt_item_id_2, sku_code, add_price, prod_opt_stock, use_yn, reg_by, reg_date) VALUES ('SK000630', 'SITE000001', 'PD000036', 'OI000297', 'OI000302', '36-스카-XL', 0, 20, 'Y', 'SYSTEM', '2026-04-20 00:00:00') ON CONFLICT DO NOTHING;
INSERT INTO shopjoy_2604.pd_prod_sku (sku_id, site_id, prod_id, opt_item_id_1, opt_item_id_2, sku_code, add_price, prod_opt_stock, use_yn, reg_by, reg_date) VALUES ('SK000631', 'SITE000001', 'PD000037', 'OI000303', 'OI000307', '37-블랙-XS', 0, 20, 'Y', 'SYSTEM', '2026-04-20 00:00:00') ON CONFLICT DO NOTHING;
INSERT INTO shopjoy_2604.pd_prod_sku (sku_id, site_id, prod_id, opt_item_id_1, opt_item_id_2, sku_code, add_price, prod_opt_stock, use_yn, reg_by, reg_date) VALUES ('SK000632', 'SITE000001', 'PD000037', 'OI000303', 'OI000308', '37-블랙-S', 0, 20, 'Y', 'SYSTEM', '2026-04-20 00:00:00') ON CONFLICT DO NOTHING;
INSERT INTO shopjoy_2604.pd_prod_sku (sku_id, site_id, prod_id, opt_item_id_1, opt_item_id_2, sku_code, add_price, prod_opt_stock, use_yn, reg_by, reg_date) VALUES ('SK000633', 'SITE000001', 'PD000037', 'OI000303', 'OI000309', '37-블랙-M', 0, 20, 'Y', 'SYSTEM', '2026-04-20 00:00:00') ON CONFLICT DO NOTHING;
INSERT INTO shopjoy_2604.pd_prod_sku (sku_id, site_id, prod_id, opt_item_id_1, opt_item_id_2, sku_code, add_price, prod_opt_stock, use_yn, reg_by, reg_date) VALUES ('SK000634', 'SITE000001', 'PD000037', 'OI000303', 'OI000310', '37-블랙-L', 0, 20, 'Y', 'SYSTEM', '2026-04-20 00:00:00') ON CONFLICT DO NOTHING;
INSERT INTO shopjoy_2604.pd_prod_sku (sku_id, site_id, prod_id, opt_item_id_1, opt_item_id_2, sku_code, add_price, prod_opt_stock, use_yn, reg_by, reg_date) VALUES ('SK000635', 'SITE000001', 'PD000037', 'OI000304', 'OI000307', '37-베이-XS', 0, 20, 'Y', 'SYSTEM', '2026-04-20 00:00:00') ON CONFLICT DO NOTHING;
INSERT INTO shopjoy_2604.pd_prod_sku (sku_id, site_id, prod_id, opt_item_id_1, opt_item_id_2, sku_code, add_price, prod_opt_stock, use_yn, reg_by, reg_date) VALUES ('SK000636', 'SITE000001', 'PD000037', 'OI000304', 'OI000308', '37-베이-S', 0, 20, 'Y', 'SYSTEM', '2026-04-20 00:00:00') ON CONFLICT DO NOTHING;
INSERT INTO shopjoy_2604.pd_prod_sku (sku_id, site_id, prod_id, opt_item_id_1, opt_item_id_2, sku_code, add_price, prod_opt_stock, use_yn, reg_by, reg_date) VALUES ('SK000637', 'SITE000001', 'PD000037', 'OI000304', 'OI000309', '37-베이-M', 0, 20, 'Y', 'SYSTEM', '2026-04-20 00:00:00') ON CONFLICT DO NOTHING;
INSERT INTO shopjoy_2604.pd_prod_sku (sku_id, site_id, prod_id, opt_item_id_1, opt_item_id_2, sku_code, add_price, prod_opt_stock, use_yn, reg_by, reg_date) VALUES ('SK000638', 'SITE000001', 'PD000037', 'OI000304', 'OI000310', '37-베이-L', 0, 20, 'Y', 'SYSTEM', '2026-04-20 00:00:00') ON CONFLICT DO NOTHING;
INSERT INTO shopjoy_2604.pd_prod_sku (sku_id, site_id, prod_id, opt_item_id_1, opt_item_id_2, sku_code, add_price, prod_opt_stock, use_yn, reg_by, reg_date) VALUES ('SK000639', 'SITE000001', 'PD000037', 'OI000305', 'OI000307', '37-와인-XS', 0, 20, 'Y', 'SYSTEM', '2026-04-20 00:00:00') ON CONFLICT DO NOTHING;
INSERT INTO shopjoy_2604.pd_prod_sku (sku_id, site_id, prod_id, opt_item_id_1, opt_item_id_2, sku_code, add_price, prod_opt_stock, use_yn, reg_by, reg_date) VALUES ('SK000640', 'SITE000001', 'PD000037', 'OI000305', 'OI000308', '37-와인-S', 0, 20, 'Y', 'SYSTEM', '2026-04-20 00:00:00') ON CONFLICT DO NOTHING;
INSERT INTO shopjoy_2604.pd_prod_sku (sku_id, site_id, prod_id, opt_item_id_1, opt_item_id_2, sku_code, add_price, prod_opt_stock, use_yn, reg_by, reg_date) VALUES ('SK000641', 'SITE000001', 'PD000037', 'OI000305', 'OI000309', '37-와인-M', 0, 20, 'Y', 'SYSTEM', '2026-04-20 00:00:00') ON CONFLICT DO NOTHING;
INSERT INTO shopjoy_2604.pd_prod_sku (sku_id, site_id, prod_id, opt_item_id_1, opt_item_id_2, sku_code, add_price, prod_opt_stock, use_yn, reg_by, reg_date) VALUES ('SK000642', 'SITE000001', 'PD000037', 'OI000305', 'OI000310', '37-와인-L', 0, 20, 'Y', 'SYSTEM', '2026-04-20 00:00:00') ON CONFLICT DO NOTHING;
INSERT INTO shopjoy_2604.pd_prod_sku (sku_id, site_id, prod_id, opt_item_id_1, opt_item_id_2, sku_code, add_price, prod_opt_stock, use_yn, reg_by, reg_date) VALUES ('SK000643', 'SITE000001', 'PD000037', 'OI000306', 'OI000307', '37-그린-XS', 0, 20, 'Y', 'SYSTEM', '2026-04-20 00:00:00') ON CONFLICT DO NOTHING;
INSERT INTO shopjoy_2604.pd_prod_sku (sku_id, site_id, prod_id, opt_item_id_1, opt_item_id_2, sku_code, add_price, prod_opt_stock, use_yn, reg_by, reg_date) VALUES ('SK000644', 'SITE000001', 'PD000037', 'OI000306', 'OI000308', '37-그린-S', 0, 20, 'Y', 'SYSTEM', '2026-04-20 00:00:00') ON CONFLICT DO NOTHING;
INSERT INTO shopjoy_2604.pd_prod_sku (sku_id, site_id, prod_id, opt_item_id_1, opt_item_id_2, sku_code, add_price, prod_opt_stock, use_yn, reg_by, reg_date) VALUES ('SK000645', 'SITE000001', 'PD000037', 'OI000306', 'OI000309', '37-그린-M', 0, 20, 'Y', 'SYSTEM', '2026-04-20 00:00:00') ON CONFLICT DO NOTHING;
INSERT INTO shopjoy_2604.pd_prod_sku (sku_id, site_id, prod_id, opt_item_id_1, opt_item_id_2, sku_code, add_price, prod_opt_stock, use_yn, reg_by, reg_date) VALUES ('SK000646', 'SITE000001', 'PD000037', 'OI000306', 'OI000310', '37-그린-L', 0, 20, 'Y', 'SYSTEM', '2026-04-20 00:00:00') ON CONFLICT DO NOTHING;
INSERT INTO shopjoy_2604.pd_prod_sku (sku_id, site_id, prod_id, opt_item_id_1, opt_item_id_2, sku_code, add_price, prod_opt_stock, use_yn, reg_by, reg_date) VALUES ('SK000647', 'SITE000001', 'PD000038', 'OI000311', 'OI000314', '38-블루-XS', 0, 20, 'Y', 'SYSTEM', '2026-04-20 00:00:00') ON CONFLICT DO NOTHING;
INSERT INTO shopjoy_2604.pd_prod_sku (sku_id, site_id, prod_id, opt_item_id_1, opt_item_id_2, sku_code, add_price, prod_opt_stock, use_yn, reg_by, reg_date) VALUES ('SK000648', 'SITE000001', 'PD000038', 'OI000311', 'OI000315', '38-블루-S', 0, 20, 'Y', 'SYSTEM', '2026-04-20 00:00:00') ON CONFLICT DO NOTHING;
INSERT INTO shopjoy_2604.pd_prod_sku (sku_id, site_id, prod_id, opt_item_id_1, opt_item_id_2, sku_code, add_price, prod_opt_stock, use_yn, reg_by, reg_date) VALUES ('SK000649', 'SITE000001', 'PD000038', 'OI000311', 'OI000316', '38-블루-M', 0, 20, 'Y', 'SYSTEM', '2026-04-20 00:00:00') ON CONFLICT DO NOTHING;
INSERT INTO shopjoy_2604.pd_prod_sku (sku_id, site_id, prod_id, opt_item_id_1, opt_item_id_2, sku_code, add_price, prod_opt_stock, use_yn, reg_by, reg_date) VALUES ('SK000650', 'SITE000001', 'PD000038', 'OI000311', 'OI000317', '38-블루-L', 0, 20, 'Y', 'SYSTEM', '2026-04-20 00:00:00') ON CONFLICT DO NOTHING;
INSERT INTO shopjoy_2604.pd_prod_sku (sku_id, site_id, prod_id, opt_item_id_1, opt_item_id_2, sku_code, add_price, prod_opt_stock, use_yn, reg_by, reg_date) VALUES ('SK000651', 'SITE000001', 'PD000038', 'OI000311', 'OI000318', '38-블루-XL', 0, 20, 'Y', 'SYSTEM', '2026-04-20 00:00:00') ON CONFLICT DO NOTHING;
INSERT INTO shopjoy_2604.pd_prod_sku (sku_id, site_id, prod_id, opt_item_id_1, opt_item_id_2, sku_code, add_price, prod_opt_stock, use_yn, reg_by, reg_date) VALUES ('SK000652', 'SITE000001', 'PD000038', 'OI000312', 'OI000314', '38-핑크-XS', 0, 20, 'Y', 'SYSTEM', '2026-04-20 00:00:00') ON CONFLICT DO NOTHING;
INSERT INTO shopjoy_2604.pd_prod_sku (sku_id, site_id, prod_id, opt_item_id_1, opt_item_id_2, sku_code, add_price, prod_opt_stock, use_yn, reg_by, reg_date) VALUES ('SK000653', 'SITE000001', 'PD000038', 'OI000312', 'OI000315', '38-핑크-S', 0, 20, 'Y', 'SYSTEM', '2026-04-20 00:00:00') ON CONFLICT DO NOTHING;
INSERT INTO shopjoy_2604.pd_prod_sku (sku_id, site_id, prod_id, opt_item_id_1, opt_item_id_2, sku_code, add_price, prod_opt_stock, use_yn, reg_by, reg_date) VALUES ('SK000654', 'SITE000001', 'PD000038', 'OI000312', 'OI000316', '38-핑크-M', 0, 20, 'Y', 'SYSTEM', '2026-04-20 00:00:00') ON CONFLICT DO NOTHING;
INSERT INTO shopjoy_2604.pd_prod_sku (sku_id, site_id, prod_id, opt_item_id_1, opt_item_id_2, sku_code, add_price, prod_opt_stock, use_yn, reg_by, reg_date) VALUES ('SK000655', 'SITE000001', 'PD000038', 'OI000312', 'OI000317', '38-핑크-L', 0, 20, 'Y', 'SYSTEM', '2026-04-20 00:00:00') ON CONFLICT DO NOTHING;
INSERT INTO shopjoy_2604.pd_prod_sku (sku_id, site_id, prod_id, opt_item_id_1, opt_item_id_2, sku_code, add_price, prod_opt_stock, use_yn, reg_by, reg_date) VALUES ('SK000656', 'SITE000001', 'PD000038', 'OI000312', 'OI000318', '38-핑크-XL', 0, 20, 'Y', 'SYSTEM', '2026-04-20 00:00:00') ON CONFLICT DO NOTHING;
INSERT INTO shopjoy_2604.pd_prod_sku (sku_id, site_id, prod_id, opt_item_id_1, opt_item_id_2, sku_code, add_price, prod_opt_stock, use_yn, reg_by, reg_date) VALUES ('SK000657', 'SITE000001', 'PD000038', 'OI000313', 'OI000314', '38-그린-XS', 0, 20, 'Y', 'SYSTEM', '2026-04-20 00:00:00') ON CONFLICT DO NOTHING;
INSERT INTO shopjoy_2604.pd_prod_sku (sku_id, site_id, prod_id, opt_item_id_1, opt_item_id_2, sku_code, add_price, prod_opt_stock, use_yn, reg_by, reg_date) VALUES ('SK000658', 'SITE000001', 'PD000038', 'OI000313', 'OI000315', '38-그린-S', 0, 20, 'Y', 'SYSTEM', '2026-04-20 00:00:00') ON CONFLICT DO NOTHING;
INSERT INTO shopjoy_2604.pd_prod_sku (sku_id, site_id, prod_id, opt_item_id_1, opt_item_id_2, sku_code, add_price, prod_opt_stock, use_yn, reg_by, reg_date) VALUES ('SK000659', 'SITE000001', 'PD000038', 'OI000313', 'OI000316', '38-그린-M', 0, 20, 'Y', 'SYSTEM', '2026-04-20 00:00:00') ON CONFLICT DO NOTHING;
INSERT INTO shopjoy_2604.pd_prod_sku (sku_id, site_id, prod_id, opt_item_id_1, opt_item_id_2, sku_code, add_price, prod_opt_stock, use_yn, reg_by, reg_date) VALUES ('SK000660', 'SITE000001', 'PD000038', 'OI000313', 'OI000317', '38-그린-L', 0, 20, 'Y', 'SYSTEM', '2026-04-20 00:00:00') ON CONFLICT DO NOTHING;
INSERT INTO shopjoy_2604.pd_prod_sku (sku_id, site_id, prod_id, opt_item_id_1, opt_item_id_2, sku_code, add_price, prod_opt_stock, use_yn, reg_by, reg_date) VALUES ('SK000661', 'SITE000001', 'PD000038', 'OI000313', 'OI000318', '38-그린-XL', 0, 20, 'Y', 'SYSTEM', '2026-04-20 00:00:00') ON CONFLICT DO NOTHING;
INSERT INTO shopjoy_2604.pd_prod_sku (sku_id, site_id, prod_id, opt_item_id_1, opt_item_id_2, sku_code, add_price, prod_opt_stock, use_yn, reg_by, reg_date) VALUES ('SK000662', 'SITE000001', 'PD000039', 'OI000319', 'OI000322', '39-화이-S', 0, 20, 'Y', 'SYSTEM', '2026-04-20 00:00:00') ON CONFLICT DO NOTHING;
INSERT INTO shopjoy_2604.pd_prod_sku (sku_id, site_id, prod_id, opt_item_id_1, opt_item_id_2, sku_code, add_price, prod_opt_stock, use_yn, reg_by, reg_date) VALUES ('SK000663', 'SITE000001', 'PD000039', 'OI000319', 'OI000323', '39-화이-M', 0, 20, 'Y', 'SYSTEM', '2026-04-20 00:00:00') ON CONFLICT DO NOTHING;
INSERT INTO shopjoy_2604.pd_prod_sku (sku_id, site_id, prod_id, opt_item_id_1, opt_item_id_2, sku_code, add_price, prod_opt_stock, use_yn, reg_by, reg_date) VALUES ('SK000664', 'SITE000001', 'PD000039', 'OI000319', 'OI000324', '39-화이-L', 0, 20, 'Y', 'SYSTEM', '2026-04-20 00:00:00') ON CONFLICT DO NOTHING;
INSERT INTO shopjoy_2604.pd_prod_sku (sku_id, site_id, prod_id, opt_item_id_1, opt_item_id_2, sku_code, add_price, prod_opt_stock, use_yn, reg_by, reg_date) VALUES ('SK000665', 'SITE000001', 'PD000039', 'OI000319', 'OI000325', '39-화이-XL', 0, 20, 'Y', 'SYSTEM', '2026-04-20 00:00:00') ON CONFLICT DO NOTHING;
INSERT INTO shopjoy_2604.pd_prod_sku (sku_id, site_id, prod_id, opt_item_id_1, opt_item_id_2, sku_code, add_price, prod_opt_stock, use_yn, reg_by, reg_date) VALUES ('SK000666', 'SITE000001', 'PD000039', 'OI000320', 'OI000322', '39-크림-S', 0, 20, 'Y', 'SYSTEM', '2026-04-20 00:00:00') ON CONFLICT DO NOTHING;
INSERT INTO shopjoy_2604.pd_prod_sku (sku_id, site_id, prod_id, opt_item_id_1, opt_item_id_2, sku_code, add_price, prod_opt_stock, use_yn, reg_by, reg_date) VALUES ('SK000667', 'SITE000001', 'PD000039', 'OI000320', 'OI000323', '39-크림-M', 0, 20, 'Y', 'SYSTEM', '2026-04-20 00:00:00') ON CONFLICT DO NOTHING;
INSERT INTO shopjoy_2604.pd_prod_sku (sku_id, site_id, prod_id, opt_item_id_1, opt_item_id_2, sku_code, add_price, prod_opt_stock, use_yn, reg_by, reg_date) VALUES ('SK000668', 'SITE000001', 'PD000039', 'OI000320', 'OI000324', '39-크림-L', 0, 20, 'Y', 'SYSTEM', '2026-04-20 00:00:00') ON CONFLICT DO NOTHING;
INSERT INTO shopjoy_2604.pd_prod_sku (sku_id, site_id, prod_id, opt_item_id_1, opt_item_id_2, sku_code, add_price, prod_opt_stock, use_yn, reg_by, reg_date) VALUES ('SK000669', 'SITE000001', 'PD000039', 'OI000320', 'OI000325', '39-크림-XL', 0, 20, 'Y', 'SYSTEM', '2026-04-20 00:00:00') ON CONFLICT DO NOTHING;
INSERT INTO shopjoy_2604.pd_prod_sku (sku_id, site_id, prod_id, opt_item_id_1, opt_item_id_2, sku_code, add_price, prod_opt_stock, use_yn, reg_by, reg_date) VALUES ('SK000670', 'SITE000001', 'PD000039', 'OI000321', 'OI000322', '39-핑크-S', 0, 20, 'Y', 'SYSTEM', '2026-04-20 00:00:00') ON CONFLICT DO NOTHING;
INSERT INTO shopjoy_2604.pd_prod_sku (sku_id, site_id, prod_id, opt_item_id_1, opt_item_id_2, sku_code, add_price, prod_opt_stock, use_yn, reg_by, reg_date) VALUES ('SK000671', 'SITE000001', 'PD000039', 'OI000321', 'OI000323', '39-핑크-M', 0, 20, 'Y', 'SYSTEM', '2026-04-20 00:00:00') ON CONFLICT DO NOTHING;
INSERT INTO shopjoy_2604.pd_prod_sku (sku_id, site_id, prod_id, opt_item_id_1, opt_item_id_2, sku_code, add_price, prod_opt_stock, use_yn, reg_by, reg_date) VALUES ('SK000672', 'SITE000001', 'PD000039', 'OI000321', 'OI000324', '39-핑크-L', 0, 20, 'Y', 'SYSTEM', '2026-04-20 00:00:00') ON CONFLICT DO NOTHING;
INSERT INTO shopjoy_2604.pd_prod_sku (sku_id, site_id, prod_id, opt_item_id_1, opt_item_id_2, sku_code, add_price, prod_opt_stock, use_yn, reg_by, reg_date) VALUES ('SK000673', 'SITE000001', 'PD000039', 'OI000321', 'OI000325', '39-핑크-XL', 0, 20, 'Y', 'SYSTEM', '2026-04-20 00:00:00') ON CONFLICT DO NOTHING;
INSERT INTO shopjoy_2604.pd_prod_sku (sku_id, site_id, prod_id, opt_item_id_1, opt_item_id_2, sku_code, add_price, prod_opt_stock, use_yn, reg_by, reg_date) VALUES ('SK000674', 'SITE000001', 'PD000040', 'OI000326', 'OI000329', '40-블랙-XS', 0, 20, 'Y', 'SYSTEM', '2026-04-20 00:00:00') ON CONFLICT DO NOTHING;
INSERT INTO shopjoy_2604.pd_prod_sku (sku_id, site_id, prod_id, opt_item_id_1, opt_item_id_2, sku_code, add_price, prod_opt_stock, use_yn, reg_by, reg_date) VALUES ('SK000675', 'SITE000001', 'PD000040', 'OI000326', 'OI000330', '40-블랙-S', 0, 20, 'Y', 'SYSTEM', '2026-04-20 00:00:00') ON CONFLICT DO NOTHING;
INSERT INTO shopjoy_2604.pd_prod_sku (sku_id, site_id, prod_id, opt_item_id_1, opt_item_id_2, sku_code, add_price, prod_opt_stock, use_yn, reg_by, reg_date) VALUES ('SK000676', 'SITE000001', 'PD000040', 'OI000326', 'OI000331', '40-블랙-M', 0, 20, 'Y', 'SYSTEM', '2026-04-20 00:00:00') ON CONFLICT DO NOTHING;
INSERT INTO shopjoy_2604.pd_prod_sku (sku_id, site_id, prod_id, opt_item_id_1, opt_item_id_2, sku_code, add_price, prod_opt_stock, use_yn, reg_by, reg_date) VALUES ('SK000677', 'SITE000001', 'PD000040', 'OI000326', 'OI000332', '40-블랙-L', 0, 20, 'Y', 'SYSTEM', '2026-04-20 00:00:00') ON CONFLICT DO NOTHING;
INSERT INTO shopjoy_2604.pd_prod_sku (sku_id, site_id, prod_id, opt_item_id_1, opt_item_id_2, sku_code, add_price, prod_opt_stock, use_yn, reg_by, reg_date) VALUES ('SK000678', 'SITE000001', 'PD000040', 'OI000327', 'OI000329', '40-베이-XS', 0, 20, 'Y', 'SYSTEM', '2026-04-20 00:00:00') ON CONFLICT DO NOTHING;
INSERT INTO shopjoy_2604.pd_prod_sku (sku_id, site_id, prod_id, opt_item_id_1, opt_item_id_2, sku_code, add_price, prod_opt_stock, use_yn, reg_by, reg_date) VALUES ('SK000679', 'SITE000001', 'PD000040', 'OI000327', 'OI000330', '40-베이-S', 0, 20, 'Y', 'SYSTEM', '2026-04-20 00:00:00') ON CONFLICT DO NOTHING;
INSERT INTO shopjoy_2604.pd_prod_sku (sku_id, site_id, prod_id, opt_item_id_1, opt_item_id_2, sku_code, add_price, prod_opt_stock, use_yn, reg_by, reg_date) VALUES ('SK000680', 'SITE000001', 'PD000040', 'OI000327', 'OI000331', '40-베이-M', 0, 20, 'Y', 'SYSTEM', '2026-04-20 00:00:00') ON CONFLICT DO NOTHING;
INSERT INTO shopjoy_2604.pd_prod_sku (sku_id, site_id, prod_id, opt_item_id_1, opt_item_id_2, sku_code, add_price, prod_opt_stock, use_yn, reg_by, reg_date) VALUES ('SK000681', 'SITE000001', 'PD000040', 'OI000327', 'OI000332', '40-베이-L', 0, 20, 'Y', 'SYSTEM', '2026-04-20 00:00:00') ON CONFLICT DO NOTHING;
INSERT INTO shopjoy_2604.pd_prod_sku (sku_id, site_id, prod_id, opt_item_id_1, opt_item_id_2, sku_code, add_price, prod_opt_stock, use_yn, reg_by, reg_date) VALUES ('SK000682', 'SITE000001', 'PD000040', 'OI000328', 'OI000329', '40-와인-XS', 0, 20, 'Y', 'SYSTEM', '2026-04-20 00:00:00') ON CONFLICT DO NOTHING;
INSERT INTO shopjoy_2604.pd_prod_sku (sku_id, site_id, prod_id, opt_item_id_1, opt_item_id_2, sku_code, add_price, prod_opt_stock, use_yn, reg_by, reg_date) VALUES ('SK000683', 'SITE000001', 'PD000040', 'OI000328', 'OI000330', '40-와인-S', 0, 20, 'Y', 'SYSTEM', '2026-04-20 00:00:00') ON CONFLICT DO NOTHING;
INSERT INTO shopjoy_2604.pd_prod_sku (sku_id, site_id, prod_id, opt_item_id_1, opt_item_id_2, sku_code, add_price, prod_opt_stock, use_yn, reg_by, reg_date) VALUES ('SK000684', 'SITE000001', 'PD000040', 'OI000328', 'OI000331', '40-와인-M', 0, 20, 'Y', 'SYSTEM', '2026-04-20 00:00:00') ON CONFLICT DO NOTHING;
INSERT INTO shopjoy_2604.pd_prod_sku (sku_id, site_id, prod_id, opt_item_id_1, opt_item_id_2, sku_code, add_price, prod_opt_stock, use_yn, reg_by, reg_date) VALUES ('SK000685', 'SITE000001', 'PD000040', 'OI000328', 'OI000332', '40-와인-L', 0, 20, 'Y', 'SYSTEM', '2026-04-20 00:00:00') ON CONFLICT DO NOTHING;
INSERT INTO shopjoy_2604.pd_prod_sku (sku_id, site_id, prod_id, opt_item_id_1, opt_item_id_2, sku_code, add_price, prod_opt_stock, use_yn, reg_by, reg_date) VALUES ('SK000686', 'SITE000001', 'PD000041', 'OI000333', 'OI000337', '41-블랙-FREE', 0, 20, 'Y', 'SYSTEM', '2026-04-20 00:00:00') ON CONFLICT DO NOTHING;
INSERT INTO shopjoy_2604.pd_prod_sku (sku_id, site_id, prod_id, opt_item_id_1, opt_item_id_2, sku_code, add_price, prod_opt_stock, use_yn, reg_by, reg_date) VALUES ('SK000687', 'SITE000001', 'PD000041', 'OI000334', 'OI000337', '41-베이-FREE', 0, 20, 'Y', 'SYSTEM', '2026-04-20 00:00:00') ON CONFLICT DO NOTHING;
INSERT INTO shopjoy_2604.pd_prod_sku (sku_id, site_id, prod_id, opt_item_id_1, opt_item_id_2, sku_code, add_price, prod_opt_stock, use_yn, reg_by, reg_date) VALUES ('SK000688', 'SITE000001', 'PD000041', 'OI000335', 'OI000337', '41-화이-FREE', 0, 20, 'Y', 'SYSTEM', '2026-04-20 00:00:00') ON CONFLICT DO NOTHING;
INSERT INTO shopjoy_2604.pd_prod_sku (sku_id, site_id, prod_id, opt_item_id_1, opt_item_id_2, sku_code, add_price, prod_opt_stock, use_yn, reg_by, reg_date) VALUES ('SK000689', 'SITE000001', 'PD000041', 'OI000336', 'OI000337', '41-네이-FREE', 0, 20, 'Y', 'SYSTEM', '2026-04-20 00:00:00') ON CONFLICT DO NOTHING;
INSERT INTO shopjoy_2604.pd_prod_sku (sku_id, site_id, prod_id, opt_item_id_1, opt_item_id_2, sku_code, add_price, prod_opt_stock, use_yn, reg_by, reg_date) VALUES ('SK000690', 'SITE000001', 'PD000042', 'OI000338', 'OI000342', '42-블랙-FREE', 0, 20, 'Y', 'SYSTEM', '2026-04-20 00:00:00') ON CONFLICT DO NOTHING;
INSERT INTO shopjoy_2604.pd_prod_sku (sku_id, site_id, prod_id, opt_item_id_1, opt_item_id_2, sku_code, add_price, prod_opt_stock, use_yn, reg_by, reg_date) VALUES ('SK000691', 'SITE000001', 'PD000042', 'OI000339', 'OI000342', '42-베이-FREE', 0, 20, 'Y', 'SYSTEM', '2026-04-20 00:00:00') ON CONFLICT DO NOTHING;
INSERT INTO shopjoy_2604.pd_prod_sku (sku_id, site_id, prod_id, opt_item_id_1, opt_item_id_2, sku_code, add_price, prod_opt_stock, use_yn, reg_by, reg_date) VALUES ('SK000692', 'SITE000001', 'PD000042', 'OI000340', 'OI000342', '42-카키-FREE', 0, 20, 'Y', 'SYSTEM', '2026-04-20 00:00:00') ON CONFLICT DO NOTHING;
INSERT INTO shopjoy_2604.pd_prod_sku (sku_id, site_id, prod_id, opt_item_id_1, opt_item_id_2, sku_code, add_price, prod_opt_stock, use_yn, reg_by, reg_date) VALUES ('SK000693', 'SITE000001', 'PD000042', 'OI000341', 'OI000342', '42-화이-FREE', 0, 20, 'Y', 'SYSTEM', '2026-04-20 00:00:00') ON CONFLICT DO NOTHING;
INSERT INTO shopjoy_2604.pd_prod_sku (sku_id, site_id, prod_id, opt_item_id_1, opt_item_id_2, sku_code, add_price, prod_opt_stock, use_yn, reg_by, reg_date) VALUES ('SK000694', 'SITE000001', 'PD000043', 'OI000343', 'OI000348', '43-그레-FREE', 0, 20, 'Y', 'SYSTEM', '2026-04-20 00:00:00') ON CONFLICT DO NOTHING;
INSERT INTO shopjoy_2604.pd_prod_sku (sku_id, site_id, prod_id, opt_item_id_1, opt_item_id_2, sku_code, add_price, prod_opt_stock, use_yn, reg_by, reg_date) VALUES ('SK000695', 'SITE000001', 'PD000043', 'OI000344', 'OI000348', '43-네이-FREE', 0, 20, 'Y', 'SYSTEM', '2026-04-20 00:00:00') ON CONFLICT DO NOTHING;
INSERT INTO shopjoy_2604.pd_prod_sku (sku_id, site_id, prod_id, opt_item_id_1, opt_item_id_2, sku_code, add_price, prod_opt_stock, use_yn, reg_by, reg_date) VALUES ('SK000696', 'SITE000001', 'PD000043', 'OI000345', 'OI000348', '43-버건-FREE', 0, 20, 'Y', 'SYSTEM', '2026-04-20 00:00:00') ON CONFLICT DO NOTHING;
INSERT INTO shopjoy_2604.pd_prod_sku (sku_id, site_id, prod_id, opt_item_id_1, opt_item_id_2, sku_code, add_price, prod_opt_stock, use_yn, reg_by, reg_date) VALUES ('SK000697', 'SITE000001', 'PD000043', 'OI000346', 'OI000348', '43-아이-FREE', 0, 20, 'Y', 'SYSTEM', '2026-04-20 00:00:00') ON CONFLICT DO NOTHING;
INSERT INTO shopjoy_2604.pd_prod_sku (sku_id, site_id, prod_id, opt_item_id_1, opt_item_id_2, sku_code, add_price, prod_opt_stock, use_yn, reg_by, reg_date) VALUES ('SK000698', 'SITE000001', 'PD000043', 'OI000347', 'OI000348', '43-블랙-FREE', 0, 20, 'Y', 'SYSTEM', '2026-04-20 00:00:00') ON CONFLICT DO NOTHING;
INSERT INTO shopjoy_2604.pd_prod_sku (sku_id, site_id, prod_id, opt_item_id_1, opt_item_id_2, sku_code, add_price, prod_opt_stock, use_yn, reg_by, reg_date) VALUES ('SK000699', 'SITE000001', 'PD000044', 'OI000349', 'OI000352', '44-블랙-S', 0, 20, 'Y', 'SYSTEM', '2026-04-20 00:00:00') ON CONFLICT DO NOTHING;
INSERT INTO shopjoy_2604.pd_prod_sku (sku_id, site_id, prod_id, opt_item_id_1, opt_item_id_2, sku_code, add_price, prod_opt_stock, use_yn, reg_by, reg_date) VALUES ('SK000700', 'SITE000001', 'PD000044', 'OI000349', 'OI000353', '44-블랙-M', 0, 20, 'Y', 'SYSTEM', '2026-04-20 00:00:00') ON CONFLICT DO NOTHING;
INSERT INTO shopjoy_2604.pd_prod_sku (sku_id, site_id, prod_id, opt_item_id_1, opt_item_id_2, sku_code, add_price, prod_opt_stock, use_yn, reg_by, reg_date) VALUES ('SK000701', 'SITE000001', 'PD000044', 'OI000349', 'OI000354', '44-블랙-L', 0, 20, 'Y', 'SYSTEM', '2026-04-20 00:00:00') ON CONFLICT DO NOTHING;
INSERT INTO shopjoy_2604.pd_prod_sku (sku_id, site_id, prod_id, opt_item_id_1, opt_item_id_2, sku_code, add_price, prod_opt_stock, use_yn, reg_by, reg_date) VALUES ('SK000702', 'SITE000001', 'PD000044', 'OI000350', 'OI000352', '44-브라-S', 0, 20, 'Y', 'SYSTEM', '2026-04-20 00:00:00') ON CONFLICT DO NOTHING;
INSERT INTO shopjoy_2604.pd_prod_sku (sku_id, site_id, prod_id, opt_item_id_1, opt_item_id_2, sku_code, add_price, prod_opt_stock, use_yn, reg_by, reg_date) VALUES ('SK000703', 'SITE000001', 'PD000044', 'OI000350', 'OI000353', '44-브라-M', 0, 20, 'Y', 'SYSTEM', '2026-04-20 00:00:00') ON CONFLICT DO NOTHING;
INSERT INTO shopjoy_2604.pd_prod_sku (sku_id, site_id, prod_id, opt_item_id_1, opt_item_id_2, sku_code, add_price, prod_opt_stock, use_yn, reg_by, reg_date) VALUES ('SK000704', 'SITE000001', 'PD000044', 'OI000350', 'OI000354', '44-브라-L', 0, 20, 'Y', 'SYSTEM', '2026-04-20 00:00:00') ON CONFLICT DO NOTHING;
INSERT INTO shopjoy_2604.pd_prod_sku (sku_id, site_id, prod_id, opt_item_id_1, opt_item_id_2, sku_code, add_price, prod_opt_stock, use_yn, reg_by, reg_date) VALUES ('SK000705', 'SITE000001', 'PD000044', 'OI000351', 'OI000352', '44-카멜-S', 0, 20, 'Y', 'SYSTEM', '2026-04-20 00:00:00') ON CONFLICT DO NOTHING;
INSERT INTO shopjoy_2604.pd_prod_sku (sku_id, site_id, prod_id, opt_item_id_1, opt_item_id_2, sku_code, add_price, prod_opt_stock, use_yn, reg_by, reg_date) VALUES ('SK000706', 'SITE000001', 'PD000044', 'OI000351', 'OI000353', '44-카멜-M', 0, 20, 'Y', 'SYSTEM', '2026-04-20 00:00:00') ON CONFLICT DO NOTHING;
INSERT INTO shopjoy_2604.pd_prod_sku (sku_id, site_id, prod_id, opt_item_id_1, opt_item_id_2, sku_code, add_price, prod_opt_stock, use_yn, reg_by, reg_date) VALUES ('SK000707', 'SITE000001', 'PD000044', 'OI000351', 'OI000354', '44-카멜-L', 0, 20, 'Y', 'SYSTEM', '2026-04-20 00:00:00') ON CONFLICT DO NOTHING;
INSERT INTO shopjoy_2604.pd_prod_sku (sku_id, site_id, prod_id, opt_item_id_1, opt_item_id_2, sku_code, add_price, prod_opt_stock, use_yn, reg_by, reg_date) VALUES ('SK000708', 'SITE000001', 'PD000045', 'OI000355', 'OI000359', '45-블랙-FREE', 0, 20, 'Y', 'SYSTEM', '2026-04-20 00:00:00') ON CONFLICT DO NOTHING;
INSERT INTO shopjoy_2604.pd_prod_sku (sku_id, site_id, prod_id, opt_item_id_1, opt_item_id_2, sku_code, add_price, prod_opt_stock, use_yn, reg_by, reg_date) VALUES ('SK000709', 'SITE000001', 'PD000045', 'OI000356', 'OI000359', '45-화이-FREE', 0, 20, 'Y', 'SYSTEM', '2026-04-20 00:00:00') ON CONFLICT DO NOTHING;
INSERT INTO shopjoy_2604.pd_prod_sku (sku_id, site_id, prod_id, opt_item_id_1, opt_item_id_2, sku_code, add_price, prod_opt_stock, use_yn, reg_by, reg_date) VALUES ('SK000710', 'SITE000001', 'PD000045', 'OI000357', 'OI000359', '45-네이-FREE', 0, 20, 'Y', 'SYSTEM', '2026-04-20 00:00:00') ON CONFLICT DO NOTHING;
INSERT INTO shopjoy_2604.pd_prod_sku (sku_id, site_id, prod_id, opt_item_id_1, opt_item_id_2, sku_code, add_price, prod_opt_stock, use_yn, reg_by, reg_date) VALUES ('SK000711', 'SITE000001', 'PD000045', 'OI000358', 'OI000359', '45-카키-FREE', 0, 20, 'Y', 'SYSTEM', '2026-04-20 00:00:00') ON CONFLICT DO NOTHING;
INSERT INTO shopjoy_2604.pd_prod_sku (sku_id, site_id, prod_id, opt_item_id_1, opt_item_id_2, sku_code, add_price, prod_opt_stock, use_yn, reg_by, reg_date) VALUES ('SK000712', 'SITE000001', 'PD000046', 'OI000360', 'OI000364', '46-블랙-FREE', 0, 20, 'Y', 'SYSTEM', '2026-04-20 00:00:00') ON CONFLICT DO NOTHING;
INSERT INTO shopjoy_2604.pd_prod_sku (sku_id, site_id, prod_id, opt_item_id_1, opt_item_id_2, sku_code, add_price, prod_opt_stock, use_yn, reg_by, reg_date) VALUES ('SK000713', 'SITE000001', 'PD000046', 'OI000361', 'OI000364', '46-브라-FREE', 0, 20, 'Y', 'SYSTEM', '2026-04-20 00:00:00') ON CONFLICT DO NOTHING;
INSERT INTO shopjoy_2604.pd_prod_sku (sku_id, site_id, prod_id, opt_item_id_1, opt_item_id_2, sku_code, add_price, prod_opt_stock, use_yn, reg_by, reg_date) VALUES ('SK000714', 'SITE000001', 'PD000046', 'OI000362', 'OI000364', '46-골드-FREE', 0, 20, 'Y', 'SYSTEM', '2026-04-20 00:00:00') ON CONFLICT DO NOTHING;
INSERT INTO shopjoy_2604.pd_prod_sku (sku_id, site_id, prod_id, opt_item_id_1, opt_item_id_2, sku_code, add_price, prod_opt_stock, use_yn, reg_by, reg_date) VALUES ('SK000715', 'SITE000001', 'PD000046', 'OI000363', 'OI000364', '46-실버-FREE', 0, 20, 'Y', 'SYSTEM', '2026-04-20 00:00:00') ON CONFLICT DO NOTHING;
INSERT INTO shopjoy_2604.pd_prod_sku (sku_id, site_id, prod_id, opt_item_id_1, opt_item_id_2, sku_code, add_price, prod_opt_stock, use_yn, reg_by, reg_date) VALUES ('SK000716', 'SITE000001', 'PD000047', 'OI000365', 'OI000369', '47-블랙-FREE', 0, 20, 'Y', 'SYSTEM', '2026-04-20 00:00:00') ON CONFLICT DO NOTHING;
INSERT INTO shopjoy_2604.pd_prod_sku (sku_id, site_id, prod_id, opt_item_id_1, opt_item_id_2, sku_code, add_price, prod_opt_stock, use_yn, reg_by, reg_date) VALUES ('SK000717', 'SITE000001', 'PD000047', 'OI000366', 'OI000369', '47-브라-FREE', 0, 20, 'Y', 'SYSTEM', '2026-04-20 00:00:00') ON CONFLICT DO NOTHING;
INSERT INTO shopjoy_2604.pd_prod_sku (sku_id, site_id, prod_id, opt_item_id_1, opt_item_id_2, sku_code, add_price, prod_opt_stock, use_yn, reg_by, reg_date) VALUES ('SK000718', 'SITE000001', 'PD000047', 'OI000367', 'OI000369', '47-화이-FREE', 0, 20, 'Y', 'SYSTEM', '2026-04-20 00:00:00') ON CONFLICT DO NOTHING;
INSERT INTO shopjoy_2604.pd_prod_sku (sku_id, site_id, prod_id, opt_item_id_1, opt_item_id_2, sku_code, add_price, prod_opt_stock, use_yn, reg_by, reg_date) VALUES ('SK000719', 'SITE000001', 'PD000047', 'OI000368', 'OI000369', '47-베이-FREE', 0, 20, 'Y', 'SYSTEM', '2026-04-20 00:00:00') ON CONFLICT DO NOTHING;
INSERT INTO shopjoy_2604.pd_prod_sku (sku_id, site_id, prod_id, opt_item_id_1, opt_item_id_2, sku_code, add_price, prod_opt_stock, use_yn, reg_by, reg_date) VALUES ('SK000720', 'SITE000001', 'PD000048', 'OI000370', 'OI000375', '48-블랙-FREE', 0, 20, 'Y', 'SYSTEM', '2026-04-20 00:00:00') ON CONFLICT DO NOTHING;
INSERT INTO shopjoy_2604.pd_prod_sku (sku_id, site_id, prod_id, opt_item_id_1, opt_item_id_2, sku_code, add_price, prod_opt_stock, use_yn, reg_by, reg_date) VALUES ('SK000721', 'SITE000001', 'PD000048', 'OI000371', 'OI000375', '48-그레-FREE', 0, 20, 'Y', 'SYSTEM', '2026-04-20 00:00:00') ON CONFLICT DO NOTHING;
INSERT INTO shopjoy_2604.pd_prod_sku (sku_id, site_id, prod_id, opt_item_id_1, opt_item_id_2, sku_code, add_price, prod_opt_stock, use_yn, reg_by, reg_date) VALUES ('SK000722', 'SITE000001', 'PD000048', 'OI000372', 'OI000375', '48-네이-FREE', 0, 20, 'Y', 'SYSTEM', '2026-04-20 00:00:00') ON CONFLICT DO NOTHING;
INSERT INTO shopjoy_2604.pd_prod_sku (sku_id, site_id, prod_id, opt_item_id_1, opt_item_id_2, sku_code, add_price, prod_opt_stock, use_yn, reg_by, reg_date) VALUES ('SK000723', 'SITE000001', 'PD000048', 'OI000373', 'OI000375', '48-버건-FREE', 0, 20, 'Y', 'SYSTEM', '2026-04-20 00:00:00') ON CONFLICT DO NOTHING;
INSERT INTO shopjoy_2604.pd_prod_sku (sku_id, site_id, prod_id, opt_item_id_1, opt_item_id_2, sku_code, add_price, prod_opt_stock, use_yn, reg_by, reg_date) VALUES ('SK000724', 'SITE000001', 'PD000048', 'OI000374', 'OI000375', '48-아이-FREE', 0, 20, 'Y', 'SYSTEM', '2026-04-20 00:00:00') ON CONFLICT DO NOTHING;
INSERT INTO shopjoy_2604.pd_prod_sku (sku_id, site_id, prod_id, opt_item_id_1, opt_item_id_2, sku_code, add_price, prod_opt_stock, use_yn, reg_by, reg_date) VALUES ('SK000725', 'SITE000001', 'PD000049', 'OI000376', 'OI000379', '49-블랙-FREE', 0, 20, 'Y', 'SYSTEM', '2026-04-20 00:00:00') ON CONFLICT DO NOTHING;
INSERT INTO shopjoy_2604.pd_prod_sku (sku_id, site_id, prod_id, opt_item_id_1, opt_item_id_2, sku_code, add_price, prod_opt_stock, use_yn, reg_by, reg_date) VALUES ('SK000726', 'SITE000001', 'PD000049', 'OI000377', 'OI000379', '49-베이-FREE', 0, 20, 'Y', 'SYSTEM', '2026-04-20 00:00:00') ON CONFLICT DO NOTHING;
INSERT INTO shopjoy_2604.pd_prod_sku (sku_id, site_id, prod_id, opt_item_id_1, opt_item_id_2, sku_code, add_price, prod_opt_stock, use_yn, reg_by, reg_date) VALUES ('SK000727', 'SITE000001', 'PD000049', 'OI000378', 'OI000379', '49-카키-FREE', 0, 20, 'Y', 'SYSTEM', '2026-04-20 00:00:00') ON CONFLICT DO NOTHING;
INSERT INTO shopjoy_2604.pd_prod_sku (sku_id, site_id, prod_id, opt_item_id_1, opt_item_id_2, sku_code, add_price, prod_opt_stock, use_yn, reg_by, reg_date) VALUES ('SK000728', 'SITE000001', 'PD000050', 'OI000380', 'OI000383', '50-블랙-S', 0, 20, 'Y', 'SYSTEM', '2026-04-20 00:00:00') ON CONFLICT DO NOTHING;
INSERT INTO shopjoy_2604.pd_prod_sku (sku_id, site_id, prod_id, opt_item_id_1, opt_item_id_2, sku_code, add_price, prod_opt_stock, use_yn, reg_by, reg_date) VALUES ('SK000729', 'SITE000001', 'PD000050', 'OI000380', 'OI000384', '50-블랙-M', 0, 20, 'Y', 'SYSTEM', '2026-04-20 00:00:00') ON CONFLICT DO NOTHING;
INSERT INTO shopjoy_2604.pd_prod_sku (sku_id, site_id, prod_id, opt_item_id_1, opt_item_id_2, sku_code, add_price, prod_opt_stock, use_yn, reg_by, reg_date) VALUES ('SK000730', 'SITE000001', 'PD000050', 'OI000380', 'OI000385', '50-블랙-L', 0, 20, 'Y', 'SYSTEM', '2026-04-20 00:00:00') ON CONFLICT DO NOTHING;
INSERT INTO shopjoy_2604.pd_prod_sku (sku_id, site_id, prod_id, opt_item_id_1, opt_item_id_2, sku_code, add_price, prod_opt_stock, use_yn, reg_by, reg_date) VALUES ('SK000731', 'SITE000001', 'PD000050', 'OI000381', 'OI000383', '50-브라-S', 0, 20, 'Y', 'SYSTEM', '2026-04-20 00:00:00') ON CONFLICT DO NOTHING;
INSERT INTO shopjoy_2604.pd_prod_sku (sku_id, site_id, prod_id, opt_item_id_1, opt_item_id_2, sku_code, add_price, prod_opt_stock, use_yn, reg_by, reg_date) VALUES ('SK000732', 'SITE000001', 'PD000050', 'OI000381', 'OI000384', '50-브라-M', 0, 20, 'Y', 'SYSTEM', '2026-04-20 00:00:00') ON CONFLICT DO NOTHING;
INSERT INTO shopjoy_2604.pd_prod_sku (sku_id, site_id, prod_id, opt_item_id_1, opt_item_id_2, sku_code, add_price, prod_opt_stock, use_yn, reg_by, reg_date) VALUES ('SK000733', 'SITE000001', 'PD000050', 'OI000381', 'OI000385', '50-브라-L', 0, 20, 'Y', 'SYSTEM', '2026-04-20 00:00:00') ON CONFLICT DO NOTHING;
INSERT INTO shopjoy_2604.pd_prod_sku (sku_id, site_id, prod_id, opt_item_id_1, opt_item_id_2, sku_code, add_price, prod_opt_stock, use_yn, reg_by, reg_date) VALUES ('SK000734', 'SITE000001', 'PD000050', 'OI000382', 'OI000383', '50-네이-S', 0, 20, 'Y', 'SYSTEM', '2026-04-20 00:00:00') ON CONFLICT DO NOTHING;
INSERT INTO shopjoy_2604.pd_prod_sku (sku_id, site_id, prod_id, opt_item_id_1, opt_item_id_2, sku_code, add_price, prod_opt_stock, use_yn, reg_by, reg_date) VALUES ('SK000735', 'SITE000001', 'PD000050', 'OI000382', 'OI000384', '50-네이-M', 0, 20, 'Y', 'SYSTEM', '2026-04-20 00:00:00') ON CONFLICT DO NOTHING;
INSERT INTO shopjoy_2604.pd_prod_sku (sku_id, site_id, prod_id, opt_item_id_1, opt_item_id_2, sku_code, add_price, prod_opt_stock, use_yn, reg_by, reg_date) VALUES ('SK000736', 'SITE000001', 'PD000050', 'OI000382', 'OI000385', '50-네이-L', 0, 20, 'Y', 'SYSTEM', '2026-04-20 00:00:00') ON CONFLICT DO NOTHING;

-- ================================================================
-- 10. pd_tag + pd_prod_tag — 상품 태그
-- ================================================================
INSERT INTO shopjoy_2604.pd_tag (tag_id, site_id, tag_nm, use_count, use_yn, reg_by, reg_date) VALUES ('TG000001', 'SITE000001', '코튼', 1, 'Y', 'SYSTEM', '2026-04-20 00:00:00') ON CONFLICT DO NOTHING;
INSERT INTO shopjoy_2604.pd_tag (tag_id, site_id, tag_nm, use_count, use_yn, reg_by, reg_date) VALUES ('TG000002', 'SITE000001', '오버핏', 1, 'Y', 'SYSTEM', '2026-04-20 00:00:00') ON CONFLICT DO NOTHING;
INSERT INTO shopjoy_2604.pd_tag (tag_id, site_id, tag_nm, use_count, use_yn, reg_by, reg_date) VALUES ('TG000003', 'SITE000001', '베이직', 1, 'Y', 'SYSTEM', '2026-04-20 00:00:00') ON CONFLICT DO NOTHING;
INSERT INTO shopjoy_2604.pd_tag (tag_id, site_id, tag_nm, use_count, use_yn, reg_by, reg_date) VALUES ('TG000004', 'SITE000001', '린넨', 1, 'Y', 'SYSTEM', '2026-04-20 00:00:00') ON CONFLICT DO NOTHING;
INSERT INTO shopjoy_2604.pd_tag (tag_id, site_id, tag_nm, use_count, use_yn, reg_by, reg_date) VALUES ('TG000005', 'SITE000001', '스트라이프', 1, 'Y', 'SYSTEM', '2026-04-20 00:00:00') ON CONFLICT DO NOTHING;
INSERT INTO shopjoy_2604.pd_tag (tag_id, site_id, tag_nm, use_count, use_yn, reg_by, reg_date) VALUES ('TG000006', 'SITE000001', '여름', 1, 'Y', 'SYSTEM', '2026-04-20 00:00:00') ON CONFLICT DO NOTHING;
INSERT INTO shopjoy_2604.pd_tag (tag_id, site_id, tag_nm, use_count, use_yn, reg_by, reg_date) VALUES ('TG000007', 'SITE000001', '니트', 1, 'Y', 'SYSTEM', '2026-04-20 00:00:00') ON CONFLICT DO NOTHING;
INSERT INTO shopjoy_2604.pd_tag (tag_id, site_id, tag_nm, use_count, use_yn, reg_by, reg_date) VALUES ('TG000008', 'SITE000001', '케이블', 1, 'Y', 'SYSTEM', '2026-04-20 00:00:00') ON CONFLICT DO NOTHING;
INSERT INTO shopjoy_2604.pd_tag (tag_id, site_id, tag_nm, use_count, use_yn, reg_by, reg_date) VALUES ('TG000009', 'SITE000001', '가을겨울', 1, 'Y', 'SYSTEM', '2026-04-20 00:00:00') ON CONFLICT DO NOTHING;
INSERT INTO shopjoy_2604.pd_tag (tag_id, site_id, tag_nm, use_count, use_yn, reg_by, reg_date) VALUES ('TG000010', 'SITE000001', '크롭', 1, 'Y', 'SYSTEM', '2026-04-20 00:00:00') ON CONFLICT DO NOTHING;
INSERT INTO shopjoy_2604.pd_tag (tag_id, site_id, tag_nm, use_count, use_yn, reg_by, reg_date) VALUES ('TG000011', 'SITE000001', '후디', 1, 'Y', 'SYSTEM', '2026-04-20 00:00:00') ON CONFLICT DO NOTHING;
INSERT INTO shopjoy_2604.pd_tag (tag_id, site_id, tag_nm, use_count, use_yn, reg_by, reg_date) VALUES ('TG000012', 'SITE000001', '캐주얼', 1, 'Y', 'SYSTEM', '2026-04-20 00:00:00') ON CONFLICT DO NOTHING;
INSERT INTO shopjoy_2604.pd_tag (tag_id, site_id, tag_nm, use_count, use_yn, reg_by, reg_date) VALUES ('TG000013', 'SITE000001', '플란넬', 1, 'Y', 'SYSTEM', '2026-04-20 00:00:00') ON CONFLICT DO NOTHING;
INSERT INTO shopjoy_2604.pd_tag (tag_id, site_id, tag_nm, use_count, use_yn, reg_by, reg_date) VALUES ('TG000014', 'SITE000001', '체크', 1, 'Y', 'SYSTEM', '2026-04-20 00:00:00') ON CONFLICT DO NOTHING;
INSERT INTO shopjoy_2604.pd_tag (tag_id, site_id, tag_nm, use_count, use_yn, reg_by, reg_date) VALUES ('TG000015', 'SITE000001', '레이어드', 1, 'Y', 'SYSTEM', '2026-04-20 00:00:00') ON CONFLICT DO NOTHING;
INSERT INTO shopjoy_2604.pd_tag (tag_id, site_id, tag_nm, use_count, use_yn, reg_by, reg_date) VALUES ('TG000016', 'SITE000001', '슬림핏', 1, 'Y', 'SYSTEM', '2026-04-20 00:00:00') ON CONFLICT DO NOTHING;
INSERT INTO shopjoy_2604.pd_tag (tag_id, site_id, tag_nm, use_count, use_yn, reg_by, reg_date) VALUES ('TG000017', 'SITE000001', 'V넥', 1, 'Y', 'SYSTEM', '2026-04-20 00:00:00') ON CONFLICT DO NOTHING;
INSERT INTO shopjoy_2604.pd_tag (tag_id, site_id, tag_nm, use_count, use_yn, reg_by, reg_date) VALUES ('TG000018', 'SITE000001', '오픈칼라', 1, 'Y', 'SYSTEM', '2026-04-20 00:00:00') ON CONFLICT DO NOTHING;
INSERT INTO shopjoy_2604.pd_tag (tag_id, site_id, tag_nm, use_count, use_yn, reg_by, reg_date) VALUES ('TG000019', 'SITE000001', '여름셔츠', 1, 'Y', 'SYSTEM', '2026-04-20 00:00:00') ON CONFLICT DO NOTHING;
INSERT INTO shopjoy_2604.pd_tag (tag_id, site_id, tag_nm, use_count, use_yn, reg_by, reg_date) VALUES ('TG000020', 'SITE000001', '트렌디', 1, 'Y', 'SYSTEM', '2026-04-20 00:00:00') ON CONFLICT DO NOTHING;
INSERT INTO shopjoy_2604.pd_tag (tag_id, site_id, tag_nm, use_count, use_yn, reg_by, reg_date) VALUES ('TG000021', 'SITE000001', '롱슬리브', 1, 'Y', 'SYSTEM', '2026-04-20 00:00:00') ON CONFLICT DO NOTHING;
INSERT INTO shopjoy_2604.pd_tag (tag_id, site_id, tag_nm, use_count, use_yn, reg_by, reg_date) VALUES ('TG000022', 'SITE000001', '후드', 1, 'Y', 'SYSTEM', '2026-04-20 00:00:00') ON CONFLICT DO NOTHING;
INSERT INTO shopjoy_2604.pd_tag (tag_id, site_id, tag_nm, use_count, use_yn, reg_by, reg_date) VALUES ('TG000023', 'SITE000001', '집업', 1, 'Y', 'SYSTEM', '2026-04-20 00:00:00') ON CONFLICT DO NOTHING;
INSERT INTO shopjoy_2604.pd_tag (tag_id, site_id, tag_nm, use_count, use_yn, reg_by, reg_date) VALUES ('TG000024', 'SITE000001', '오가닉', 1, 'Y', 'SYSTEM', '2026-04-20 00:00:00') ON CONFLICT DO NOTHING;
INSERT INTO shopjoy_2604.pd_tag (tag_id, site_id, tag_nm, use_count, use_yn, reg_by, reg_date) VALUES ('TG000025', 'SITE000001', '루즈핏', 1, 'Y', 'SYSTEM', '2026-04-20 00:00:00') ON CONFLICT DO NOTHING;
INSERT INTO shopjoy_2604.pd_tag (tag_id, site_id, tag_nm, use_count, use_yn, reg_by, reg_date) VALUES ('TG000026', 'SITE000001', '맨투맨', 1, 'Y', 'SYSTEM', '2026-04-20 00:00:00') ON CONFLICT DO NOTHING;
INSERT INTO shopjoy_2604.pd_tag (tag_id, site_id, tag_nm, use_count, use_yn, reg_by, reg_date) VALUES ('TG000027', 'SITE000001', '데님', 1, 'Y', 'SYSTEM', '2026-04-20 00:00:00') ON CONFLICT DO NOTHING;
INSERT INTO shopjoy_2604.pd_tag (tag_id, site_id, tag_nm, use_count, use_yn, reg_by, reg_date) VALUES ('TG000028', 'SITE000001', '스트레치', 1, 'Y', 'SYSTEM', '2026-04-20 00:00:00') ON CONFLICT DO NOTHING;
INSERT INTO shopjoy_2604.pd_tag (tag_id, site_id, tag_nm, use_count, use_yn, reg_by, reg_date) VALUES ('TG000029', 'SITE000001', '카고', 1, 'Y', 'SYSTEM', '2026-04-20 00:00:00') ON CONFLICT DO NOTHING;
INSERT INTO shopjoy_2604.pd_tag (tag_id, site_id, tag_nm, use_count, use_yn, reg_by, reg_date) VALUES ('TG000030', 'SITE000001', '와이드핏', 1, 'Y', 'SYSTEM', '2026-04-20 00:00:00') ON CONFLICT DO NOTHING;
INSERT INTO shopjoy_2604.pd_tag (tag_id, site_id, tag_nm, use_count, use_yn, reg_by, reg_date) VALUES ('TG000031', 'SITE000001', '와이드', 1, 'Y', 'SYSTEM', '2026-04-20 00:00:00') ON CONFLICT DO NOTHING;
INSERT INTO shopjoy_2604.pd_tag (tag_id, site_id, tag_nm, use_count, use_yn, reg_by, reg_date) VALUES ('TG000032', 'SITE000001', '슬랙스', 1, 'Y', 'SYSTEM', '2026-04-20 00:00:00') ON CONFLICT DO NOTHING;
INSERT INTO shopjoy_2604.pd_tag (tag_id, site_id, tag_nm, use_count, use_yn, reg_by, reg_date) VALUES ('TG000033', 'SITE000001', '조거', 1, 'Y', 'SYSTEM', '2026-04-20 00:00:00') ON CONFLICT DO NOTHING;
INSERT INTO shopjoy_2604.pd_tag (tag_id, site_id, tag_nm, use_count, use_yn, reg_by, reg_date) VALUES ('TG000034', 'SITE000001', '스웻', 1, 'Y', 'SYSTEM', '2026-04-20 00:00:00') ON CONFLICT DO NOTHING;
INSERT INTO shopjoy_2604.pd_tag (tag_id, site_id, tag_nm, use_count, use_yn, reg_by, reg_date) VALUES ('TG000035', 'SITE000001', '편안', 1, 'Y', 'SYSTEM', '2026-04-20 00:00:00') ON CONFLICT DO NOTHING;
INSERT INTO shopjoy_2604.pd_tag (tag_id, site_id, tag_nm, use_count, use_yn, reg_by, reg_date) VALUES ('TG000036', 'SITE000001', '하이웨이스트', 1, 'Y', 'SYSTEM', '2026-04-20 00:00:00') ON CONFLICT DO NOTHING;
INSERT INTO shopjoy_2604.pd_tag (tag_id, site_id, tag_nm, use_count, use_yn, reg_by, reg_date) VALUES ('TG000037', 'SITE000001', '숏팬츠', 1, 'Y', 'SYSTEM', '2026-04-20 00:00:00') ON CONFLICT DO NOTHING;
INSERT INTO shopjoy_2604.pd_tag (tag_id, site_id, tag_nm, use_count, use_yn, reg_by, reg_date) VALUES ('TG000038', 'SITE000001', '플리츠', 1, 'Y', 'SYSTEM', '2026-04-20 00:00:00') ON CONFLICT DO NOTHING;
INSERT INTO shopjoy_2604.pd_tag (tag_id, site_id, tag_nm, use_count, use_yn, reg_by, reg_date) VALUES ('TG000039', 'SITE000001', '미니', 1, 'Y', 'SYSTEM', '2026-04-20 00:00:00') ON CONFLICT DO NOTHING;
INSERT INTO shopjoy_2604.pd_tag (tag_id, site_id, tag_nm, use_count, use_yn, reg_by, reg_date) VALUES ('TG000040', 'SITE000001', '스커트', 1, 'Y', 'SYSTEM', '2026-04-20 00:00:00') ON CONFLICT DO NOTHING;
INSERT INTO shopjoy_2604.pd_tag (tag_id, site_id, tag_nm, use_count, use_yn, reg_by, reg_date) VALUES ('TG000041', 'SITE000001', '맥시', 1, 'Y', 'SYSTEM', '2026-04-20 00:00:00') ON CONFLICT DO NOTHING;
INSERT INTO shopjoy_2604.pd_tag (tag_id, site_id, tag_nm, use_count, use_yn, reg_by, reg_date) VALUES ('TG000042', 'SITE000001', '롱스커트', 1, 'Y', 'SYSTEM', '2026-04-20 00:00:00') ON CONFLICT DO NOTHING;
INSERT INTO shopjoy_2604.pd_tag (tag_id, site_id, tag_nm, use_count, use_yn, reg_by, reg_date) VALUES ('TG000043', 'SITE000001', '우아함', 1, 'Y', 'SYSTEM', '2026-04-20 00:00:00') ON CONFLICT DO NOTHING;
INSERT INTO shopjoy_2604.pd_tag (tag_id, site_id, tag_nm, use_count, use_yn, reg_by, reg_date) VALUES ('TG000044', 'SITE000001', '벨벳', 1, 'Y', 'SYSTEM', '2026-04-20 00:00:00') ON CONFLICT DO NOTHING;
INSERT INTO shopjoy_2604.pd_tag (tag_id, site_id, tag_nm, use_count, use_yn, reg_by, reg_date) VALUES ('TG000045', 'SITE000001', '럭셔리', 1, 'Y', 'SYSTEM', '2026-04-20 00:00:00') ON CONFLICT DO NOTHING;
INSERT INTO shopjoy_2604.pd_tag (tag_id, site_id, tag_nm, use_count, use_yn, reg_by, reg_date) VALUES ('TG000046', 'SITE000001', '스트레이트', 1, 'Y', 'SYSTEM', '2026-04-20 00:00:00') ON CONFLICT DO NOTHING;
INSERT INTO shopjoy_2604.pd_tag (tag_id, site_id, tag_nm, use_count, use_yn, reg_by, reg_date) VALUES ('TG000047', 'SITE000001', '오피스', 1, 'Y', 'SYSTEM', '2026-04-20 00:00:00') ON CONFLICT DO NOTHING;
INSERT INTO shopjoy_2604.pd_tag (tag_id, site_id, tag_nm, use_count, use_yn, reg_by, reg_date) VALUES ('TG000048', 'SITE000001', '울', 1, 'Y', 'SYSTEM', '2026-04-20 00:00:00') ON CONFLICT DO NOTHING;
INSERT INTO shopjoy_2604.pd_tag (tag_id, site_id, tag_nm, use_count, use_yn, reg_by, reg_date) VALUES ('TG000049', 'SITE000001', '롱코트', 1, 'Y', 'SYSTEM', '2026-04-20 00:00:00') ON CONFLICT DO NOTHING;
INSERT INTO shopjoy_2604.pd_tag (tag_id, site_id, tag_nm, use_count, use_yn, reg_by, reg_date) VALUES ('TG000050', 'SITE000001', '클래식', 1, 'Y', 'SYSTEM', '2026-04-20 00:00:00') ON CONFLICT DO NOTHING;
INSERT INTO shopjoy_2604.pd_tag (tag_id, site_id, tag_nm, use_count, use_yn, reg_by, reg_date) VALUES ('TG000051', 'SITE000001', '퀼티드', 1, 'Y', 'SYSTEM', '2026-04-20 00:00:00') ON CONFLICT DO NOTHING;
INSERT INTO shopjoy_2604.pd_tag (tag_id, site_id, tag_nm, use_count, use_yn, reg_by, reg_date) VALUES ('TG000052', 'SITE000001', '숏점퍼', 1, 'Y', 'SYSTEM', '2026-04-20 00:00:00') ON CONFLICT DO NOTHING;
INSERT INTO shopjoy_2604.pd_tag (tag_id, site_id, tag_nm, use_count, use_yn, reg_by, reg_date) VALUES ('TG000053', 'SITE000001', '보온', 1, 'Y', 'SYSTEM', '2026-04-20 00:00:00') ON CONFLICT DO NOTHING;
INSERT INTO shopjoy_2604.pd_tag (tag_id, site_id, tag_nm, use_count, use_yn, reg_by, reg_date) VALUES ('TG000054', 'SITE000001', '오버사이즈', 1, 'Y', 'SYSTEM', '2026-04-20 00:00:00') ON CONFLICT DO NOTHING;
INSERT INTO shopjoy_2604.pd_tag (tag_id, site_id, tag_nm, use_count, use_yn, reg_by, reg_date) VALUES ('TG000055', 'SITE000001', '스트리트', 1, 'Y', 'SYSTEM', '2026-04-20 00:00:00') ON CONFLICT DO NOTHING;
INSERT INTO shopjoy_2604.pd_tag (tag_id, site_id, tag_nm, use_count, use_yn, reg_by, reg_date) VALUES ('TG000056', 'SITE000001', '레더', 1, 'Y', 'SYSTEM', '2026-04-20 00:00:00') ON CONFLICT DO NOTHING;
INSERT INTO shopjoy_2604.pd_tag (tag_id, site_id, tag_nm, use_count, use_yn, reg_by, reg_date) VALUES ('TG000057', 'SITE000001', '라이더', 1, 'Y', 'SYSTEM', '2026-04-20 00:00:00') ON CONFLICT DO NOTHING;
INSERT INTO shopjoy_2604.pd_tag (tag_id, site_id, tag_nm, use_count, use_yn, reg_by, reg_date) VALUES ('TG000058', 'SITE000001', '블레이저', 1, 'Y', 'SYSTEM', '2026-04-20 00:00:00') ON CONFLICT DO NOTHING;
INSERT INTO shopjoy_2604.pd_tag (tag_id, site_id, tag_nm, use_count, use_yn, reg_by, reg_date) VALUES ('TG000059', 'SITE000001', 'MA-1', 1, 'Y', 'SYSTEM', '2026-04-20 00:00:00') ON CONFLICT DO NOTHING;
INSERT INTO shopjoy_2604.pd_tag (tag_id, site_id, tag_nm, use_count, use_yn, reg_by, reg_date) VALUES ('TG000060', 'SITE000001', '항공점퍼', 1, 'Y', 'SYSTEM', '2026-04-20 00:00:00') ON CONFLICT DO NOTHING;
INSERT INTO shopjoy_2604.pd_tag (tag_id, site_id, tag_nm, use_count, use_yn, reg_by, reg_date) VALUES ('TG000061', 'SITE000001', '더블브레스트', 1, 'Y', 'SYSTEM', '2026-04-20 00:00:00') ON CONFLICT DO NOTHING;
INSERT INTO shopjoy_2604.pd_tag (tag_id, site_id, tag_nm, use_count, use_yn, reg_by, reg_date) VALUES ('TG000062', 'SITE000001', '포멀', 1, 'Y', 'SYSTEM', '2026-04-20 00:00:00') ON CONFLICT DO NOTHING;
INSERT INTO shopjoy_2604.pd_tag (tag_id, site_id, tag_nm, use_count, use_yn, reg_by, reg_date) VALUES ('TG000063', 'SITE000001', '데님재킷', 1, 'Y', 'SYSTEM', '2026-04-20 00:00:00') ON CONFLICT DO NOTHING;
INSERT INTO shopjoy_2604.pd_tag (tag_id, site_id, tag_nm, use_count, use_yn, reg_by, reg_date) VALUES ('TG000064', 'SITE000001', '패딩조끼', 1, 'Y', 'SYSTEM', '2026-04-20 00:00:00') ON CONFLICT DO NOTHING;
INSERT INTO shopjoy_2604.pd_tag (tag_id, site_id, tag_nm, use_count, use_yn, reg_by, reg_date) VALUES ('TG000065', 'SITE000001', '경량', 1, 'Y', 'SYSTEM', '2026-04-20 00:00:00') ON CONFLICT DO NOTHING;
INSERT INTO shopjoy_2604.pd_tag (tag_id, site_id, tag_nm, use_count, use_yn, reg_by, reg_date) VALUES ('TG000066', 'SITE000001', '가디건', 1, 'Y', 'SYSTEM', '2026-04-20 00:00:00') ON CONFLICT DO NOTHING;
INSERT INTO shopjoy_2604.pd_tag (tag_id, site_id, tag_nm, use_count, use_yn, reg_by, reg_date) VALUES ('TG000067', 'SITE000001', '롱', 1, 'Y', 'SYSTEM', '2026-04-20 00:00:00') ON CONFLICT DO NOTHING;
INSERT INTO shopjoy_2604.pd_tag (tag_id, site_id, tag_nm, use_count, use_yn, reg_by, reg_date) VALUES ('TG000068', 'SITE000001', '플로럴', 1, 'Y', 'SYSTEM', '2026-04-20 00:00:00') ON CONFLICT DO NOTHING;
INSERT INTO shopjoy_2604.pd_tag (tag_id, site_id, tag_nm, use_count, use_yn, reg_by, reg_date) VALUES ('TG000069', 'SITE000001', '미디', 1, 'Y', 'SYSTEM', '2026-04-20 00:00:00') ON CONFLICT DO NOTHING;
INSERT INTO shopjoy_2604.pd_tag (tag_id, site_id, tag_nm, use_count, use_yn, reg_by, reg_date) VALUES ('TG000070', 'SITE000001', '로맨틱', 1, 'Y', 'SYSTEM', '2026-04-20 00:00:00') ON CONFLICT DO NOTHING;
INSERT INTO shopjoy_2604.pd_tag (tag_id, site_id, tag_nm, use_count, use_yn, reg_by, reg_date) VALUES ('TG000071', 'SITE000001', '미니드레스', 1, 'Y', 'SYSTEM', '2026-04-20 00:00:00') ON CONFLICT DO NOTHING;
INSERT INTO shopjoy_2604.pd_tag (tag_id, site_id, tag_nm, use_count, use_yn, reg_by, reg_date) VALUES ('TG000072', 'SITE000001', '롱원피스', 1, 'Y', 'SYSTEM', '2026-04-20 00:00:00') ON CONFLICT DO NOTHING;
INSERT INTO shopjoy_2604.pd_tag (tag_id, site_id, tag_nm, use_count, use_yn, reg_by, reg_date) VALUES ('TG000073', 'SITE000001', '오프숄더', 1, 'Y', 'SYSTEM', '2026-04-20 00:00:00') ON CONFLICT DO NOTHING;
INSERT INTO shopjoy_2604.pd_tag (tag_id, site_id, tag_nm, use_count, use_yn, reg_by, reg_date) VALUES ('TG000074', 'SITE000001', '파티룩', 1, 'Y', 'SYSTEM', '2026-04-20 00:00:00') ON CONFLICT DO NOTHING;
INSERT INTO shopjoy_2604.pd_tag (tag_id, site_id, tag_nm, use_count, use_yn, reg_by, reg_date) VALUES ('TG000075', 'SITE000001', '원피스', 1, 'Y', 'SYSTEM', '2026-04-20 00:00:00') ON CONFLICT DO NOTHING;
INSERT INTO shopjoy_2604.pd_tag (tag_id, site_id, tag_nm, use_count, use_yn, reg_by, reg_date) VALUES ('TG000076', 'SITE000001', '셔츠원피스', 1, 'Y', 'SYSTEM', '2026-04-20 00:00:00') ON CONFLICT DO NOTHING;
INSERT INTO shopjoy_2604.pd_tag (tag_id, site_id, tag_nm, use_count, use_yn, reg_by, reg_date) VALUES ('TG000077', 'SITE000001', '슬립드레스', 1, 'Y', 'SYSTEM', '2026-04-20 00:00:00') ON CONFLICT DO NOTHING;
INSERT INTO shopjoy_2604.pd_tag (tag_id, site_id, tag_nm, use_count, use_yn, reg_by, reg_date) VALUES ('TG000078', 'SITE000001', '실크감', 1, 'Y', 'SYSTEM', '2026-04-20 00:00:00') ON CONFLICT DO NOTHING;
INSERT INTO shopjoy_2604.pd_tag (tag_id, site_id, tag_nm, use_count, use_yn, reg_by, reg_date) VALUES ('TG000079', 'SITE000001', '타이다이', 1, 'Y', 'SYSTEM', '2026-04-20 00:00:00') ON CONFLICT DO NOTHING;
INSERT INTO shopjoy_2604.pd_tag (tag_id, site_id, tag_nm, use_count, use_yn, reg_by, reg_date) VALUES ('TG000080', 'SITE000001', '페스티벌', 1, 'Y', 'SYSTEM', '2026-04-20 00:00:00') ON CONFLICT DO NOTHING;
INSERT INTO shopjoy_2604.pd_tag (tag_id, site_id, tag_nm, use_count, use_yn, reg_by, reg_date) VALUES ('TG000081', 'SITE000001', '자수', 1, 'Y', 'SYSTEM', '2026-04-20 00:00:00') ON CONFLICT DO NOTHING;
INSERT INTO shopjoy_2604.pd_tag (tag_id, site_id, tag_nm, use_count, use_yn, reg_by, reg_date) VALUES ('TG000082', 'SITE000001', '블라우스', 1, 'Y', 'SYSTEM', '2026-04-20 00:00:00') ON CONFLICT DO NOTHING;
INSERT INTO shopjoy_2604.pd_tag (tag_id, site_id, tag_nm, use_count, use_yn, reg_by, reg_date) VALUES ('TG000083', 'SITE000001', '랩드레스', 1, 'Y', 'SYSTEM', '2026-04-20 00:00:00') ON CONFLICT DO NOTHING;
INSERT INTO shopjoy_2604.pd_tag (tag_id, site_id, tag_nm, use_count, use_yn, reg_by, reg_date) VALUES ('TG000084', 'SITE000001', '여성스러움', 1, 'Y', 'SYSTEM', '2026-04-20 00:00:00') ON CONFLICT DO NOTHING;
INSERT INTO shopjoy_2604.pd_tag (tag_id, site_id, tag_nm, use_count, use_yn, reg_by, reg_date) VALUES ('TG000085', 'SITE000001', '슬림', 1, 'Y', 'SYSTEM', '2026-04-20 00:00:00') ON CONFLICT DO NOTHING;
INSERT INTO shopjoy_2604.pd_tag (tag_id, site_id, tag_nm, use_count, use_yn, reg_by, reg_date) VALUES ('TG000086', 'SITE000001', '토트백', 1, 'Y', 'SYSTEM', '2026-04-20 00:00:00') ON CONFLICT DO NOTHING;
INSERT INTO shopjoy_2604.pd_tag (tag_id, site_id, tag_nm, use_count, use_yn, reg_by, reg_date) VALUES ('TG000087', 'SITE000001', '캔버스', 1, 'Y', 'SYSTEM', '2026-04-20 00:00:00') ON CONFLICT DO NOTHING;
INSERT INTO shopjoy_2604.pd_tag (tag_id, site_id, tag_nm, use_count, use_yn, reg_by, reg_date) VALUES ('TG000088', 'SITE000001', '데일리', 1, 'Y', 'SYSTEM', '2026-04-20 00:00:00') ON CONFLICT DO NOTHING;
INSERT INTO shopjoy_2604.pd_tag (tag_id, site_id, tag_nm, use_count, use_yn, reg_by, reg_date) VALUES ('TG000089', 'SITE000001', '버킷햇', 1, 'Y', 'SYSTEM', '2026-04-20 00:00:00') ON CONFLICT DO NOTHING;
INSERT INTO shopjoy_2604.pd_tag (tag_id, site_id, tag_nm, use_count, use_yn, reg_by, reg_date) VALUES ('TG000090', 'SITE000001', '모자', 1, 'Y', 'SYSTEM', '2026-04-20 00:00:00') ON CONFLICT DO NOTHING;
INSERT INTO shopjoy_2604.pd_tag (tag_id, site_id, tag_nm, use_count, use_yn, reg_by, reg_date) VALUES ('TG000091', 'SITE000001', '야외활동', 1, 'Y', 'SYSTEM', '2026-04-20 00:00:00') ON CONFLICT DO NOTHING;
INSERT INTO shopjoy_2604.pd_tag (tag_id, site_id, tag_nm, use_count, use_yn, reg_by, reg_date) VALUES ('TG000092', 'SITE000001', '머플러', 1, 'Y', 'SYSTEM', '2026-04-20 00:00:00') ON CONFLICT DO NOTHING;
INSERT INTO shopjoy_2604.pd_tag (tag_id, site_id, tag_nm, use_count, use_yn, reg_by, reg_date) VALUES ('TG000093', 'SITE000001', '겨울', 1, 'Y', 'SYSTEM', '2026-04-20 00:00:00') ON CONFLICT DO NOTHING;
INSERT INTO shopjoy_2604.pd_tag (tag_id, site_id, tag_nm, use_count, use_yn, reg_by, reg_date) VALUES ('TG000094', 'SITE000001', '벨트', 1, 'Y', 'SYSTEM', '2026-04-20 00:00:00') ON CONFLICT DO NOTHING;
INSERT INTO shopjoy_2604.pd_tag (tag_id, site_id, tag_nm, use_count, use_yn, reg_by, reg_date) VALUES ('TG000095', 'SITE000001', '가죽', 1, 'Y', 'SYSTEM', '2026-04-20 00:00:00') ON CONFLICT DO NOTHING;
INSERT INTO shopjoy_2604.pd_tag (tag_id, site_id, tag_nm, use_count, use_yn, reg_by, reg_date) VALUES ('TG000096', 'SITE000001', '볼캡', 1, 'Y', 'SYSTEM', '2026-04-20 00:00:00') ON CONFLICT DO NOTHING;
INSERT INTO shopjoy_2604.pd_tag (tag_id, site_id, tag_nm, use_count, use_yn, reg_by, reg_date) VALUES ('TG000097', 'SITE000001', '스냅백', 1, 'Y', 'SYSTEM', '2026-04-20 00:00:00') ON CONFLICT DO NOTHING;
INSERT INTO shopjoy_2604.pd_tag (tag_id, site_id, tag_nm, use_count, use_yn, reg_by, reg_date) VALUES ('TG000098', 'SITE000001', '선글라스', 1, 'Y', 'SYSTEM', '2026-04-20 00:00:00') ON CONFLICT DO NOTHING;
INSERT INTO shopjoy_2604.pd_tag (tag_id, site_id, tag_nm, use_count, use_yn, reg_by, reg_date) VALUES ('TG000099', 'SITE000001', 'UV차단', 1, 'Y', 'SYSTEM', '2026-04-20 00:00:00') ON CONFLICT DO NOTHING;
INSERT INTO shopjoy_2604.pd_tag (tag_id, site_id, tag_nm, use_count, use_yn, reg_by, reg_date) VALUES ('TG000100', 'SITE000001', '스타일', 1, 'Y', 'SYSTEM', '2026-04-20 00:00:00') ON CONFLICT DO NOTHING;
INSERT INTO shopjoy_2604.pd_tag (tag_id, site_id, tag_nm, use_count, use_yn, reg_by, reg_date) VALUES ('TG000101', 'SITE000001', '크로스백', 1, 'Y', 'SYSTEM', '2026-04-20 00:00:00') ON CONFLICT DO NOTHING;
INSERT INTO shopjoy_2604.pd_tag (tag_id, site_id, tag_nm, use_count, use_yn, reg_by, reg_date) VALUES ('TG000102', 'SITE000001', '미니백', 1, 'Y', 'SYSTEM', '2026-04-20 00:00:00') ON CONFLICT DO NOTHING;
INSERT INTO shopjoy_2604.pd_tag (tag_id, site_id, tag_nm, use_count, use_yn, reg_by, reg_date) VALUES ('TG000103', 'SITE000001', '비니', 1, 'Y', 'SYSTEM', '2026-04-20 00:00:00') ON CONFLICT DO NOTHING;
INSERT INTO shopjoy_2604.pd_tag (tag_id, site_id, tag_nm, use_count, use_yn, reg_by, reg_date) VALUES ('TG000104', 'SITE000001', '숄더백', 1, 'Y', 'SYSTEM', '2026-04-20 00:00:00') ON CONFLICT DO NOTHING;
INSERT INTO shopjoy_2604.pd_tag (tag_id, site_id, tag_nm, use_count, use_yn, reg_by, reg_date) VALUES ('TG000105', 'SITE000001', '장갑', 1, 'Y', 'SYSTEM', '2026-04-20 00:00:00') ON CONFLICT DO NOTHING;
INSERT INTO shopjoy_2604.pd_prod_tag (prod_tag_id, site_id, prod_id, tag_id, reg_by, reg_date) VALUES ('PT000001', 'SITE000001', 'PD000001', 'TG000001', 'SYSTEM', '2026-04-20 00:00:00') ON CONFLICT DO NOTHING;
INSERT INTO shopjoy_2604.pd_prod_tag (prod_tag_id, site_id, prod_id, tag_id, reg_by, reg_date) VALUES ('PT000002', 'SITE000001', 'PD000001', 'TG000002', 'SYSTEM', '2026-04-20 00:00:00') ON CONFLICT DO NOTHING;
INSERT INTO shopjoy_2604.pd_prod_tag (prod_tag_id, site_id, prod_id, tag_id, reg_by, reg_date) VALUES ('PT000003', 'SITE000001', 'PD000001', 'TG000003', 'SYSTEM', '2026-04-20 00:00:00') ON CONFLICT DO NOTHING;
INSERT INTO shopjoy_2604.pd_prod_tag (prod_tag_id, site_id, prod_id, tag_id, reg_by, reg_date) VALUES ('PT000004', 'SITE000001', 'PD000002', 'TG000004', 'SYSTEM', '2026-04-20 00:00:00') ON CONFLICT DO NOTHING;
INSERT INTO shopjoy_2604.pd_prod_tag (prod_tag_id, site_id, prod_id, tag_id, reg_by, reg_date) VALUES ('PT000005', 'SITE000001', 'PD000002', 'TG000005', 'SYSTEM', '2026-04-20 00:00:00') ON CONFLICT DO NOTHING;
INSERT INTO shopjoy_2604.pd_prod_tag (prod_tag_id, site_id, prod_id, tag_id, reg_by, reg_date) VALUES ('PT000006', 'SITE000001', 'PD000002', 'TG000006', 'SYSTEM', '2026-04-20 00:00:00') ON CONFLICT DO NOTHING;
INSERT INTO shopjoy_2604.pd_prod_tag (prod_tag_id, site_id, prod_id, tag_id, reg_by, reg_date) VALUES ('PT000007', 'SITE000001', 'PD000003', 'TG000007', 'SYSTEM', '2026-04-20 00:00:00') ON CONFLICT DO NOTHING;
INSERT INTO shopjoy_2604.pd_prod_tag (prod_tag_id, site_id, prod_id, tag_id, reg_by, reg_date) VALUES ('PT000008', 'SITE000001', 'PD000003', 'TG000008', 'SYSTEM', '2026-04-20 00:00:00') ON CONFLICT DO NOTHING;
INSERT INTO shopjoy_2604.pd_prod_tag (prod_tag_id, site_id, prod_id, tag_id, reg_by, reg_date) VALUES ('PT000009', 'SITE000001', 'PD000003', 'TG000009', 'SYSTEM', '2026-04-20 00:00:00') ON CONFLICT DO NOTHING;
INSERT INTO shopjoy_2604.pd_prod_tag (prod_tag_id, site_id, prod_id, tag_id, reg_by, reg_date) VALUES ('PT000010', 'SITE000001', 'PD000004', 'TG000010', 'SYSTEM', '2026-04-20 00:00:00') ON CONFLICT DO NOTHING;
INSERT INTO shopjoy_2604.pd_prod_tag (prod_tag_id, site_id, prod_id, tag_id, reg_by, reg_date) VALUES ('PT000011', 'SITE000001', 'PD000004', 'TG000011', 'SYSTEM', '2026-04-20 00:00:00') ON CONFLICT DO NOTHING;
INSERT INTO shopjoy_2604.pd_prod_tag (prod_tag_id, site_id, prod_id, tag_id, reg_by, reg_date) VALUES ('PT000012', 'SITE000001', 'PD000004', 'TG000012', 'SYSTEM', '2026-04-20 00:00:00') ON CONFLICT DO NOTHING;
INSERT INTO shopjoy_2604.pd_prod_tag (prod_tag_id, site_id, prod_id, tag_id, reg_by, reg_date) VALUES ('PT000013', 'SITE000001', 'PD000005', 'TG000013', 'SYSTEM', '2026-04-20 00:00:00') ON CONFLICT DO NOTHING;
INSERT INTO shopjoy_2604.pd_prod_tag (prod_tag_id, site_id, prod_id, tag_id, reg_by, reg_date) VALUES ('PT000014', 'SITE000001', 'PD000005', 'TG000014', 'SYSTEM', '2026-04-20 00:00:00') ON CONFLICT DO NOTHING;
INSERT INTO shopjoy_2604.pd_prod_tag (prod_tag_id, site_id, prod_id, tag_id, reg_by, reg_date) VALUES ('PT000015', 'SITE000001', 'PD000005', 'TG000015', 'SYSTEM', '2026-04-20 00:00:00') ON CONFLICT DO NOTHING;
INSERT INTO shopjoy_2604.pd_prod_tag (prod_tag_id, site_id, prod_id, tag_id, reg_by, reg_date) VALUES ('PT000016', 'SITE000001', 'PD000006', 'TG000016', 'SYSTEM', '2026-04-20 00:00:00') ON CONFLICT DO NOTHING;
INSERT INTO shopjoy_2604.pd_prod_tag (prod_tag_id, site_id, prod_id, tag_id, reg_by, reg_date) VALUES ('PT000017', 'SITE000001', 'PD000006', 'TG000003', 'SYSTEM', '2026-04-20 00:00:00') ON CONFLICT DO NOTHING;
INSERT INTO shopjoy_2604.pd_prod_tag (prod_tag_id, site_id, prod_id, tag_id, reg_by, reg_date) VALUES ('PT000018', 'SITE000001', 'PD000006', 'TG000017', 'SYSTEM', '2026-04-20 00:00:00') ON CONFLICT DO NOTHING;
INSERT INTO shopjoy_2604.pd_prod_tag (prod_tag_id, site_id, prod_id, tag_id, reg_by, reg_date) VALUES ('PT000019', 'SITE000001', 'PD000007', 'TG000018', 'SYSTEM', '2026-04-20 00:00:00') ON CONFLICT DO NOTHING;
INSERT INTO shopjoy_2604.pd_prod_tag (prod_tag_id, site_id, prod_id, tag_id, reg_by, reg_date) VALUES ('PT000020', 'SITE000001', 'PD000007', 'TG000019', 'SYSTEM', '2026-04-20 00:00:00') ON CONFLICT DO NOTHING;
INSERT INTO shopjoy_2604.pd_prod_tag (prod_tag_id, site_id, prod_id, tag_id, reg_by, reg_date) VALUES ('PT000021', 'SITE000001', 'PD000007', 'TG000020', 'SYSTEM', '2026-04-20 00:00:00') ON CONFLICT DO NOTHING;
INSERT INTO shopjoy_2604.pd_prod_tag (prod_tag_id, site_id, prod_id, tag_id, reg_by, reg_date) VALUES ('PT000022', 'SITE000001', 'PD000008', 'TG000021', 'SYSTEM', '2026-04-20 00:00:00') ON CONFLICT DO NOTHING;
INSERT INTO shopjoy_2604.pd_prod_tag (prod_tag_id, site_id, prod_id, tag_id, reg_by, reg_date) VALUES ('PT000023', 'SITE000001', 'PD000008', 'TG000015', 'SYSTEM', '2026-04-20 00:00:00') ON CONFLICT DO NOTHING;
INSERT INTO shopjoy_2604.pd_prod_tag (prod_tag_id, site_id, prod_id, tag_id, reg_by, reg_date) VALUES ('PT000024', 'SITE000001', 'PD000008', 'TG000003', 'SYSTEM', '2026-04-20 00:00:00') ON CONFLICT DO NOTHING;
INSERT INTO shopjoy_2604.pd_prod_tag (prod_tag_id, site_id, prod_id, tag_id, reg_by, reg_date) VALUES ('PT000025', 'SITE000001', 'PD000009', 'TG000022', 'SYSTEM', '2026-04-20 00:00:00') ON CONFLICT DO NOTHING;
INSERT INTO shopjoy_2604.pd_prod_tag (prod_tag_id, site_id, prod_id, tag_id, reg_by, reg_date) VALUES ('PT000026', 'SITE000001', 'PD000009', 'TG000023', 'SYSTEM', '2026-04-20 00:00:00') ON CONFLICT DO NOTHING;
INSERT INTO shopjoy_2604.pd_prod_tag (prod_tag_id, site_id, prod_id, tag_id, reg_by, reg_date) VALUES ('PT000027', 'SITE000001', 'PD000009', 'TG000012', 'SYSTEM', '2026-04-20 00:00:00') ON CONFLICT DO NOTHING;
INSERT INTO shopjoy_2604.pd_prod_tag (prod_tag_id, site_id, prod_id, tag_id, reg_by, reg_date) VALUES ('PT000028', 'SITE000001', 'PD000010', 'TG000024', 'SYSTEM', '2026-04-20 00:00:00') ON CONFLICT DO NOTHING;
INSERT INTO shopjoy_2604.pd_prod_tag (prod_tag_id, site_id, prod_id, tag_id, reg_by, reg_date) VALUES ('PT000029', 'SITE000001', 'PD000010', 'TG000025', 'SYSTEM', '2026-04-20 00:00:00') ON CONFLICT DO NOTHING;
INSERT INTO shopjoy_2604.pd_prod_tag (prod_tag_id, site_id, prod_id, tag_id, reg_by, reg_date) VALUES ('PT000030', 'SITE000001', 'PD000010', 'TG000026', 'SYSTEM', '2026-04-20 00:00:00') ON CONFLICT DO NOTHING;
INSERT INTO shopjoy_2604.pd_prod_tag (prod_tag_id, site_id, prod_id, tag_id, reg_by, reg_date) VALUES ('PT000031', 'SITE000001', 'PD000011', 'TG000027', 'SYSTEM', '2026-04-20 00:00:00') ON CONFLICT DO NOTHING;
INSERT INTO shopjoy_2604.pd_prod_tag (prod_tag_id, site_id, prod_id, tag_id, reg_by, reg_date) VALUES ('PT000032', 'SITE000001', 'PD000011', 'TG000016', 'SYSTEM', '2026-04-20 00:00:00') ON CONFLICT DO NOTHING;
INSERT INTO shopjoy_2604.pd_prod_tag (prod_tag_id, site_id, prod_id, tag_id, reg_by, reg_date) VALUES ('PT000033', 'SITE000001', 'PD000011', 'TG000028', 'SYSTEM', '2026-04-20 00:00:00') ON CONFLICT DO NOTHING;
INSERT INTO shopjoy_2604.pd_prod_tag (prod_tag_id, site_id, prod_id, tag_id, reg_by, reg_date) VALUES ('PT000034', 'SITE000001', 'PD000012', 'TG000029', 'SYSTEM', '2026-04-20 00:00:00') ON CONFLICT DO NOTHING;
INSERT INTO shopjoy_2604.pd_prod_tag (prod_tag_id, site_id, prod_id, tag_id, reg_by, reg_date) VALUES ('PT000035', 'SITE000001', 'PD000012', 'TG000030', 'SYSTEM', '2026-04-20 00:00:00') ON CONFLICT DO NOTHING;
INSERT INTO shopjoy_2604.pd_prod_tag (prod_tag_id, site_id, prod_id, tag_id, reg_by, reg_date) VALUES ('PT000036', 'SITE000001', 'PD000012', 'TG000020', 'SYSTEM', '2026-04-20 00:00:00') ON CONFLICT DO NOTHING;
INSERT INTO shopjoy_2604.pd_prod_tag (prod_tag_id, site_id, prod_id, tag_id, reg_by, reg_date) VALUES ('PT000037', 'SITE000001', 'PD000013', 'TG000004', 'SYSTEM', '2026-04-20 00:00:00') ON CONFLICT DO NOTHING;
INSERT INTO shopjoy_2604.pd_prod_tag (prod_tag_id, site_id, prod_id, tag_id, reg_by, reg_date) VALUES ('PT000038', 'SITE000001', 'PD000013', 'TG000031', 'SYSTEM', '2026-04-20 00:00:00') ON CONFLICT DO NOTHING;
INSERT INTO shopjoy_2604.pd_prod_tag (prod_tag_id, site_id, prod_id, tag_id, reg_by, reg_date) VALUES ('PT000039', 'SITE000001', 'PD000013', 'TG000032', 'SYSTEM', '2026-04-20 00:00:00') ON CONFLICT DO NOTHING;
INSERT INTO shopjoy_2604.pd_prod_tag (prod_tag_id, site_id, prod_id, tag_id, reg_by, reg_date) VALUES ('PT000040', 'SITE000001', 'PD000014', 'TG000033', 'SYSTEM', '2026-04-20 00:00:00') ON CONFLICT DO NOTHING;
INSERT INTO shopjoy_2604.pd_prod_tag (prod_tag_id, site_id, prod_id, tag_id, reg_by, reg_date) VALUES ('PT000041', 'SITE000001', 'PD000014', 'TG000034', 'SYSTEM', '2026-04-20 00:00:00') ON CONFLICT DO NOTHING;
INSERT INTO shopjoy_2604.pd_prod_tag (prod_tag_id, site_id, prod_id, tag_id, reg_by, reg_date) VALUES ('PT000042', 'SITE000001', 'PD000014', 'TG000035', 'SYSTEM', '2026-04-20 00:00:00') ON CONFLICT DO NOTHING;
INSERT INTO shopjoy_2604.pd_prod_tag (prod_tag_id, site_id, prod_id, tag_id, reg_by, reg_date) VALUES ('PT000043', 'SITE000001', 'PD000015', 'TG000036', 'SYSTEM', '2026-04-20 00:00:00') ON CONFLICT DO NOTHING;
INSERT INTO shopjoy_2604.pd_prod_tag (prod_tag_id, site_id, prod_id, tag_id, reg_by, reg_date) VALUES ('PT000044', 'SITE000001', 'PD000015', 'TG000037', 'SYSTEM', '2026-04-20 00:00:00') ON CONFLICT DO NOTHING;
INSERT INTO shopjoy_2604.pd_prod_tag (prod_tag_id, site_id, prod_id, tag_id, reg_by, reg_date) VALUES ('PT000045', 'SITE000001', 'PD000015', 'TG000006', 'SYSTEM', '2026-04-20 00:00:00') ON CONFLICT DO NOTHING;
INSERT INTO shopjoy_2604.pd_prod_tag (prod_tag_id, site_id, prod_id, tag_id, reg_by, reg_date) VALUES ('PT000046', 'SITE000001', 'PD000016', 'TG000038', 'SYSTEM', '2026-04-20 00:00:00') ON CONFLICT DO NOTHING;
INSERT INTO shopjoy_2604.pd_prod_tag (prod_tag_id, site_id, prod_id, tag_id, reg_by, reg_date) VALUES ('PT000047', 'SITE000001', 'PD000016', 'TG000039', 'SYSTEM', '2026-04-20 00:00:00') ON CONFLICT DO NOTHING;
INSERT INTO shopjoy_2604.pd_prod_tag (prod_tag_id, site_id, prod_id, tag_id, reg_by, reg_date) VALUES ('PT000048', 'SITE000001', 'PD000016', 'TG000040', 'SYSTEM', '2026-04-20 00:00:00') ON CONFLICT DO NOTHING;
INSERT INTO shopjoy_2604.pd_prod_tag (prod_tag_id, site_id, prod_id, tag_id, reg_by, reg_date) VALUES ('PT000049', 'SITE000001', 'PD000017', 'TG000041', 'SYSTEM', '2026-04-20 00:00:00') ON CONFLICT DO NOTHING;
INSERT INTO shopjoy_2604.pd_prod_tag (prod_tag_id, site_id, prod_id, tag_id, reg_by, reg_date) VALUES ('PT000050', 'SITE000001', 'PD000017', 'TG000042', 'SYSTEM', '2026-04-20 00:00:00') ON CONFLICT DO NOTHING;
INSERT INTO shopjoy_2604.pd_prod_tag (prod_tag_id, site_id, prod_id, tag_id, reg_by, reg_date) VALUES ('PT000051', 'SITE000001', 'PD000017', 'TG000043', 'SYSTEM', '2026-04-20 00:00:00') ON CONFLICT DO NOTHING;
INSERT INTO shopjoy_2604.pd_prod_tag (prod_tag_id, site_id, prod_id, tag_id, reg_by, reg_date) VALUES ('PT000052', 'SITE000001', 'PD000018', 'TG000014', 'SYSTEM', '2026-04-20 00:00:00') ON CONFLICT DO NOTHING;
INSERT INTO shopjoy_2604.pd_prod_tag (prod_tag_id, site_id, prod_id, tag_id, reg_by, reg_date) VALUES ('PT000053', 'SITE000001', 'PD000018', 'TG000038', 'SYSTEM', '2026-04-20 00:00:00') ON CONFLICT DO NOTHING;
INSERT INTO shopjoy_2604.pd_prod_tag (prod_tag_id, site_id, prod_id, tag_id, reg_by, reg_date) VALUES ('PT000054', 'SITE000001', 'PD000018', 'TG000040', 'SYSTEM', '2026-04-20 00:00:00') ON CONFLICT DO NOTHING;
INSERT INTO shopjoy_2604.pd_prod_tag (prod_tag_id, site_id, prod_id, tag_id, reg_by, reg_date) VALUES ('PT000055', 'SITE000001', 'PD000019', 'TG000044', 'SYSTEM', '2026-04-20 00:00:00') ON CONFLICT DO NOTHING;
INSERT INTO shopjoy_2604.pd_prod_tag (prod_tag_id, site_id, prod_id, tag_id, reg_by, reg_date) VALUES ('PT000056', 'SITE000001', 'PD000019', 'TG000031', 'SYSTEM', '2026-04-20 00:00:00') ON CONFLICT DO NOTHING;
INSERT INTO shopjoy_2604.pd_prod_tag (prod_tag_id, site_id, prod_id, tag_id, reg_by, reg_date) VALUES ('PT000057', 'SITE000001', 'PD000019', 'TG000045', 'SYSTEM', '2026-04-20 00:00:00') ON CONFLICT DO NOTHING;
INSERT INTO shopjoy_2604.pd_prod_tag (prod_tag_id, site_id, prod_id, tag_id, reg_by, reg_date) VALUES ('PT000058', 'SITE000001', 'PD000020', 'TG000046', 'SYSTEM', '2026-04-20 00:00:00') ON CONFLICT DO NOTHING;
INSERT INTO shopjoy_2604.pd_prod_tag (prod_tag_id, site_id, prod_id, tag_id, reg_by, reg_date) VALUES ('PT000059', 'SITE000001', 'PD000020', 'TG000001', 'SYSTEM', '2026-04-20 00:00:00') ON CONFLICT DO NOTHING;
INSERT INTO shopjoy_2604.pd_prod_tag (prod_tag_id, site_id, prod_id, tag_id, reg_by, reg_date) VALUES ('PT000060', 'SITE000001', 'PD000020', 'TG000047', 'SYSTEM', '2026-04-20 00:00:00') ON CONFLICT DO NOTHING;
INSERT INTO shopjoy_2604.pd_prod_tag (prod_tag_id, site_id, prod_id, tag_id, reg_by, reg_date) VALUES ('PT000061', 'SITE000001', 'PD000021', 'TG000048', 'SYSTEM', '2026-04-20 00:00:00') ON CONFLICT DO NOTHING;
INSERT INTO shopjoy_2604.pd_prod_tag (prod_tag_id, site_id, prod_id, tag_id, reg_by, reg_date) VALUES ('PT000062', 'SITE000001', 'PD000021', 'TG000049', 'SYSTEM', '2026-04-20 00:00:00') ON CONFLICT DO NOTHING;
INSERT INTO shopjoy_2604.pd_prod_tag (prod_tag_id, site_id, prod_id, tag_id, reg_by, reg_date) VALUES ('PT000063', 'SITE000001', 'PD000021', 'TG000050', 'SYSTEM', '2026-04-20 00:00:00') ON CONFLICT DO NOTHING;
INSERT INTO shopjoy_2604.pd_prod_tag (prod_tag_id, site_id, prod_id, tag_id, reg_by, reg_date) VALUES ('PT000064', 'SITE000001', 'PD000022', 'TG000051', 'SYSTEM', '2026-04-20 00:00:00') ON CONFLICT DO NOTHING;
INSERT INTO shopjoy_2604.pd_prod_tag (prod_tag_id, site_id, prod_id, tag_id, reg_by, reg_date) VALUES ('PT000065', 'SITE000001', 'PD000022', 'TG000052', 'SYSTEM', '2026-04-20 00:00:00') ON CONFLICT DO NOTHING;
INSERT INTO shopjoy_2604.pd_prod_tag (prod_tag_id, site_id, prod_id, tag_id, reg_by, reg_date) VALUES ('PT000066', 'SITE000001', 'PD000022', 'TG000053', 'SYSTEM', '2026-04-20 00:00:00') ON CONFLICT DO NOTHING;
INSERT INTO shopjoy_2604.pd_prod_tag (prod_tag_id, site_id, prod_id, tag_id, reg_by, reg_date) VALUES ('PT000067', 'SITE000001', 'PD000023', 'TG000054', 'SYSTEM', '2026-04-20 00:00:00') ON CONFLICT DO NOTHING;
INSERT INTO shopjoy_2604.pd_prod_tag (prod_tag_id, site_id, prod_id, tag_id, reg_by, reg_date) VALUES ('PT000068', 'SITE000001', 'PD000023', 'TG000022', 'SYSTEM', '2026-04-20 00:00:00') ON CONFLICT DO NOTHING;
INSERT INTO shopjoy_2604.pd_prod_tag (prod_tag_id, site_id, prod_id, tag_id, reg_by, reg_date) VALUES ('PT000069', 'SITE000001', 'PD000023', 'TG000055', 'SYSTEM', '2026-04-20 00:00:00') ON CONFLICT DO NOTHING;
INSERT INTO shopjoy_2604.pd_prod_tag (prod_tag_id, site_id, prod_id, tag_id, reg_by, reg_date) VALUES ('PT000070', 'SITE000001', 'PD000024', 'TG000056', 'SYSTEM', '2026-04-20 00:00:00') ON CONFLICT DO NOTHING;
INSERT INTO shopjoy_2604.pd_prod_tag (prod_tag_id, site_id, prod_id, tag_id, reg_by, reg_date) VALUES ('PT000071', 'SITE000001', 'PD000024', 'TG000057', 'SYSTEM', '2026-04-20 00:00:00') ON CONFLICT DO NOTHING;
INSERT INTO shopjoy_2604.pd_prod_tag (prod_tag_id, site_id, prod_id, tag_id, reg_by, reg_date) VALUES ('PT000072', 'SITE000001', 'PD000024', 'TG000020', 'SYSTEM', '2026-04-20 00:00:00') ON CONFLICT DO NOTHING;
INSERT INTO shopjoy_2604.pd_prod_tag (prod_tag_id, site_id, prod_id, tag_id, reg_by, reg_date) VALUES ('PT000073', 'SITE000001', 'PD000025', 'TG000058', 'SYSTEM', '2026-04-20 00:00:00') ON CONFLICT DO NOTHING;
INSERT INTO shopjoy_2604.pd_prod_tag (prod_tag_id, site_id, prod_id, tag_id, reg_by, reg_date) VALUES ('PT000074', 'SITE000001', 'PD000025', 'TG000004', 'SYSTEM', '2026-04-20 00:00:00') ON CONFLICT DO NOTHING;
INSERT INTO shopjoy_2604.pd_prod_tag (prod_tag_id, site_id, prod_id, tag_id, reg_by, reg_date) VALUES ('PT000075', 'SITE000001', 'PD000025', 'TG000047', 'SYSTEM', '2026-04-20 00:00:00') ON CONFLICT DO NOTHING;
INSERT INTO shopjoy_2604.pd_prod_tag (prod_tag_id, site_id, prod_id, tag_id, reg_by, reg_date) VALUES ('PT000076', 'SITE000001', 'PD000026', 'TG000059', 'SYSTEM', '2026-04-20 00:00:00') ON CONFLICT DO NOTHING;
INSERT INTO shopjoy_2604.pd_prod_tag (prod_tag_id, site_id, prod_id, tag_id, reg_by, reg_date) VALUES ('PT000077', 'SITE000001', 'PD000026', 'TG000060', 'SYSTEM', '2026-04-20 00:00:00') ON CONFLICT DO NOTHING;
INSERT INTO shopjoy_2604.pd_prod_tag (prod_tag_id, site_id, prod_id, tag_id, reg_by, reg_date) VALUES ('PT000078', 'SITE000001', 'PD000026', 'TG000050', 'SYSTEM', '2026-04-20 00:00:00') ON CONFLICT DO NOTHING;
INSERT INTO shopjoy_2604.pd_prod_tag (prod_tag_id, site_id, prod_id, tag_id, reg_by, reg_date) VALUES ('PT000079', 'SITE000001', 'PD000027', 'TG000061', 'SYSTEM', '2026-04-20 00:00:00') ON CONFLICT DO NOTHING;
INSERT INTO shopjoy_2604.pd_prod_tag (prod_tag_id, site_id, prod_id, tag_id, reg_by, reg_date) VALUES ('PT000080', 'SITE000001', 'PD000027', 'TG000050', 'SYSTEM', '2026-04-20 00:00:00') ON CONFLICT DO NOTHING;
INSERT INTO shopjoy_2604.pd_prod_tag (prod_tag_id, site_id, prod_id, tag_id, reg_by, reg_date) VALUES ('PT000081', 'SITE000001', 'PD000027', 'TG000062', 'SYSTEM', '2026-04-20 00:00:00') ON CONFLICT DO NOTHING;
INSERT INTO shopjoy_2604.pd_prod_tag (prod_tag_id, site_id, prod_id, tag_id, reg_by, reg_date) VALUES ('PT000082', 'SITE000001', 'PD000028', 'TG000063', 'SYSTEM', '2026-04-20 00:00:00') ON CONFLICT DO NOTHING;
INSERT INTO shopjoy_2604.pd_prod_tag (prod_tag_id, site_id, prod_id, tag_id, reg_by, reg_date) VALUES ('PT000083', 'SITE000001', 'PD000028', 'TG000050', 'SYSTEM', '2026-04-20 00:00:00') ON CONFLICT DO NOTHING;
INSERT INTO shopjoy_2604.pd_prod_tag (prod_tag_id, site_id, prod_id, tag_id, reg_by, reg_date) VALUES ('PT000084', 'SITE000001', 'PD000028', 'TG000012', 'SYSTEM', '2026-04-20 00:00:00') ON CONFLICT DO NOTHING;
INSERT INTO shopjoy_2604.pd_prod_tag (prod_tag_id, site_id, prod_id, tag_id, reg_by, reg_date) VALUES ('PT000085', 'SITE000001', 'PD000029', 'TG000064', 'SYSTEM', '2026-04-20 00:00:00') ON CONFLICT DO NOTHING;
INSERT INTO shopjoy_2604.pd_prod_tag (prod_tag_id, site_id, prod_id, tag_id, reg_by, reg_date) VALUES ('PT000086', 'SITE000001', 'PD000029', 'TG000065', 'SYSTEM', '2026-04-20 00:00:00') ON CONFLICT DO NOTHING;
INSERT INTO shopjoy_2604.pd_prod_tag (prod_tag_id, site_id, prod_id, tag_id, reg_by, reg_date) VALUES ('PT000087', 'SITE000001', 'PD000029', 'TG000015', 'SYSTEM', '2026-04-20 00:00:00') ON CONFLICT DO NOTHING;
INSERT INTO shopjoy_2604.pd_prod_tag (prod_tag_id, site_id, prod_id, tag_id, reg_by, reg_date) VALUES ('PT000088', 'SITE000001', 'PD000030', 'TG000066', 'SYSTEM', '2026-04-20 00:00:00') ON CONFLICT DO NOTHING;
INSERT INTO shopjoy_2604.pd_prod_tag (prod_tag_id, site_id, prod_id, tag_id, reg_by, reg_date) VALUES ('PT000089', 'SITE000001', 'PD000030', 'TG000007', 'SYSTEM', '2026-04-20 00:00:00') ON CONFLICT DO NOTHING;
INSERT INTO shopjoy_2604.pd_prod_tag (prod_tag_id, site_id, prod_id, tag_id, reg_by, reg_date) VALUES ('PT000090', 'SITE000001', 'PD000030', 'TG000067', 'SYSTEM', '2026-04-20 00:00:00') ON CONFLICT DO NOTHING;
INSERT INTO shopjoy_2604.pd_prod_tag (prod_tag_id, site_id, prod_id, tag_id, reg_by, reg_date) VALUES ('PT000091', 'SITE000001', 'PD000031', 'TG000068', 'SYSTEM', '2026-04-20 00:00:00') ON CONFLICT DO NOTHING;
INSERT INTO shopjoy_2604.pd_prod_tag (prod_tag_id, site_id, prod_id, tag_id, reg_by, reg_date) VALUES ('PT000092', 'SITE000001', 'PD000031', 'TG000069', 'SYSTEM', '2026-04-20 00:00:00') ON CONFLICT DO NOTHING;
INSERT INTO shopjoy_2604.pd_prod_tag (prod_tag_id, site_id, prod_id, tag_id, reg_by, reg_date) VALUES ('PT000093', 'SITE000001', 'PD000031', 'TG000070', 'SYSTEM', '2026-04-20 00:00:00') ON CONFLICT DO NOTHING;
INSERT INTO shopjoy_2604.pd_prod_tag (prod_tag_id, site_id, prod_id, tag_id, reg_by, reg_date) VALUES ('PT000094', 'SITE000001', 'PD000032', 'TG000038', 'SYSTEM', '2026-04-20 00:00:00') ON CONFLICT DO NOTHING;
INSERT INTO shopjoy_2604.pd_prod_tag (prod_tag_id, site_id, prod_id, tag_id, reg_by, reg_date) VALUES ('PT000095', 'SITE000001', 'PD000032', 'TG000071', 'SYSTEM', '2026-04-20 00:00:00') ON CONFLICT DO NOTHING;
INSERT INTO shopjoy_2604.pd_prod_tag (prod_tag_id, site_id, prod_id, tag_id, reg_by, reg_date) VALUES ('PT000096', 'SITE000001', 'PD000032', 'TG000006', 'SYSTEM', '2026-04-20 00:00:00') ON CONFLICT DO NOTHING;
INSERT INTO shopjoy_2604.pd_prod_tag (prod_tag_id, site_id, prod_id, tag_id, reg_by, reg_date) VALUES ('PT000097', 'SITE000001', 'PD000033', 'TG000041', 'SYSTEM', '2026-04-20 00:00:00') ON CONFLICT DO NOTHING;
INSERT INTO shopjoy_2604.pd_prod_tag (prod_tag_id, site_id, prod_id, tag_id, reg_by, reg_date) VALUES ('PT000098', 'SITE000001', 'PD000033', 'TG000072', 'SYSTEM', '2026-04-20 00:00:00') ON CONFLICT DO NOTHING;
INSERT INTO shopjoy_2604.pd_prod_tag (prod_tag_id, site_id, prod_id, tag_id, reg_by, reg_date) VALUES ('PT000099', 'SITE000001', 'PD000033', 'TG000043', 'SYSTEM', '2026-04-20 00:00:00') ON CONFLICT DO NOTHING;
INSERT INTO shopjoy_2604.pd_prod_tag (prod_tag_id, site_id, prod_id, tag_id, reg_by, reg_date) VALUES ('PT000100', 'SITE000001', 'PD000034', 'TG000073', 'SYSTEM', '2026-04-20 00:00:00') ON CONFLICT DO NOTHING;
INSERT INTO shopjoy_2604.pd_prod_tag (prod_tag_id, site_id, prod_id, tag_id, reg_by, reg_date) VALUES ('PT000101', 'SITE000001', 'PD000034', 'TG000006', 'SYSTEM', '2026-04-20 00:00:00') ON CONFLICT DO NOTHING;
INSERT INTO shopjoy_2604.pd_prod_tag (prod_tag_id, site_id, prod_id, tag_id, reg_by, reg_date) VALUES ('PT000102', 'SITE000001', 'PD000034', 'TG000074', 'SYSTEM', '2026-04-20 00:00:00') ON CONFLICT DO NOTHING;
INSERT INTO shopjoy_2604.pd_prod_tag (prod_tag_id, site_id, prod_id, tag_id, reg_by, reg_date) VALUES ('PT000103', 'SITE000001', 'PD000035', 'TG000007', 'SYSTEM', '2026-04-20 00:00:00') ON CONFLICT DO NOTHING;
INSERT INTO shopjoy_2604.pd_prod_tag (prod_tag_id, site_id, prod_id, tag_id, reg_by, reg_date) VALUES ('PT000104', 'SITE000001', 'PD000035', 'TG000069', 'SYSTEM', '2026-04-20 00:00:00') ON CONFLICT DO NOTHING;
INSERT INTO shopjoy_2604.pd_prod_tag (prod_tag_id, site_id, prod_id, tag_id, reg_by, reg_date) VALUES ('PT000105', 'SITE000001', 'PD000035', 'TG000075', 'SYSTEM', '2026-04-20 00:00:00') ON CONFLICT DO NOTHING;
INSERT INTO shopjoy_2604.pd_prod_tag (prod_tag_id, site_id, prod_id, tag_id, reg_by, reg_date) VALUES ('PT000106', 'SITE000001', 'PD000036', 'TG000076', 'SYSTEM', '2026-04-20 00:00:00') ON CONFLICT DO NOTHING;
INSERT INTO shopjoy_2604.pd_prod_tag (prod_tag_id, site_id, prod_id, tag_id, reg_by, reg_date) VALUES ('PT000107', 'SITE000001', 'PD000036', 'TG000039', 'SYSTEM', '2026-04-20 00:00:00') ON CONFLICT DO NOTHING;
INSERT INTO shopjoy_2604.pd_prod_tag (prod_tag_id, site_id, prod_id, tag_id, reg_by, reg_date) VALUES ('PT000108', 'SITE000001', 'PD000036', 'TG000012', 'SYSTEM', '2026-04-20 00:00:00') ON CONFLICT DO NOTHING;
INSERT INTO shopjoy_2604.pd_prod_tag (prod_tag_id, site_id, prod_id, tag_id, reg_by, reg_date) VALUES ('PT000109', 'SITE000001', 'PD000037', 'TG000077', 'SYSTEM', '2026-04-20 00:00:00') ON CONFLICT DO NOTHING;
INSERT INTO shopjoy_2604.pd_prod_tag (prod_tag_id, site_id, prod_id, tag_id, reg_by, reg_date) VALUES ('PT000110', 'SITE000001', 'PD000037', 'TG000078', 'SYSTEM', '2026-04-20 00:00:00') ON CONFLICT DO NOTHING;
INSERT INTO shopjoy_2604.pd_prod_tag (prod_tag_id, site_id, prod_id, tag_id, reg_by, reg_date) VALUES ('PT000111', 'SITE000001', 'PD000037', 'TG000015', 'SYSTEM', '2026-04-20 00:00:00') ON CONFLICT DO NOTHING;
INSERT INTO shopjoy_2604.pd_prod_tag (prod_tag_id, site_id, prod_id, tag_id, reg_by, reg_date) VALUES ('PT000112', 'SITE000001', 'PD000038', 'TG000079', 'SYSTEM', '2026-04-20 00:00:00') ON CONFLICT DO NOTHING;
INSERT INTO shopjoy_2604.pd_prod_tag (prod_tag_id, site_id, prod_id, tag_id, reg_by, reg_date) VALUES ('PT000113', 'SITE000001', 'PD000038', 'TG000006', 'SYSTEM', '2026-04-20 00:00:00') ON CONFLICT DO NOTHING;
INSERT INTO shopjoy_2604.pd_prod_tag (prod_tag_id, site_id, prod_id, tag_id, reg_by, reg_date) VALUES ('PT000114', 'SITE000001', 'PD000038', 'TG000080', 'SYSTEM', '2026-04-20 00:00:00') ON CONFLICT DO NOTHING;
INSERT INTO shopjoy_2604.pd_prod_tag (prod_tag_id, site_id, prod_id, tag_id, reg_by, reg_date) VALUES ('PT000115', 'SITE000001', 'PD000039', 'TG000081', 'SYSTEM', '2026-04-20 00:00:00') ON CONFLICT DO NOTHING;
INSERT INTO shopjoy_2604.pd_prod_tag (prod_tag_id, site_id, prod_id, tag_id, reg_by, reg_date) VALUES ('PT000116', 'SITE000001', 'PD000039', 'TG000082', 'SYSTEM', '2026-04-20 00:00:00') ON CONFLICT DO NOTHING;
INSERT INTO shopjoy_2604.pd_prod_tag (prod_tag_id, site_id, prod_id, tag_id, reg_by, reg_date) VALUES ('PT000117', 'SITE000001', 'PD000039', 'TG000043', 'SYSTEM', '2026-04-20 00:00:00') ON CONFLICT DO NOTHING;
INSERT INTO shopjoy_2604.pd_prod_tag (prod_tag_id, site_id, prod_id, tag_id, reg_by, reg_date) VALUES ('PT000118', 'SITE000001', 'PD000040', 'TG000083', 'SYSTEM', '2026-04-20 00:00:00') ON CONFLICT DO NOTHING;
INSERT INTO shopjoy_2604.pd_prod_tag (prod_tag_id, site_id, prod_id, tag_id, reg_by, reg_date) VALUES ('PT000119', 'SITE000001', 'PD000040', 'TG000084', 'SYSTEM', '2026-04-20 00:00:00') ON CONFLICT DO NOTHING;
INSERT INTO shopjoy_2604.pd_prod_tag (prod_tag_id, site_id, prod_id, tag_id, reg_by, reg_date) VALUES ('PT000120', 'SITE000001', 'PD000040', 'TG000085', 'SYSTEM', '2026-04-20 00:00:00') ON CONFLICT DO NOTHING;
INSERT INTO shopjoy_2604.pd_prod_tag (prod_tag_id, site_id, prod_id, tag_id, reg_by, reg_date) VALUES ('PT000121', 'SITE000001', 'PD000041', 'TG000086', 'SYSTEM', '2026-04-20 00:00:00') ON CONFLICT DO NOTHING;
INSERT INTO shopjoy_2604.pd_prod_tag (prod_tag_id, site_id, prod_id, tag_id, reg_by, reg_date) VALUES ('PT000122', 'SITE000001', 'PD000041', 'TG000087', 'SYSTEM', '2026-04-20 00:00:00') ON CONFLICT DO NOTHING;
INSERT INTO shopjoy_2604.pd_prod_tag (prod_tag_id, site_id, prod_id, tag_id, reg_by, reg_date) VALUES ('PT000123', 'SITE000001', 'PD000041', 'TG000088', 'SYSTEM', '2026-04-20 00:00:00') ON CONFLICT DO NOTHING;
INSERT INTO shopjoy_2604.pd_prod_tag (prod_tag_id, site_id, prod_id, tag_id, reg_by, reg_date) VALUES ('PT000124', 'SITE000001', 'PD000042', 'TG000089', 'SYSTEM', '2026-04-20 00:00:00') ON CONFLICT DO NOTHING;
INSERT INTO shopjoy_2604.pd_prod_tag (prod_tag_id, site_id, prod_id, tag_id, reg_by, reg_date) VALUES ('PT000125', 'SITE000001', 'PD000042', 'TG000090', 'SYSTEM', '2026-04-20 00:00:00') ON CONFLICT DO NOTHING;
INSERT INTO shopjoy_2604.pd_prod_tag (prod_tag_id, site_id, prod_id, tag_id, reg_by, reg_date) VALUES ('PT000126', 'SITE000001', 'PD000042', 'TG000091', 'SYSTEM', '2026-04-20 00:00:00') ON CONFLICT DO NOTHING;
INSERT INTO shopjoy_2604.pd_prod_tag (prod_tag_id, site_id, prod_id, tag_id, reg_by, reg_date) VALUES ('PT000127', 'SITE000001', 'PD000043', 'TG000092', 'SYSTEM', '2026-04-20 00:00:00') ON CONFLICT DO NOTHING;
INSERT INTO shopjoy_2604.pd_prod_tag (prod_tag_id, site_id, prod_id, tag_id, reg_by, reg_date) VALUES ('PT000128', 'SITE000001', 'PD000043', 'TG000048', 'SYSTEM', '2026-04-20 00:00:00') ON CONFLICT DO NOTHING;
INSERT INTO shopjoy_2604.pd_prod_tag (prod_tag_id, site_id, prod_id, tag_id, reg_by, reg_date) VALUES ('PT000129', 'SITE000001', 'PD000043', 'TG000093', 'SYSTEM', '2026-04-20 00:00:00') ON CONFLICT DO NOTHING;
INSERT INTO shopjoy_2604.pd_prod_tag (prod_tag_id, site_id, prod_id, tag_id, reg_by, reg_date) VALUES ('PT000130', 'SITE000001', 'PD000044', 'TG000094', 'SYSTEM', '2026-04-20 00:00:00') ON CONFLICT DO NOTHING;
INSERT INTO shopjoy_2604.pd_prod_tag (prod_tag_id, site_id, prod_id, tag_id, reg_by, reg_date) VALUES ('PT000131', 'SITE000001', 'PD000044', 'TG000095', 'SYSTEM', '2026-04-20 00:00:00') ON CONFLICT DO NOTHING;
INSERT INTO shopjoy_2604.pd_prod_tag (prod_tag_id, site_id, prod_id, tag_id, reg_by, reg_date) VALUES ('PT000132', 'SITE000001', 'PD000044', 'TG000050', 'SYSTEM', '2026-04-20 00:00:00') ON CONFLICT DO NOTHING;
INSERT INTO shopjoy_2604.pd_prod_tag (prod_tag_id, site_id, prod_id, tag_id, reg_by, reg_date) VALUES ('PT000133', 'SITE000001', 'PD000045', 'TG000096', 'SYSTEM', '2026-04-20 00:00:00') ON CONFLICT DO NOTHING;
INSERT INTO shopjoy_2604.pd_prod_tag (prod_tag_id, site_id, prod_id, tag_id, reg_by, reg_date) VALUES ('PT000134', 'SITE000001', 'PD000045', 'TG000097', 'SYSTEM', '2026-04-20 00:00:00') ON CONFLICT DO NOTHING;
INSERT INTO shopjoy_2604.pd_prod_tag (prod_tag_id, site_id, prod_id, tag_id, reg_by, reg_date) VALUES ('PT000135', 'SITE000001', 'PD000045', 'TG000055', 'SYSTEM', '2026-04-20 00:00:00') ON CONFLICT DO NOTHING;
INSERT INTO shopjoy_2604.pd_prod_tag (prod_tag_id, site_id, prod_id, tag_id, reg_by, reg_date) VALUES ('PT000136', 'SITE000001', 'PD000046', 'TG000098', 'SYSTEM', '2026-04-20 00:00:00') ON CONFLICT DO NOTHING;
INSERT INTO shopjoy_2604.pd_prod_tag (prod_tag_id, site_id, prod_id, tag_id, reg_by, reg_date) VALUES ('PT000137', 'SITE000001', 'PD000046', 'TG000099', 'SYSTEM', '2026-04-20 00:00:00') ON CONFLICT DO NOTHING;
INSERT INTO shopjoy_2604.pd_prod_tag (prod_tag_id, site_id, prod_id, tag_id, reg_by, reg_date) VALUES ('PT000138', 'SITE000001', 'PD000046', 'TG000100', 'SYSTEM', '2026-04-20 00:00:00') ON CONFLICT DO NOTHING;
INSERT INTO shopjoy_2604.pd_prod_tag (prod_tag_id, site_id, prod_id, tag_id, reg_by, reg_date) VALUES ('PT000139', 'SITE000001', 'PD000047', 'TG000101', 'SYSTEM', '2026-04-20 00:00:00') ON CONFLICT DO NOTHING;
INSERT INTO shopjoy_2604.pd_prod_tag (prod_tag_id, site_id, prod_id, tag_id, reg_by, reg_date) VALUES ('PT000140', 'SITE000001', 'PD000047', 'TG000102', 'SYSTEM', '2026-04-20 00:00:00') ON CONFLICT DO NOTHING;
INSERT INTO shopjoy_2604.pd_prod_tag (prod_tag_id, site_id, prod_id, tag_id, reg_by, reg_date) VALUES ('PT000141', 'SITE000001', 'PD000047', 'TG000088', 'SYSTEM', '2026-04-20 00:00:00') ON CONFLICT DO NOTHING;
INSERT INTO shopjoy_2604.pd_prod_tag (prod_tag_id, site_id, prod_id, tag_id, reg_by, reg_date) VALUES ('PT000142', 'SITE000001', 'PD000048', 'TG000103', 'SYSTEM', '2026-04-20 00:00:00') ON CONFLICT DO NOTHING;
INSERT INTO shopjoy_2604.pd_prod_tag (prod_tag_id, site_id, prod_id, tag_id, reg_by, reg_date) VALUES ('PT000143', 'SITE000001', 'PD000048', 'TG000007', 'SYSTEM', '2026-04-20 00:00:00') ON CONFLICT DO NOTHING;
INSERT INTO shopjoy_2604.pd_prod_tag (prod_tag_id, site_id, prod_id, tag_id, reg_by, reg_date) VALUES ('PT000144', 'SITE000001', 'PD000048', 'TG000093', 'SYSTEM', '2026-04-20 00:00:00') ON CONFLICT DO NOTHING;
INSERT INTO shopjoy_2604.pd_prod_tag (prod_tag_id, site_id, prod_id, tag_id, reg_by, reg_date) VALUES ('PT000145', 'SITE000001', 'PD000049', 'TG000104', 'SYSTEM', '2026-04-20 00:00:00') ON CONFLICT DO NOTHING;
INSERT INTO shopjoy_2604.pd_prod_tag (prod_tag_id, site_id, prod_id, tag_id, reg_by, reg_date) VALUES ('PT000146', 'SITE000001', 'PD000049', 'TG000087', 'SYSTEM', '2026-04-20 00:00:00') ON CONFLICT DO NOTHING;
INSERT INTO shopjoy_2604.pd_prod_tag (prod_tag_id, site_id, prod_id, tag_id, reg_by, reg_date) VALUES ('PT000147', 'SITE000001', 'PD000049', 'TG000088', 'SYSTEM', '2026-04-20 00:00:00') ON CONFLICT DO NOTHING;
INSERT INTO shopjoy_2604.pd_prod_tag (prod_tag_id, site_id, prod_id, tag_id, reg_by, reg_date) VALUES ('PT000148', 'SITE000001', 'PD000050', 'TG000105', 'SYSTEM', '2026-04-20 00:00:00') ON CONFLICT DO NOTHING;
INSERT INTO shopjoy_2604.pd_prod_tag (prod_tag_id, site_id, prod_id, tag_id, reg_by, reg_date) VALUES ('PT000149', 'SITE000001', 'PD000050', 'TG000095', 'SYSTEM', '2026-04-20 00:00:00') ON CONFLICT DO NOTHING;
INSERT INTO shopjoy_2604.pd_prod_tag (prod_tag_id, site_id, prod_id, tag_id, reg_by, reg_date) VALUES ('PT000150', 'SITE000001', 'PD000050', 'TG000093', 'SYSTEM', '2026-04-20 00:00:00') ON CONFLICT DO NOTHING;

-- ================================================================
-- 11. pd_category_prod — 카테고리-상품 매핑
-- ================================================================
INSERT INTO shopjoy_2604.pd_category_prod (category_prod_id, site_id, category_id, prod_id, category_prod_type_cd, sort_ord, disp_yn, reg_by, reg_date) VALUES ('CP000001', 'SITE000001', 'CT000029', 'PD000001', 'NORMAL', 2, 'Y', 'SYSTEM', '2026-04-20 00:00:00') ON CONFLICT DO NOTHING;
INSERT INTO shopjoy_2604.pd_category_prod (category_prod_id, site_id, category_id, prod_id, category_prod_type_cd, sort_ord, disp_yn, reg_by, reg_date) VALUES ('CP000002', 'SITE000001', 'CT000029', 'PD000002', 'NORMAL', 3, 'Y', 'SYSTEM', '2026-04-20 00:00:00') ON CONFLICT DO NOTHING;
INSERT INTO shopjoy_2604.pd_category_prod (category_prod_id, site_id, category_id, prod_id, category_prod_type_cd, sort_ord, disp_yn, reg_by, reg_date) VALUES ('CP000003', 'SITE000001', 'CT000029', 'PD000003', 'NORMAL', 4, 'Y', 'SYSTEM', '2026-04-20 00:00:00') ON CONFLICT DO NOTHING;
INSERT INTO shopjoy_2604.pd_category_prod (category_prod_id, site_id, category_id, prod_id, category_prod_type_cd, sort_ord, disp_yn, reg_by, reg_date) VALUES ('CP000004', 'SITE000001', 'CT000029', 'PD000004', 'NORMAL', 5, 'Y', 'SYSTEM', '2026-04-20 00:00:00') ON CONFLICT DO NOTHING;
INSERT INTO shopjoy_2604.pd_category_prod (category_prod_id, site_id, category_id, prod_id, category_prod_type_cd, sort_ord, disp_yn, reg_by, reg_date) VALUES ('CP000005', 'SITE000001', 'CT000029', 'PD000005', 'NORMAL', 6, 'Y', 'SYSTEM', '2026-04-20 00:00:00') ON CONFLICT DO NOTHING;
INSERT INTO shopjoy_2604.pd_category_prod (category_prod_id, site_id, category_id, prod_id, category_prod_type_cd, sort_ord, disp_yn, reg_by, reg_date) VALUES ('CP000006', 'SITE000001', 'CT000029', 'PD000006', 'NORMAL', 7, 'Y', 'SYSTEM', '2026-04-20 00:00:00') ON CONFLICT DO NOTHING;
INSERT INTO shopjoy_2604.pd_category_prod (category_prod_id, site_id, category_id, prod_id, category_prod_type_cd, sort_ord, disp_yn, reg_by, reg_date) VALUES ('CP000007', 'SITE000001', 'CT000029', 'PD000007', 'NORMAL', 8, 'Y', 'SYSTEM', '2026-04-20 00:00:00') ON CONFLICT DO NOTHING;
INSERT INTO shopjoy_2604.pd_category_prod (category_prod_id, site_id, category_id, prod_id, category_prod_type_cd, sort_ord, disp_yn, reg_by, reg_date) VALUES ('CP000008', 'SITE000001', 'CT000029', 'PD000008', 'NORMAL', 9, 'Y', 'SYSTEM', '2026-04-20 00:00:00') ON CONFLICT DO NOTHING;
INSERT INTO shopjoy_2604.pd_category_prod (category_prod_id, site_id, category_id, prod_id, category_prod_type_cd, sort_ord, disp_yn, reg_by, reg_date) VALUES ('CP000009', 'SITE000001', 'CT000029', 'PD000009', 'NORMAL', 10, 'Y', 'SYSTEM', '2026-04-20 00:00:00') ON CONFLICT DO NOTHING;
INSERT INTO shopjoy_2604.pd_category_prod (category_prod_id, site_id, category_id, prod_id, category_prod_type_cd, sort_ord, disp_yn, reg_by, reg_date) VALUES ('CP000010', 'SITE000001', 'CT000029', 'PD000010', 'NORMAL', 11, 'Y', 'SYSTEM', '2026-04-20 00:00:00') ON CONFLICT DO NOTHING;
INSERT INTO shopjoy_2604.pd_category_prod (category_prod_id, site_id, category_id, prod_id, category_prod_type_cd, sort_ord, disp_yn, reg_by, reg_date) VALUES ('CP000011', 'SITE000001', 'CT000030', 'PD000011', 'NORMAL', 12, 'Y', 'SYSTEM', '2026-04-20 00:00:00') ON CONFLICT DO NOTHING;
INSERT INTO shopjoy_2604.pd_category_prod (category_prod_id, site_id, category_id, prod_id, category_prod_type_cd, sort_ord, disp_yn, reg_by, reg_date) VALUES ('CP000012', 'SITE000001', 'CT000030', 'PD000012', 'NORMAL', 13, 'Y', 'SYSTEM', '2026-04-20 00:00:00') ON CONFLICT DO NOTHING;
INSERT INTO shopjoy_2604.pd_category_prod (category_prod_id, site_id, category_id, prod_id, category_prod_type_cd, sort_ord, disp_yn, reg_by, reg_date) VALUES ('CP000013', 'SITE000001', 'CT000030', 'PD000013', 'NORMAL', 14, 'Y', 'SYSTEM', '2026-04-20 00:00:00') ON CONFLICT DO NOTHING;
INSERT INTO shopjoy_2604.pd_category_prod (category_prod_id, site_id, category_id, prod_id, category_prod_type_cd, sort_ord, disp_yn, reg_by, reg_date) VALUES ('CP000014', 'SITE000001', 'CT000030', 'PD000014', 'NORMAL', 15, 'Y', 'SYSTEM', '2026-04-20 00:00:00') ON CONFLICT DO NOTHING;
INSERT INTO shopjoy_2604.pd_category_prod (category_prod_id, site_id, category_id, prod_id, category_prod_type_cd, sort_ord, disp_yn, reg_by, reg_date) VALUES ('CP000015', 'SITE000001', 'CT000030', 'PD000015', 'NORMAL', 16, 'Y', 'SYSTEM', '2026-04-20 00:00:00') ON CONFLICT DO NOTHING;
INSERT INTO shopjoy_2604.pd_category_prod (category_prod_id, site_id, category_id, prod_id, category_prod_type_cd, sort_ord, disp_yn, reg_by, reg_date) VALUES ('CP000016', 'SITE000001', 'CT000030', 'PD000016', 'NORMAL', 17, 'Y', 'SYSTEM', '2026-04-20 00:00:00') ON CONFLICT DO NOTHING;
INSERT INTO shopjoy_2604.pd_category_prod (category_prod_id, site_id, category_id, prod_id, category_prod_type_cd, sort_ord, disp_yn, reg_by, reg_date) VALUES ('CP000017', 'SITE000001', 'CT000030', 'PD000017', 'NORMAL', 18, 'Y', 'SYSTEM', '2026-04-20 00:00:00') ON CONFLICT DO NOTHING;
INSERT INTO shopjoy_2604.pd_category_prod (category_prod_id, site_id, category_id, prod_id, category_prod_type_cd, sort_ord, disp_yn, reg_by, reg_date) VALUES ('CP000018', 'SITE000001', 'CT000030', 'PD000018', 'NORMAL', 19, 'Y', 'SYSTEM', '2026-04-20 00:00:00') ON CONFLICT DO NOTHING;
INSERT INTO shopjoy_2604.pd_category_prod (category_prod_id, site_id, category_id, prod_id, category_prod_type_cd, sort_ord, disp_yn, reg_by, reg_date) VALUES ('CP000019', 'SITE000001', 'CT000030', 'PD000019', 'NORMAL', 20, 'Y', 'SYSTEM', '2026-04-20 00:00:00') ON CONFLICT DO NOTHING;
INSERT INTO shopjoy_2604.pd_category_prod (category_prod_id, site_id, category_id, prod_id, category_prod_type_cd, sort_ord, disp_yn, reg_by, reg_date) VALUES ('CP000020', 'SITE000001', 'CT000030', 'PD000020', 'NORMAL', 21, 'Y', 'SYSTEM', '2026-04-20 00:00:00') ON CONFLICT DO NOTHING;

-- ================================================================
-- 12. od_order — 주문 25건 (api/my/orders.json)
-- ================================================================
INSERT INTO shopjoy_2604.od_order (order_id, site_id, member_id, member_nm, order_date, total_amt, pay_amt, pay_method_cd, order_status_cd, reg_by, reg_date) VALUES ('ORD-2026-025', 'SITE000001', 'MB000001', '홍길동', '2026-04-05 14:32', 26900, 26900, 'TRANSFER', 'PAID', 'SYSTEM', '2026-04-20 00:00:00') ON CONFLICT DO NOTHING;
INSERT INTO shopjoy_2604.od_order (order_id, site_id, member_id, member_nm, order_date, total_amt, pay_amt, pay_method_cd, order_status_cd, reg_by, reg_date) VALUES ('ORD-2026-024', 'SITE000001', 'MB000001', '홍길동', '2026-04-04 09:18', 238800, 238800, 'TRANSFER', 'PAID', 'SYSTEM', '2026-04-20 00:00:00') ON CONFLICT DO NOTHING;
INSERT INTO shopjoy_2604.od_order (order_id, site_id, member_id, member_nm, order_date, total_amt, pay_amt, pay_method_cd, order_status_cd, reg_by, reg_date) VALUES ('ORD-2026-023', 'SITE000001', 'MB000001', '홍길동', '2026-04-02 21:05', 104000, 104000, 'TRANSFER', 'PREPARING', 'SYSTEM', '2026-04-20 00:00:00') ON CONFLICT DO NOTHING;
INSERT INTO shopjoy_2604.od_order (order_id, site_id, member_id, member_nm, order_date, total_amt, pay_amt, pay_method_cd, order_status_cd, reg_by, reg_date) VALUES ('ORD-2026-022', 'SITE000001', 'MB000001', '홍길동', '2026-03-28 16:44', 79000, 79000, 'TRANSFER', 'SHIPPING', 'SYSTEM', '2026-04-20 00:00:00') ON CONFLICT DO NOTHING;
INSERT INTO shopjoy_2604.od_order (order_id, site_id, member_id, member_nm, order_date, total_amt, pay_amt, pay_method_cd, order_status_cd, reg_by, reg_date) VALUES ('ORD-2026-021', 'SITE000001', 'MB000001', '홍길동', '2026-03-22 11:27', 55000, 55000, 'TRANSFER', 'DELIVERED', 'SYSTEM', '2026-04-20 00:00:00') ON CONFLICT DO NOTHING;
INSERT INTO shopjoy_2604.od_order (order_id, site_id, member_id, member_nm, order_date, total_amt, pay_amt, pay_method_cd, order_status_cd, reg_by, reg_date) VALUES ('ORD-2026-020', 'SITE000001', 'MB000001', '홍길동', '2026-03-18 08:53', 45000, 45000, 'TRANSFER', 'PAID', 'SYSTEM', '2026-04-20 00:00:00') ON CONFLICT DO NOTHING;
INSERT INTO shopjoy_2604.od_order (order_id, site_id, member_id, member_nm, order_date, total_amt, pay_amt, pay_method_cd, order_status_cd, reg_by, reg_date) VALUES ('ORD-2026-019', 'SITE000001', 'MB000001', '홍길동', '2026-03-14 19:01', 89000, 89000, 'TRANSFER', 'PAID', 'SYSTEM', '2026-04-20 00:00:00') ON CONFLICT DO NOTHING;
INSERT INTO shopjoy_2604.od_order (order_id, site_id, member_id, member_nm, order_date, total_amt, pay_amt, pay_method_cd, order_status_cd, reg_by, reg_date) VALUES ('ORD-2026-018', 'SITE000001', 'MB000001', '홍길동', '2026-03-10 13:22', 59800, 59800, 'TRANSFER', 'PAID', 'SYSTEM', '2026-04-20 00:00:00') ON CONFLICT DO NOTHING;
INSERT INTO shopjoy_2604.od_order (order_id, site_id, member_id, member_nm, order_date, total_amt, pay_amt, pay_method_cd, order_status_cd, reg_by, reg_date) VALUES ('ORD-2026-017', 'SITE000001', 'MB000001', '홍길동', '2026-03-07 10:48', 49000, 49000, 'TRANSFER', 'DELIVERED', 'SYSTEM', '2026-04-20 00:00:00') ON CONFLICT DO NOTHING;
INSERT INTO shopjoy_2604.od_order (order_id, site_id, member_id, member_nm, order_date, total_amt, pay_amt, pay_method_cd, order_status_cd, reg_by, reg_date) VALUES ('ORD-2026-016', 'SITE000001', 'MB000001', '홍길동', '2026-02-27 15:36', 59900, 59900, 'TRANSFER', 'PAID', 'SYSTEM', '2026-04-20 00:00:00') ON CONFLICT DO NOTHING;
INSERT INTO shopjoy_2604.od_order (order_id, site_id, member_id, member_nm, order_date, total_amt, pay_amt, pay_method_cd, order_status_cd, reg_by, reg_date) VALUES ('ORD-2026-015', 'SITE000001', 'MB000001', '홍길동', '2026-02-22 22:14', 108900, 108900, 'TRANSFER', 'PAID', 'SYSTEM', '2026-04-20 00:00:00') ON CONFLICT DO NOTHING;
INSERT INTO shopjoy_2604.od_order (order_id, site_id, member_id, member_nm, order_date, total_amt, pay_amt, pay_method_cd, order_status_cd, reg_by, reg_date) VALUES ('ORD-2026-014', 'SITE000001', 'MB000001', '홍길동', '2026-02-18 07:59', 55000, 55000, 'TRANSFER', 'PAID', 'SYSTEM', '2026-04-20 00:00:00') ON CONFLICT DO NOTHING;
INSERT INTO shopjoy_2604.od_order (order_id, site_id, member_id, member_nm, order_date, total_amt, pay_amt, pay_method_cd, order_status_cd, reg_by, reg_date) VALUES ('ORD-2026-013', 'SITE000001', 'MB000001', '홍길동', '2026-02-14 12:33', 29900, 29900, 'TRANSFER', 'PAID', 'SYSTEM', '2026-04-20 00:00:00') ON CONFLICT DO NOTHING;
INSERT INTO shopjoy_2604.od_order (order_id, site_id, member_id, member_nm, order_date, total_amt, pay_amt, pay_method_cd, order_status_cd, reg_by, reg_date) VALUES ('ORD-2026-012', 'SITE000001', 'MB000001', '홍길동', '2026-02-10 18:07', 94900, 94900, 'TRANSFER', 'PAID', 'SYSTEM', '2026-04-20 00:00:00') ON CONFLICT DO NOTHING;
INSERT INTO shopjoy_2604.od_order (order_id, site_id, member_id, member_nm, order_date, total_amt, pay_amt, pay_method_cd, order_status_cd, reg_by, reg_date) VALUES ('ORD-2026-011', 'SITE000001', 'MB000001', '홍길동', '2026-02-05 09:41', 119000, 119000, 'TRANSFER', 'PAID', 'SYSTEM', '2026-04-20 00:00:00') ON CONFLICT DO NOTHING;
INSERT INTO shopjoy_2604.od_order (order_id, site_id, member_id, member_nm, order_date, total_amt, pay_amt, pay_method_cd, order_status_cd, reg_by, reg_date) VALUES ('ORD-2026-010', 'SITE000001', 'MB000001', '홍길동', '2026-01-30 14:20', 139000, 139000, 'TRANSFER', 'PAID', 'SYSTEM', '2026-04-20 00:00:00') ON CONFLICT DO NOTHING;
INSERT INTO shopjoy_2604.od_order (order_id, site_id, member_id, member_nm, order_date, total_amt, pay_amt, pay_method_cd, order_status_cd, reg_by, reg_date) VALUES ('ORD-2026-009', 'SITE000001', 'MB000001', '홍길동', '2026-01-25 11:55', 89000, 89000, 'TRANSFER', 'DELIVERED', 'SYSTEM', '2026-04-20 00:00:00') ON CONFLICT DO NOTHING;
INSERT INTO shopjoy_2604.od_order (order_id, site_id, member_id, member_nm, order_date, total_amt, pay_amt, pay_method_cd, order_status_cd, reg_by, reg_date) VALUES ('ORD-2026-008', 'SITE000001', 'MB000001', '홍길동', '2026-01-20 17:03', 95000, 95000, 'TRANSFER', 'DELIVERED', 'SYSTEM', '2026-04-20 00:00:00') ON CONFLICT DO NOTHING;
INSERT INTO shopjoy_2604.od_order (order_id, site_id, member_id, member_nm, order_date, total_amt, pay_amt, pay_method_cd, order_status_cd, reg_by, reg_date) VALUES ('ORD-2026-007', 'SITE000001', 'MB000001', '홍길동', '2026-01-16 20:28', 79000, 79000, 'TRANSFER', 'DELIVERED', 'SYSTEM', '2026-04-20 00:00:00') ON CONFLICT DO NOTHING;
INSERT INTO shopjoy_2604.od_order (order_id, site_id, member_id, member_nm, order_date, total_amt, pay_amt, pay_method_cd, order_status_cd, reg_by, reg_date) VALUES ('ORD-2026-006', 'SITE000001', 'MB000001', '홍길동', '2026-01-12 08:16', 69000, 69000, 'TRANSFER', 'DELIVERED', 'SYSTEM', '2026-04-20 00:00:00') ON CONFLICT DO NOTHING;
INSERT INTO shopjoy_2604.od_order (order_id, site_id, member_id, member_nm, order_date, total_amt, pay_amt, pay_method_cd, order_status_cd, reg_by, reg_date) VALUES ('ORD-2026-005', 'SITE000001', 'MB000001', '홍길동', '2025-12-28 23:47', 88000, 88000, 'TRANSFER', 'DELIVERED', 'SYSTEM', '2026-04-20 00:00:00') ON CONFLICT DO NOTHING;
INSERT INTO shopjoy_2604.od_order (order_id, site_id, member_id, member_nm, order_date, total_amt, pay_amt, pay_method_cd, order_status_cd, reg_by, reg_date) VALUES ('ORD-2026-004', 'SITE000001', 'MB000001', '홍길동', '2025-12-22 16:30', 49000, 49000, 'TRANSFER', 'DELIVERED', 'SYSTEM', '2026-04-20 00:00:00') ON CONFLICT DO NOTHING;
INSERT INTO shopjoy_2604.od_order (order_id, site_id, member_id, member_nm, order_date, total_amt, pay_amt, pay_method_cd, order_status_cd, reg_by, reg_date) VALUES ('ORD-2026-003', 'SITE000001', 'MB000001', '홍길동', '2025-12-15 10:12', 38000, 38000, 'TRANSFER', 'DELIVERED', 'SYSTEM', '2026-04-20 00:00:00') ON CONFLICT DO NOTHING;
INSERT INTO shopjoy_2604.od_order (order_id, site_id, member_id, member_nm, order_date, total_amt, pay_amt, pay_method_cd, order_status_cd, reg_by, reg_date) VALUES ('ORD-2026-002', 'SITE000001', 'MB000001', '홍길동', '2025-12-08 13:58', 52000, 52000, 'TRANSFER', 'DELIVERED', 'SYSTEM', '2026-04-20 00:00:00') ON CONFLICT DO NOTHING;
INSERT INTO shopjoy_2604.od_order (order_id, site_id, member_id, member_nm, order_date, total_amt, pay_amt, pay_method_cd, order_status_cd, reg_by, reg_date) VALUES ('ORD-2026-001', 'SITE000001', 'MB000001', '홍길동', '2025-11-30 19:24', 45000, 45000, 'TRANSFER', 'PAID', 'SYSTEM', '2026-04-20 00:00:00') ON CONFLICT DO NOTHING;

-- ================================================================
-- 13. od_order_item — 주문 상품 아이템
-- ================================================================
INSERT INTO shopjoy_2604.od_order_item (order_item_id, site_id, order_id, prod_id, prod_nm, unit_price, order_qty, item_order_amt, order_item_status_cd, reg_by, reg_date) VALUES ('OI000001', 'SITE000001', 'ORD-2026-025', 'PD000001', '오버사이즈 코튼 티셔츠', 26900, 1, 26900, 'ORDER_COMPLETE', 'SYSTEM', '2026-04-20 00:00:00') ON CONFLICT DO NOTHING;
INSERT INTO shopjoy_2604.od_order_item (order_item_id, site_id, order_id, prod_id, prod_nm, unit_price, order_qty, item_order_amt, order_item_status_cd, reg_by, reg_date) VALUES ('OI000002', 'SITE000001', 'ORD-2026-024', 'PD000011', '슬림핏 데님 진', 116800, 2, 233600, 'ORDER_COMPLETE', 'SYSTEM', '2026-04-20 00:00:00') ON CONFLICT DO NOTHING;
INSERT INTO shopjoy_2604.od_order_item (order_item_id, site_id, order_id, prod_id, prod_nm, unit_price, order_qty, item_order_amt, order_item_status_cd, reg_by, reg_date) VALUES ('OI000003', 'SITE000001', 'ORD-2026-024', 'PD000021', '울 블렌드 롱코트', 119000, 1, 119000, 'ORDER_COMPLETE', 'SYSTEM', '2026-04-20 00:00:00') ON CONFLICT DO NOTHING;
INSERT INTO shopjoy_2604.od_order_item (order_item_id, site_id, order_id, prod_id, prod_nm, unit_price, order_qty, item_order_amt, order_item_status_cd, reg_by, reg_date) VALUES ('OI000004', 'SITE000001', 'ORD-2026-023', 'PD000003', '케이블 니트 스웨터', 46000, 1, 46000, 'PREPARING', 'SYSTEM', '2026-04-20 00:00:00') ON CONFLICT DO NOTHING;
INSERT INTO shopjoy_2604.od_order_item (order_item_id, site_id, order_id, prod_id, prod_nm, unit_price, order_qty, item_order_amt, order_item_status_cd, reg_by, reg_date) VALUES ('OI000005', 'SITE000001', 'ORD-2026-023', 'PD000012', '카고 와이드 팬츠', 55000, 1, 55000, 'PREPARING', 'SYSTEM', '2026-04-20 00:00:00') ON CONFLICT DO NOTHING;
INSERT INTO shopjoy_2604.od_order_item (order_item_id, site_id, order_id, prod_id, prod_nm, unit_price, order_qty, item_order_amt, order_item_status_cd, reg_by, reg_date) VALUES ('OI000006', 'SITE000001', 'ORD-2026-022', 'PD000031', '플로럴 미디 드레스', 79000, 1, 79000, 'SHIPPING', 'SYSTEM', '2026-04-20 00:00:00') ON CONFLICT DO NOTHING;
INSERT INTO shopjoy_2604.od_order_item (order_item_id, site_id, order_id, prod_id, prod_nm, unit_price, order_qty, item_order_amt, order_item_status_cd, reg_by, reg_date) VALUES ('OI000007', 'SITE000001', 'ORD-2026-021', 'PD000012', '카고 와이드 팬츠', 55000, 1, 55000, 'DELIVERED', 'SYSTEM', '2026-04-20 00:00:00') ON CONFLICT DO NOTHING;
INSERT INTO shopjoy_2604.od_order_item (order_item_id, site_id, order_id, prod_id, prod_nm, unit_price, order_qty, item_order_amt, order_item_status_cd, reg_by, reg_date) VALUES ('OI000008', 'SITE000001', 'ORD-2026-020', 'PD000002', '스트라이프 린넨 셔츠', 45000, 1, 45000, 'ORDER_COMPLETE', 'SYSTEM', '2026-04-20 00:00:00') ON CONFLICT DO NOTHING;
INSERT INTO shopjoy_2604.od_order_item (order_item_id, site_id, order_id, prod_id, prod_nm, unit_price, order_qty, item_order_amt, order_item_status_cd, reg_by, reg_date) VALUES ('OI000009', 'SITE000001', 'ORD-2026-019', 'PD000022', '퀼티드 숏 점퍼', 89000, 1, 89000, 'ORDER_COMPLETE', 'SYSTEM', '2026-04-20 00:00:00') ON CONFLICT DO NOTHING;
INSERT INTO shopjoy_2604.od_order_item (order_item_id, site_id, order_id, prod_id, prod_nm, unit_price, order_qty, item_order_amt, order_item_status_cd, reg_by, reg_date) VALUES ('OI000010', 'SITE000001', 'ORD-2026-018', 'PD000001', '오버사이즈 코튼 티셔츠', 59800, 2, 119600, 'ORDER_COMPLETE', 'SYSTEM', '2026-04-20 00:00:00') ON CONFLICT DO NOTHING;
INSERT INTO shopjoy_2604.od_order_item (order_item_id, site_id, order_id, prod_id, prod_nm, unit_price, order_qty, item_order_amt, order_item_status_cd, reg_by, reg_date) VALUES ('OI000011', 'SITE000001', 'ORD-2026-017', 'PD000003', '케이블 니트 스웨터', 49000, 1, 49000, 'DELIVERED', 'SYSTEM', '2026-04-20 00:00:00') ON CONFLICT DO NOTHING;
INSERT INTO shopjoy_2604.od_order_item (order_item_id, site_id, order_id, prod_id, prod_nm, unit_price, order_qty, item_order_amt, order_item_status_cd, reg_by, reg_date) VALUES ('OI000012', 'SITE000001', 'ORD-2026-016', 'PD000011', '슬림핏 데님 진', 59900, 1, 59900, 'ORDER_COMPLETE', 'SYSTEM', '2026-04-20 00:00:00') ON CONFLICT DO NOTHING;
INSERT INTO shopjoy_2604.od_order_item (order_item_id, site_id, order_id, prod_id, prod_nm, unit_price, order_qty, item_order_amt, order_item_status_cd, reg_by, reg_date) VALUES ('OI000013', 'SITE000001', 'ORD-2026-015', 'PD000031', '플로럴 미디 드레스', 79000, 1, 79000, 'ORDER_COMPLETE', 'SYSTEM', '2026-04-20 00:00:00') ON CONFLICT DO NOTHING;
INSERT INTO shopjoy_2604.od_order_item (order_item_id, site_id, order_id, prod_id, prod_nm, unit_price, order_qty, item_order_amt, order_item_status_cd, reg_by, reg_date) VALUES ('OI000014', 'SITE000001', 'ORD-2026-015', 'PD000001', '오버사이즈 코튼 티셔츠', 29900, 1, 29900, 'ORDER_COMPLETE', 'SYSTEM', '2026-04-20 00:00:00') ON CONFLICT DO NOTHING;
INSERT INTO shopjoy_2604.od_order_item (order_item_id, site_id, order_id, prod_id, prod_nm, unit_price, order_qty, item_order_amt, order_item_status_cd, reg_by, reg_date) VALUES ('OI000015', 'SITE000001', 'ORD-2026-014', 'PD000012', '카고 와이드 팬츠', 55000, 1, 55000, 'ORDER_COMPLETE', 'SYSTEM', '2026-04-20 00:00:00') ON CONFLICT DO NOTHING;
INSERT INTO shopjoy_2604.od_order_item (order_item_id, site_id, order_id, prod_id, prod_nm, unit_price, order_qty, item_order_amt, order_item_status_cd, reg_by, reg_date) VALUES ('OI000016', 'SITE000001', 'ORD-2026-013', 'PD000001', '오버사이즈 코튼 티셔츠', 29900, 1, 29900, 'ORDER_COMPLETE', 'SYSTEM', '2026-04-20 00:00:00') ON CONFLICT DO NOTHING;
INSERT INTO shopjoy_2604.od_order_item (order_item_id, site_id, order_id, prod_id, prod_nm, unit_price, order_qty, item_order_amt, order_item_status_cd, reg_by, reg_date) VALUES ('OI000017', 'SITE000001', 'ORD-2026-012', 'PD000011', '슬림핏 데님 진', 59900, 1, 59900, 'ORDER_COMPLETE', 'SYSTEM', '2026-04-20 00:00:00') ON CONFLICT DO NOTHING;
INSERT INTO shopjoy_2604.od_order_item (order_item_id, site_id, order_id, prod_id, prod_nm, unit_price, order_qty, item_order_amt, order_item_status_cd, reg_by, reg_date) VALUES ('OI000018', 'SITE000001', 'ORD-2026-012', 'PD000041', '캔버스 토트백', 35000, 1, 35000, 'ORDER_COMPLETE', 'SYSTEM', '2026-04-20 00:00:00') ON CONFLICT DO NOTHING;
INSERT INTO shopjoy_2604.od_order_item (order_item_id, site_id, order_id, prod_id, prod_nm, unit_price, order_qty, item_order_amt, order_item_status_cd, reg_by, reg_date) VALUES ('OI000019', 'SITE000001', 'ORD-2026-011', 'PD000021', '울 블렌드 롱코트', 119000, 1, 119000, 'ORDER_COMPLETE', 'SYSTEM', '2026-04-20 00:00:00') ON CONFLICT DO NOTHING;
INSERT INTO shopjoy_2604.od_order_item (order_item_id, site_id, order_id, prod_id, prod_nm, unit_price, order_qty, item_order_amt, order_item_status_cd, reg_by, reg_date) VALUES ('OI000020', 'SITE000001', 'ORD-2026-010', 'PD000024', '레더룩 라이더 재킷', 139000, 1, 139000, 'ORDER_COMPLETE', 'SYSTEM', '2026-04-20 00:00:00') ON CONFLICT DO NOTHING;
INSERT INTO shopjoy_2604.od_order_item (order_item_id, site_id, order_id, prod_id, prod_nm, unit_price, order_qty, item_order_amt, order_item_status_cd, reg_by, reg_date) VALUES ('OI000021', 'SITE000001', 'ORD-2026-009', 'PD000022', '퀼티드 숏 점퍼', 89000, 1, 89000, 'DELIVERED', 'SYSTEM', '2026-04-20 00:00:00') ON CONFLICT DO NOTHING;
INSERT INTO shopjoy_2604.od_order_item (order_item_id, site_id, order_id, prod_id, prod_nm, unit_price, order_qty, item_order_amt, order_item_status_cd, reg_by, reg_date) VALUES ('OI000022', 'SITE000001', 'ORD-2026-008', 'PD000025', '리넨 오버핏 블레이저', 95000, 1, 95000, 'DELIVERED', 'SYSTEM', '2026-04-20 00:00:00') ON CONFLICT DO NOTHING;
INSERT INTO shopjoy_2604.od_order_item (order_item_id, site_id, order_id, prod_id, prod_nm, unit_price, order_qty, item_order_amt, order_item_status_cd, reg_by, reg_date) VALUES ('OI000023', 'SITE000001', 'ORD-2026-007', 'PD000031', '플로럴 미디 드레스', 79000, 1, 79000, 'DELIVERED', 'SYSTEM', '2026-04-20 00:00:00') ON CONFLICT DO NOTHING;
INSERT INTO shopjoy_2604.od_order_item (order_item_id, site_id, order_id, prod_id, prod_nm, unit_price, order_qty, item_order_amt, order_item_status_cd, reg_by, reg_date) VALUES ('OI000024', 'SITE000001', 'ORD-2026-006', 'PD000009', '후드 집업 스웨트셔츠', 69000, 1, 69000, 'DELIVERED', 'SYSTEM', '2026-04-20 00:00:00') ON CONFLICT DO NOTHING;
INSERT INTO shopjoy_2604.od_order_item (order_item_id, site_id, order_id, prod_id, prod_nm, unit_price, order_qty, item_order_amt, order_item_status_cd, reg_by, reg_date) VALUES ('OI000025', 'SITE000001', 'ORD-2026-005', 'PD000033', '맥시 롱 원피스', 88000, 1, 88000, 'DELIVERED', 'SYSTEM', '2026-04-20 00:00:00') ON CONFLICT DO NOTHING;
INSERT INTO shopjoy_2604.od_order_item (order_item_id, site_id, order_id, prod_id, prod_nm, unit_price, order_qty, item_order_amt, order_item_status_cd, reg_by, reg_date) VALUES ('OI000026', 'SITE000001', 'ORD-2026-004', 'PD000003', '케이블 니트 스웨터', 49000, 1, 49000, 'DELIVERED', 'SYSTEM', '2026-04-20 00:00:00') ON CONFLICT DO NOTHING;
INSERT INTO shopjoy_2604.od_order_item (order_item_id, site_id, order_id, prod_id, prod_nm, unit_price, order_qty, item_order_amt, order_item_status_cd, reg_by, reg_date) VALUES ('OI000027', 'SITE000001', 'ORD-2026-003', 'PD000014', '조거 스웻 팬츠', 38000, 1, 38000, 'DELIVERED', 'SYSTEM', '2026-04-20 00:00:00') ON CONFLICT DO NOTHING;
INSERT INTO shopjoy_2604.od_order_item (order_item_id, site_id, order_id, prod_id, prod_nm, unit_price, order_qty, item_order_amt, order_item_status_cd, reg_by, reg_date) VALUES ('OI000028', 'SITE000001', 'ORD-2026-002', 'PD000005', '체크 플란넬 셔츠', 52000, 1, 52000, 'DELIVERED', 'SYSTEM', '2026-04-20 00:00:00') ON CONFLICT DO NOTHING;
INSERT INTO shopjoy_2604.od_order_item (order_item_id, site_id, order_id, prod_id, prod_nm, unit_price, order_qty, item_order_amt, order_item_status_cd, reg_by, reg_date) VALUES ('OI000029', 'SITE000001', 'ORD-2026-001', 'PD000002', '스트라이프 린넨 셔츠', 45000, 1, 45000, 'ORDER_COMPLETE', 'SYSTEM', '2026-04-20 00:00:00') ON CONFLICT DO NOTHING;

-- ================================================================
-- 14. mb_member_addr — 회원 배송 주소
-- ================================================================
INSERT INTO shopjoy_2604.mb_member_addr (addr_id, site_id, member_id, addr_nm, recv_nm, recv_phone, addr, is_default, reg_by, reg_date) VALUES ('MA000001', 'SITE000001', 'MB000001', '기본배송지', '홍길동', '010-1111-1111', '서울 강남구 테헤란로 123', 'Y', 'SYSTEM', '2026-04-20 00:00:00') ON CONFLICT DO NOTHING;

-- ================================================================
-- 15. pm_coupon_issue — 쿠폰 발급 이력
-- ================================================================
INSERT INTO shopjoy_2604.pm_coupon_issue (issue_id, site_id, coupon_id, member_id, issue_date, use_yn, reg_by, reg_date) VALUES ('CI000001', 'SITE000001', 'CO000001', 'MB000001', '2026-04-01', 'N', 'SYSTEM', '2026-04-20 00:00:00') ON CONFLICT DO NOTHING;
INSERT INTO shopjoy_2604.pm_coupon_issue (issue_id, site_id, coupon_id, member_id, issue_date, use_yn, reg_by, reg_date) VALUES ('CI000002', 'SITE000001', 'CO000002', 'MB000001', '2026-04-05', 'N', 'SYSTEM', '2026-04-20 00:00:00') ON CONFLICT DO NOTHING;
INSERT INTO shopjoy_2604.pm_coupon_issue (issue_id, site_id, coupon_id, member_id, issue_date, use_yn, reg_by, reg_date) VALUES ('CI000003', 'SITE000001', 'CO000003', 'MB000001', '2026-03-20', 'N', 'SYSTEM', '2026-04-20 00:00:00') ON CONFLICT DO NOTHING;
INSERT INTO shopjoy_2604.pm_coupon_issue (issue_id, site_id, coupon_id, member_id, issue_date, use_yn, reg_by, reg_date) VALUES ('CI000004', 'SITE000001', 'CO000004', 'MB000001', '2026-02-15', 'N', 'SYSTEM', '2026-04-20 00:00:00') ON CONFLICT DO NOTHING;
INSERT INTO shopjoy_2604.pm_coupon_issue (issue_id, site_id, coupon_id, member_id, issue_date, use_yn, reg_by, reg_date) VALUES ('CI000005', 'SITE000001', 'CO000005', 'MB000001', '2026-03-01', 'N', 'SYSTEM', '2026-04-20 00:00:00') ON CONFLICT DO NOTHING;
INSERT INTO shopjoy_2604.pm_coupon_issue (issue_id, site_id, coupon_id, member_id, issue_date, use_yn, reg_by, reg_date) VALUES ('CI000006', 'SITE000001', 'CO000006', 'MB000001', '2026-01-10', 'N', 'SYSTEM', '2026-04-20 00:00:00') ON CONFLICT DO NOTHING;
INSERT INTO shopjoy_2604.pm_coupon_issue (issue_id, site_id, coupon_id, member_id, issue_date, use_yn, reg_by, reg_date) VALUES ('CI000007', 'SITE000001', 'CO000106', 'MB000001', '2026-03-28', 'N', 'SYSTEM', '2026-04-20 00:00:00') ON CONFLICT DO NOTHING;
INSERT INTO shopjoy_2604.pm_coupon_issue (issue_id, site_id, coupon_id, member_id, issue_date, use_yn, reg_by, reg_date) VALUES ('CI000008', 'SITE000001', 'CO000107', 'MB000001', '2026-02-20', 'N', 'SYSTEM', '2026-04-20 00:00:00') ON CONFLICT DO NOTHING;
INSERT INTO shopjoy_2604.pm_coupon_issue (issue_id, site_id, coupon_id, member_id, issue_date, use_yn, reg_by, reg_date) VALUES ('CI000009', 'SITE000001', 'CO000108', 'MB000001', '2026-01-05', 'N', 'SYSTEM', '2026-04-20 00:00:00') ON CONFLICT DO NOTHING;
INSERT INTO shopjoy_2604.pm_coupon_issue (issue_id, site_id, coupon_id, member_id, issue_date, use_yn, reg_by, reg_date) VALUES ('CI000010', 'SITE000001', 'CO000109', 'MB000001', '2025-12-01', 'N', 'SYSTEM', '2026-04-20 00:00:00') ON CONFLICT DO NOTHING;
INSERT INTO shopjoy_2604.pm_coupon_issue (issue_id, site_id, coupon_id, member_id, issue_date, use_yn, reg_by, reg_date) VALUES ('CI000011', 'SITE000001', 'CO000007', 'MB000001', '2026-01-15', 'Y', 'SYSTEM', '2026-04-20 00:00:00') ON CONFLICT DO NOTHING;
INSERT INTO shopjoy_2604.pm_coupon_issue (issue_id, site_id, coupon_id, member_id, issue_date, use_yn, reg_by, reg_date) VALUES ('CI000012', 'SITE000001', 'CO000008', 'MB000001', '2025-11-20', 'Y', 'SYSTEM', '2026-04-20 00:00:00') ON CONFLICT DO NOTHING;

-- ================================================================
-- 16. pm_cache — 캐시 이력 (api/my/cash.json)
-- ================================================================
INSERT INTO shopjoy_2604.pm_cache (cache_id, site_id, member_id, member_nm, cache_type_cd, cache_amt, balance_amt, cache_desc, cache_date, reg_by, reg_date) VALUES ('CC000100', 'SITE000001', 'MB000001', '홍길동', 'CHARGE', 5000, 23500, '이벤트 참여 적립', '2026-04-05 14:22', 'SYSTEM', '2026-04-20 00:00:00') ON CONFLICT DO NOTHING;
INSERT INTO shopjoy_2604.pm_cache (cache_id, site_id, member_id, member_nm, cache_type_cd, cache_amt, balance_amt, cache_desc, cache_date, reg_by, reg_date) VALUES ('CC000101', 'SITE000001', 'MB000001', '홍길동', 'REFUND', 4500, 18500, '캐쉬 잔액 환불 신청', '2026-04-03 14:10', 'SYSTEM', '2026-04-20 00:00:00') ON CONFLICT DO NOTHING;
INSERT INTO shopjoy_2604.pm_cache (cache_id, site_id, member_id, member_nm, cache_type_cd, cache_amt, balance_amt, cache_desc, cache_date, reg_by, reg_date) VALUES ('CC000102', 'SITE000001', 'MB000001', '홍길동', 'USE', -3000, 23000, 'ORD-2026-023 결제 사용', '2026-03-28 16:50', 'SYSTEM', '2026-04-20 00:00:00') ON CONFLICT DO NOTHING;
INSERT INTO shopjoy_2604.pm_cache (cache_id, site_id, member_id, member_nm, cache_type_cd, cache_amt, balance_amt, cache_desc, cache_date, reg_by, reg_date) VALUES ('CC000103', 'SITE000001', 'MB000001', '홍길동', 'CHARGE', 10000, 26000, '직접 충전', '2026-03-22 11:05', 'SYSTEM', '2026-04-20 00:00:00') ON CONFLICT DO NOTHING;
INSERT INTO shopjoy_2604.pm_cache (cache_id, site_id, member_id, member_nm, cache_type_cd, cache_amt, balance_amt, cache_desc, cache_date, reg_by, reg_date) VALUES ('CC000104', 'SITE000001', 'MB000001', '홍길동', 'USE', -5000, 16000, 'ORD-2026-022 결제 사용', '2026-03-15 09:33', 'SYSTEM', '2026-04-20 00:00:00') ON CONFLICT DO NOTHING;
INSERT INTO shopjoy_2604.pm_cache (cache_id, site_id, member_id, member_nm, cache_type_cd, cache_amt, balance_amt, cache_desc, cache_date, reg_by, reg_date) VALUES ('CC000105', 'SITE000001', 'MB000001', '홍길동', 'CHARGE', 3000, 21000, '리뷰 작성 적립', '2026-03-10 20:14', 'SYSTEM', '2026-04-20 00:00:00') ON CONFLICT DO NOTHING;
INSERT INTO shopjoy_2604.pm_cache (cache_id, site_id, member_id, member_nm, cache_type_cd, cache_amt, balance_amt, cache_desc, cache_date, reg_by, reg_date) VALUES ('CC000106', 'SITE000001', 'MB000001', '홍길동', 'REFUND', 9500, 18000, '캐쉬 잔액 환불 신청', '2026-03-08 09:25', 'SYSTEM', '2026-04-20 00:00:00') ON CONFLICT DO NOTHING;
INSERT INTO shopjoy_2604.pm_cache (cache_id, site_id, member_id, member_nm, cache_type_cd, cache_amt, balance_amt, cache_desc, cache_date, reg_by, reg_date) VALUES ('CC000107', 'SITE000001', 'MB000001', '홍길동', 'USE', -2000, 27500, 'ORD-2026-021 결제 사용', '2026-03-05 13:47', 'SYSTEM', '2026-04-20 00:00:00') ON CONFLICT DO NOTHING;
INSERT INTO shopjoy_2604.pm_cache (cache_id, site_id, member_id, member_nm, cache_type_cd, cache_amt, balance_amt, cache_desc, cache_date, reg_by, reg_date) VALUES ('CC000108', 'SITE000001', 'MB000001', '홍길동', 'CHARGE', 5000, 29500, '친구 초대 적립', '2026-02-25 17:28', 'SYSTEM', '2026-04-20 00:00:00') ON CONFLICT DO NOTHING;
INSERT INTO shopjoy_2604.pm_cache (cache_id, site_id, member_id, member_nm, cache_type_cd, cache_amt, balance_amt, cache_desc, cache_date, reg_by, reg_date) VALUES ('CC000109', 'SITE000001', 'MB000001', '홍길동', 'USE', -1500, 24500, 'ORD-2026-020 결제 사용', '2026-02-18 08:55', 'SYSTEM', '2026-04-20 00:00:00') ON CONFLICT DO NOTHING;
INSERT INTO shopjoy_2604.pm_cache (cache_id, site_id, member_id, member_nm, cache_type_cd, cache_amt, balance_amt, cache_desc, cache_date, reg_by, reg_date) VALUES ('CC000110', 'SITE000001', 'MB000001', '홍길동', 'CHARGE', 10000, 26000, '직접 충전', '2026-02-10 19:02', 'SYSTEM', '2026-04-20 00:00:00') ON CONFLICT DO NOTHING;
INSERT INTO shopjoy_2604.pm_cache (cache_id, site_id, member_id, member_nm, cache_type_cd, cache_amt, balance_amt, cache_desc, cache_date, reg_by, reg_date) VALUES ('CC000111', 'SITE000001', 'MB000001', '홍길동', 'USE', -3000, 16000, 'ORD-2026-019 결제 취소 환불', '2026-02-05 11:30', 'SYSTEM', '2026-04-20 00:00:00') ON CONFLICT DO NOTHING;
INSERT INTO shopjoy_2604.pm_cache (cache_id, site_id, member_id, member_nm, cache_type_cd, cache_amt, balance_amt, cache_desc, cache_date, reg_by, reg_date) VALUES ('CC000112', 'SITE000001', 'MB000001', '홍길동', 'CHARGE', 2000, 19000, '생일 축하 적립', '2026-01-30 10:00', 'SYSTEM', '2026-04-20 00:00:00') ON CONFLICT DO NOTHING;
INSERT INTO shopjoy_2604.pm_cache (cache_id, site_id, member_id, member_nm, cache_type_cd, cache_amt, balance_amt, cache_desc, cache_date, reg_by, reg_date) VALUES ('CC000113', 'SITE000001', 'MB000001', '홍길동', 'USE', -1000, 17000, 'ORD-2026-018 결제 사용', '2026-01-25 15:44', 'SYSTEM', '2026-04-20 00:00:00') ON CONFLICT DO NOTHING;
INSERT INTO shopjoy_2604.pm_cache (cache_id, site_id, member_id, member_nm, cache_type_cd, cache_amt, balance_amt, cache_desc, cache_date, reg_by, reg_date) VALUES ('CC000114', 'SITE000001', 'MB000001', '홍길동', 'CHARGE', 5000, 18000, '이벤트 참여 적립', '2026-01-20 08:31', 'SYSTEM', '2026-04-20 00:00:00') ON CONFLICT DO NOTHING;
INSERT INTO shopjoy_2604.pm_cache (cache_id, site_id, member_id, member_nm, cache_type_cd, cache_amt, balance_amt, cache_desc, cache_date, reg_by, reg_date) VALUES ('CC000115', 'SITE000001', 'MB000001', '홍길동', 'USE', -2000, 13000, 'ORD-2026-017 결제 사용', '2026-01-15 22:19', 'SYSTEM', '2026-04-20 00:00:00') ON CONFLICT DO NOTHING;
INSERT INTO shopjoy_2604.pm_cache (cache_id, site_id, member_id, member_nm, cache_type_cd, cache_amt, balance_amt, cache_desc, cache_date, reg_by, reg_date) VALUES ('CC000116', 'SITE000001', 'MB000001', '홍길동', 'CHARGE', 3000, 15000, '리뷰 작성 적립', '2026-01-10 14:06', 'SYSTEM', '2026-04-20 00:00:00') ON CONFLICT DO NOTHING;
INSERT INTO shopjoy_2604.pm_cache (cache_id, site_id, member_id, member_nm, cache_type_cd, cache_amt, balance_amt, cache_desc, cache_date, reg_by, reg_date) VALUES ('CC000117', 'SITE000001', 'MB000001', '홍길동', 'CHARGE', 10000, 12000, '연말 이벤트 적립', '2025-12-28 09:50', 'SYSTEM', '2026-04-20 00:00:00') ON CONFLICT DO NOTHING;
INSERT INTO shopjoy_2604.pm_cache (cache_id, site_id, member_id, member_nm, cache_type_cd, cache_amt, balance_amt, cache_desc, cache_date, reg_by, reg_date) VALUES ('CC000118', 'SITE000001', 'MB000001', '홍길동', 'USE', -5000, 2000, 'ORD-2025-005 결제 사용', '2025-12-22 18:37', 'SYSTEM', '2026-04-20 00:00:00') ON CONFLICT DO NOTHING;
INSERT INTO shopjoy_2604.pm_cache (cache_id, site_id, member_id, member_nm, cache_type_cd, cache_amt, balance_amt, cache_desc, cache_date, reg_by, reg_date) VALUES ('CC000119', 'SITE000001', 'MB000001', '홍길동', 'CHARGE', 5000, 7000, '직접 충전', '2025-12-15 12:23', 'SYSTEM', '2026-04-20 00:00:00') ON CONFLICT DO NOTHING;
INSERT INTO shopjoy_2604.pm_cache (cache_id, site_id, member_id, member_nm, cache_type_cd, cache_amt, balance_amt, cache_desc, cache_date, reg_by, reg_date) VALUES ('CC000120', 'SITE000001', 'MB000001', '홍길동', 'CHARGE', 3000, 2000, '회원가입 축하 적립', '2025-12-08 07:58', 'SYSTEM', '2026-04-20 00:00:00') ON CONFLICT DO NOTHING;
INSERT INTO shopjoy_2604.pm_cache (cache_id, site_id, member_id, member_nm, cache_type_cd, cache_amt, balance_amt, cache_desc, cache_date, reg_by, reg_date) VALUES ('CC000121', 'SITE000001', 'MB000001', '홍길동', 'CHARGE', 5000, -1000, '첫 구매 적립', '2025-11-30 16:45', 'SYSTEM', '2026-04-20 00:00:00') ON CONFLICT DO NOTHING;

-- ================================================================
-- 17. sy_contact — 문의 이력 (api/my/inquiries.json)
-- ================================================================
INSERT INTO shopjoy_2604.sy_contact (contact_id, site_id, member_id, member_nm, category_cd, contact_title, contact_content, contact_status_cd, contact_answer, contact_date, reg_by, reg_date) VALUES ('CQ000100', 'SITE000001', 'MB000001', '홍길동', '배송 문의', '주문 후 배송 현황 확인 요청', '오늘 주문했는데 언제 발송될까요?', 'REQUEST', NULL, '2026-04-06 14:35', 'SYSTEM', '2026-04-20 00:00:00') ON CONFLICT DO NOTHING;
INSERT INTO shopjoy_2604.sy_contact (contact_id, site_id, member_id, member_nm, category_cd, contact_title, contact_content, contact_status_cd, contact_answer, contact_date, reg_by, reg_date) VALUES ('CQ000101', 'SITE000001', 'MB000001', '홍길동', '상품 문의', '울 블렌드 롱코트 사이즈 문의', 'M과 L 중 어떤 사이즈가 맞을지 궁금합니다. 키 168cm 58kg입니다.', 'PROCESSING', NULL, '2026-04-04 11:02', 'SYSTEM', '2026-04-20 00:00:00') ON CONFLICT DO NOTHING;
INSERT INTO shopjoy_2604.sy_contact (contact_id, site_id, member_id, member_nm, category_cd, contact_title, contact_content, contact_status_cd, contact_answer, contact_date, reg_by, reg_date) VALUES ('CQ000102', 'SITE000001', 'MB000001', '홍길동', '교환·반품 문의', '색상이 사진과 달라요', '받은 상품 색상이 사이트 이미지와 많이 다릅니다. 교환 가능한가요?', 'ANSWERED', '안녕하세요. 모니터 설정에 따라 차이가 있을 수 있습니다. 교환 접수 도와드리겠습니다. 고객센터로 연락 부탁드립니다.', '2026-03-30 09:48', 'SYSTEM', '2026-04-20 00:00:00') ON CONFLICT DO NOTHING;
INSERT INTO shopjoy_2604.sy_contact (contact_id, site_id, member_id, member_nm, category_cd, contact_title, contact_content, contact_status_cd, contact_answer, contact_date, reg_by, reg_date) VALUES ('CQ000103', 'SITE000001', 'MB000001', '홍길동', '주문·결제 문의', '주문 취소 요청', '실수로 주문했습니다. 취소 가능할까요?', 'REQUEST', NULL, '2026-03-28 17:23', 'SYSTEM', '2026-04-20 00:00:00') ON CONFLICT DO NOTHING;
INSERT INTO shopjoy_2604.sy_contact (contact_id, site_id, member_id, member_nm, category_cd, contact_title, contact_content, contact_status_cd, contact_answer, contact_date, reg_by, reg_date) VALUES ('CQ000104', 'SITE000001', 'MB000001', '홍길동', '배송 문의', '배송지 변경 요청', '배송 출발 전에 주소 변경이 가능한가요?', 'ANSWERED', '배송 출발 전이라면 변경 가능합니다. 빠르게 연락 주세요.', '2026-03-25 10:15', 'SYSTEM', '2026-04-20 00:00:00') ON CONFLICT DO NOTHING;
INSERT INTO shopjoy_2604.sy_contact (contact_id, site_id, member_id, member_nm, category_cd, contact_title, contact_content, contact_status_cd, contact_answer, contact_date, reg_by, reg_date) VALUES ('CQ000105', 'SITE000001', 'MB000001', '홍길동', '상품 문의', '재입고 문의', '블랙 XL 사이즈 재입고 예정이 있나요?', 'PROCESSING', NULL, '2026-03-20 16:44', 'SYSTEM', '2026-04-20 00:00:00') ON CONFLICT DO NOTHING;
INSERT INTO shopjoy_2604.sy_contact (contact_id, site_id, member_id, member_nm, category_cd, contact_title, contact_content, contact_status_cd, contact_answer, contact_date, reg_by, reg_date) VALUES ('CQ000106', 'SITE000001', 'MB000001', '홍길동', '교환·반품 문의', '반품 신청', '사이즈가 맞지 않아 반품하고 싶습니다.', 'ANSWERED', '반품 접수 완료되었습니다. 택배 회수 후 환불 처리됩니다.', '2026-03-18 08:30', 'SYSTEM', '2026-04-20 00:00:00') ON CONFLICT DO NOTHING;
INSERT INTO shopjoy_2604.sy_contact (contact_id, site_id, member_id, member_nm, category_cd, contact_title, contact_content, contact_status_cd, contact_answer, contact_date, reg_by, reg_date) VALUES ('CQ000107', 'SITE000001', 'MB000001', '홍길동', '기타 문의', '쿠폰 사용 방법 문의', '쿠폰을 어디서 사용하나요?', 'ANSWERED', '주문 결제 페이지에서 쿠폰을 적용하실 수 있습니다.', '2026-03-15 13:55', 'SYSTEM', '2026-04-20 00:00:00') ON CONFLICT DO NOTHING;
INSERT INTO shopjoy_2604.sy_contact (contact_id, site_id, member_id, member_nm, category_cd, contact_title, contact_content, contact_status_cd, contact_answer, contact_date, reg_by, reg_date) VALUES ('CQ000108', 'SITE000001', 'MB000001', '홍길동', '주문·결제 문의', '입금 확인 요청', '계좌이체 입금했는데 아직 확인이 안 됩니다.', 'ANSWERED', '입금 확인 완료되었습니다. 발송 처리 예정입니다.', '2026-03-10 19:07', 'SYSTEM', '2026-04-20 00:00:00') ON CONFLICT DO NOTHING;
INSERT INTO shopjoy_2604.sy_contact (contact_id, site_id, member_id, member_nm, category_cd, contact_title, contact_content, contact_status_cd, contact_answer, contact_date, reg_by, reg_date) VALUES ('CQ000109', 'SITE000001', 'MB000001', '홍길동', '배송 문의', '배송 지연 문의', '예상 배송일이 지났는데 아직 도착하지 않았습니다.', 'ANSWERED', '택배사 지연 상황으로 내일 오전 배송 예정입니다. 불편드려 죄송합니다.', '2026-03-07 21:40', 'SYSTEM', '2026-04-20 00:00:00') ON CONFLICT DO NOTHING;
INSERT INTO shopjoy_2604.sy_contact (contact_id, site_id, member_id, member_nm, category_cd, contact_title, contact_content, contact_status_cd, contact_answer, contact_date, reg_by, reg_date) VALUES ('CQ000110', 'SITE000001', 'MB000001', '홍길동', '상품 문의', '세탁 방법 문의', '울 블렌드 코트 세탁은 어떻게 하나요?', 'REQUEST', NULL, '2026-02-28 11:22', 'SYSTEM', '2026-04-20 00:00:00') ON CONFLICT DO NOTHING;
INSERT INTO shopjoy_2604.sy_contact (contact_id, site_id, member_id, member_nm, category_cd, contact_title, contact_content, contact_status_cd, contact_answer, contact_date, reg_by, reg_date) VALUES ('CQ000111', 'SITE000001', 'MB000001', '홍길동', '교환·반품 문의', '교환 신청', '스트라이프 셔츠 M을 L로 교환하고 싶습니다.', 'ANSWERED', '교환 접수 완료되었습니다. 새 상품 발송까지 3~5일 소요됩니다.', '2026-02-22 15:09', 'SYSTEM', '2026-04-20 00:00:00') ON CONFLICT DO NOTHING;
INSERT INTO shopjoy_2604.sy_contact (contact_id, site_id, member_id, member_nm, category_cd, contact_title, contact_content, contact_status_cd, contact_answer, contact_date, reg_by, reg_date) VALUES ('CQ000112', 'SITE000001', 'MB000001', '홍길동', '기타 문의', '회원 등급 문의', 'VIP 등급 기준이 어떻게 되나요?', 'ANSWERED', '연간 구매 금액 50만원 이상 시 VIP 등급이 부여됩니다.', '2026-02-15 10:33', 'SYSTEM', '2026-04-20 00:00:00') ON CONFLICT DO NOTHING;
INSERT INTO shopjoy_2604.sy_contact (contact_id, site_id, member_id, member_nm, category_cd, contact_title, contact_content, contact_status_cd, contact_answer, contact_date, reg_by, reg_date) VALUES ('CQ000113', 'SITE000001', 'MB000001', '홍길동', '주문·결제 문의', '세금계산서 발행 요청', '사업자 구매로 세금계산서 발행 가능한가요?', 'PROCESSING', NULL, '2026-02-10 09:17', 'SYSTEM', '2026-04-20 00:00:00') ON CONFLICT DO NOTHING;
INSERT INTO shopjoy_2604.sy_contact (contact_id, site_id, member_id, member_nm, category_cd, contact_title, contact_content, contact_status_cd, contact_answer, contact_date, reg_by, reg_date) VALUES ('CQ000114', 'SITE000001', 'MB000001', '홍길동', '배송 문의', '해외 배송 가능 여부', '일본으로 배송 가능한가요?', 'ANSWERED', '현재는 국내 배송만 가능합니다. 해외 배송은 준비 중입니다.', '2026-02-05 18:51', 'SYSTEM', '2026-04-20 00:00:00') ON CONFLICT DO NOTHING;

-- ================================================================
-- 18. od_claim — 클레임 (api/my/claims + after-sales)
-- ================================================================
INSERT INTO shopjoy_2604.od_claim (claim_id, site_id, order_id, member_id, member_nm, claim_type_cd, claim_status_cd, reason_detail, refund_amt, request_date, reg_by, reg_date) VALUES ('CLM-2026-013', 'SITE000001', 'ORD-2026-013', 'MB000001', '홍길동', 'CANCEL', 'REQUEST', '단순변심', 29900, '2026-04-06 11:23', 'SYSTEM', '2026-04-20 00:00:00') ON CONFLICT DO NOTHING;
INSERT INTO shopjoy_2604.od_claim (claim_id, site_id, order_id, member_id, member_nm, claim_type_cd, claim_status_cd, reason_detail, refund_amt, request_date, reg_by, reg_date) VALUES ('CLM-2026-012', 'SITE000001', 'ORD-2026-012', 'MB000001', '홍길동', 'CANCEL', 'REQUEST', '주문실수', 94900, '2026-04-04 09:47', 'SYSTEM', '2026-04-20 00:00:00') ON CONFLICT DO NOTHING;
INSERT INTO shopjoy_2604.od_claim (claim_id, site_id, order_id, member_id, member_nm, claim_type_cd, claim_status_cd, reason_detail, refund_amt, request_date, reg_by, reg_date) VALUES ('CLM-2026-011', 'SITE000001', 'ORD-2026-011', 'MB000001', '홍길동', 'CANCEL', 'COMPLETE', '배송지연', 119000, '2026-04-01 15:08', 'SYSTEM', '2026-04-20 00:00:00') ON CONFLICT DO NOTHING;
INSERT INTO shopjoy_2604.od_claim (claim_id, site_id, order_id, member_id, member_nm, claim_type_cd, claim_status_cd, reason_detail, refund_amt, request_date, reg_by, reg_date) VALUES ('CLM-2026-010', 'SITE000001', 'ORD-2026-010', 'MB000001', '홍길동', 'CANCEL', 'COMPLETE', '타사 구매', 139000, '2026-03-28 18:34', 'SYSTEM', '2026-04-20 00:00:00') ON CONFLICT DO NOTHING;
INSERT INTO shopjoy_2604.od_claim (claim_id, site_id, order_id, member_id, member_nm, claim_type_cd, claim_status_cd, reason_detail, refund_amt, request_date, reg_by, reg_date) VALUES ('CLM-2026-009', 'SITE000001', 'ORD-2026-009', 'MB000001', '홍길동', 'RETURN', 'REQUEST', '상품불량', 89000, '2026-04-05 20:11', 'SYSTEM', '2026-04-20 00:00:00') ON CONFLICT DO NOTHING;
INSERT INTO shopjoy_2604.od_claim (claim_id, site_id, order_id, member_id, member_nm, claim_type_cd, claim_status_cd, reason_detail, refund_amt, request_date, reg_by, reg_date) VALUES ('CLM-2026-008', 'SITE000001', 'ORD-2026-008', 'MB000001', '홍길동', 'RETURN', 'REQUEST', '사이즈 불일치', 95000, '2026-04-03 13:52', 'SYSTEM', '2026-04-20 00:00:00') ON CONFLICT DO NOTHING;
INSERT INTO shopjoy_2604.od_claim (claim_id, site_id, order_id, member_id, member_nm, claim_type_cd, claim_status_cd, reason_detail, refund_amt, request_date, reg_by, reg_date) VALUES ('CLM-2026-007', 'SITE000001', 'ORD-2026-007', 'MB000001', '홍길동', 'RETURN', 'REQUEST', '색상 상이', 79000, '2026-03-30 08:29', 'SYSTEM', '2026-04-20 00:00:00') ON CONFLICT DO NOTHING;
INSERT INTO shopjoy_2604.od_claim (claim_id, site_id, order_id, member_id, member_nm, claim_type_cd, claim_status_cd, reason_detail, refund_amt, request_date, reg_by, reg_date) VALUES ('CLM-2026-006', 'SITE000001', 'ORD-2026-006', 'MB000001', '홍길동', 'RETURN', 'REQUEST', '상품불량', 69000, '2026-03-25 16:44', 'SYSTEM', '2026-04-20 00:00:00') ON CONFLICT DO NOTHING;
INSERT INTO shopjoy_2604.od_claim (claim_id, site_id, order_id, member_id, member_nm, claim_type_cd, claim_status_cd, reason_detail, refund_amt, request_date, reg_by, reg_date) VALUES ('CLM-2026-005', 'SITE000001', 'ORD-2026-005', 'MB000001', '홍길동', 'RETURN', 'REQUEST', '단순변심', 88000, '2026-03-18 10:17', 'SYSTEM', '2026-04-20 00:00:00') ON CONFLICT DO NOTHING;
INSERT INTO shopjoy_2604.od_claim (claim_id, site_id, order_id, member_id, member_nm, claim_type_cd, claim_status_cd, reason_detail, refund_amt, request_date, reg_by, reg_date) VALUES ('CLM-2026-004', 'SITE000001', 'ORD-2026-004', 'MB000001', '홍길동', 'EXCHANGE', 'REQUEST', '사이즈 불일치', 0, '2026-04-06 22:05', 'SYSTEM', '2026-04-20 00:00:00') ON CONFLICT DO NOTHING;
INSERT INTO shopjoy_2604.od_claim (claim_id, site_id, order_id, member_id, member_nm, claim_type_cd, claim_status_cd, reason_detail, refund_amt, request_date, reg_by, reg_date) VALUES ('CLM-2026-003', 'SITE000001', 'ORD-2026-003', 'MB000001', '홍길동', 'EXCHANGE', 'REQUEST', '색상 변경', 0, '2026-04-02 07:38', 'SYSTEM', '2026-04-20 00:00:00') ON CONFLICT DO NOTHING;
INSERT INTO shopjoy_2604.od_claim (claim_id, site_id, order_id, member_id, member_nm, claim_type_cd, claim_status_cd, reason_detail, refund_amt, request_date, reg_by, reg_date) VALUES ('CLM-2026-002', 'SITE000001', 'ORD-2026-002', 'MB000001', '홍길동', 'EXCHANGE', 'REQUEST', '사이즈 불일치', 0, '2026-03-26 19:51', 'SYSTEM', '2026-04-20 00:00:00') ON CONFLICT DO NOTHING;
INSERT INTO shopjoy_2604.od_claim (claim_id, site_id, order_id, member_id, member_nm, claim_type_cd, claim_status_cd, reason_detail, refund_amt, request_date, reg_by, reg_date) VALUES ('CLM-2026-001', 'SITE000001', 'ORD-2026-001', 'MB000001', '홍길동', 'EXCHANGE', 'COMPLETE', '상품불량', 0, '2026-03-15 12:44', 'SYSTEM', '2026-04-20 00:00:00') ON CONFLICT DO NOTHING;
INSERT INTO shopjoy_2604.od_claim (claim_id, site_id, order_id, member_id, member_nm, claim_type_cd, claim_status_cd, reason_detail, refund_amt, request_date, reg_by, reg_date) VALUES ('CS-2026-006', 'SITE000001', 'ORD-2026-019', 'MB000001', '홍길동', 'CANCEL', 'COMPLETE', NULL, 89000, '2026-03-14 11:22', 'SYSTEM', '2026-04-20 00:00:00') ON CONFLICT DO NOTHING;
INSERT INTO shopjoy_2604.od_claim (claim_id, site_id, order_id, member_id, member_nm, claim_type_cd, claim_status_cd, reason_detail, refund_amt, request_date, reg_by, reg_date) VALUES ('CS-2026-005', 'SITE000001', 'ORD-2026-017', 'MB000001', '홍길동', 'RETURN', 'REQUEST', '생각과 색상이 달라 착용하기 어렵습니다. 단순 변심입니다.', 0, '2026-04-06 09:15', 'SYSTEM', '2026-04-20 00:00:00') ON CONFLICT DO NOTHING;
INSERT INTO shopjoy_2604.od_claim (claim_id, site_id, order_id, member_id, member_nm, claim_type_cd, claim_status_cd, reason_detail, refund_amt, request_date, reg_by, reg_date) VALUES ('CS-2026-004', 'SITE000001', 'ORD-2026-012', 'MB000001', '홍길동', 'RETURN', 'COMPLETE', '핏이 예상과 달라 반품 요청했습니다.', 45000, '2026-02-18 16:02', 'SYSTEM', '2026-04-20 00:00:00') ON CONFLICT DO NOTHING;
INSERT INTO shopjoy_2604.od_claim (claim_id, site_id, order_id, member_id, member_nm, claim_type_cd, claim_status_cd, reason_detail, refund_amt, request_date, reg_by, reg_date) VALUES ('CS-2026-003', 'SITE000001', 'ORD-2026-016', 'MB000001', '홍길동', 'EXCHANGE', 'REQUEST', '한 사이즈 크게 교환 희망', 0, '2026-03-01 13:45', 'SYSTEM', '2026-04-20 00:00:00') ON CONFLICT DO NOTHING;
INSERT INTO shopjoy_2604.od_claim (claim_id, site_id, order_id, member_id, member_nm, claim_type_cd, claim_status_cd, reason_detail, refund_amt, request_date, reg_by, reg_date) VALUES ('CS-2026-002', 'SITE000001', 'ORD-2026-008', 'MB000001', '홍길동', 'EXCHANGE', 'COMPLETE', NULL, 0, '2026-01-22 18:10', 'SYSTEM', '2026-04-20 00:00:00') ON CONFLICT DO NOTHING;
INSERT INTO shopjoy_2604.od_claim (claim_id, site_id, order_id, member_id, member_nm, claim_type_cd, claim_status_cd, reason_detail, refund_amt, request_date, reg_by, reg_date) VALUES ('CS-2026-001', 'SITE000001', 'ORD-2026-007', 'MB000001', '홍길동', 'CANCEL', 'REQUEST', NULL, 0, '2026-04-05 08:50', 'SYSTEM', '2026-04-20 00:00:00') ON CONFLICT DO NOTHING;

-- ================================================================
-- 19. cm_chatt_room + cm_chatt_msg — 채팅
-- ================================================================
INSERT INTO shopjoy_2604.cm_chatt_room (chatt_room_id, site_id, member_id, member_nm, subject, chatt_status_cd, last_msg_date, member_unread_cnt, admin_unread_cnt, reg_by, reg_date) VALUES ('CR000100', 'SITE000001', 'MB000001', '홍길동', '배송 관련 문의', 'OPEN', '2026-04-06 14:32', 1, 0, 'SYSTEM', '2026-04-20 00:00:00') ON CONFLICT DO NOTHING;
INSERT INTO shopjoy_2604.cm_chatt_msg (msg_id, site_id, chatt_id, sender_cd, msg_text, send_date, read_yn, reg_by, reg_date) VALUES ('MSG000001', 'SITE000001', 'CR000100', 'MEMBER', '안녕하세요, 주문한 상품 배송이 언제 될까요?', '2026-04-06 14:32', 'Y', 'SYSTEM', '2026-04-20 00:00:00') ON CONFLICT DO NOTHING;
INSERT INTO shopjoy_2604.cm_chatt_msg (msg_id, site_id, chatt_id, sender_cd, msg_text, send_date, read_yn, reg_by, reg_date) VALUES ('MSG000002', 'SITE000001', 'CR000100', 'ADMIN', '안녕하세요 ShopJoy 고객센터입니다. 확인해보겠습니다.', '2026-04-06 14:32', 'Y', 'SYSTEM', '2026-04-20 00:00:00') ON CONFLICT DO NOTHING;
INSERT INTO shopjoy_2604.cm_chatt_msg (msg_id, site_id, chatt_id, sender_cd, msg_text, send_date, read_yn, reg_by, reg_date) VALUES ('MSG000003', 'SITE000001', 'CR000100', 'ADMIN', '주문하신 상품은 내일 발송 예정입니다.', '2026-04-06 14:32', 'Y', 'SYSTEM', '2026-04-20 00:00:00') ON CONFLICT DO NOTHING;
INSERT INTO shopjoy_2604.cm_chatt_room (chatt_room_id, site_id, member_id, member_nm, subject, chatt_status_cd, last_msg_date, member_unread_cnt, admin_unread_cnt, reg_by, reg_date) VALUES ('CR000101', 'SITE000001', 'MB000001', '홍길동', '반품 신청', 'CLOSED', '2026-04-03 10:15', 0, 0, 'SYSTEM', '2026-04-20 00:00:00') ON CONFLICT DO NOTHING;
INSERT INTO shopjoy_2604.cm_chatt_msg (msg_id, site_id, chatt_id, sender_cd, msg_text, send_date, read_yn, reg_by, reg_date) VALUES ('MSG000004', 'SITE000001', 'CR000101', 'MEMBER', '사이즈가 맞지 않아 반품하고 싶습니다.', '2026-04-03 10:15', 'Y', 'SYSTEM', '2026-04-20 00:00:00') ON CONFLICT DO NOTHING;
INSERT INTO shopjoy_2604.cm_chatt_msg (msg_id, site_id, chatt_id, sender_cd, msg_text, send_date, read_yn, reg_by, reg_date) VALUES ('MSG000005', 'SITE000001', 'CR000101', 'ADMIN', '안녕하세요. 반품 접수 도와드리겠습니다.', '2026-04-03 10:15', 'Y', 'SYSTEM', '2026-04-20 00:00:00') ON CONFLICT DO NOTHING;
INSERT INTO shopjoy_2604.cm_chatt_msg (msg_id, site_id, chatt_id, sender_cd, msg_text, send_date, read_yn, reg_by, reg_date) VALUES ('MSG000006', 'SITE000001', 'CR000101', 'ADMIN', '반품 접수가 완료되었습니다. 택배 회수 예정입니다.', '2026-04-03 10:15', 'Y', 'SYSTEM', '2026-04-20 00:00:00') ON CONFLICT DO NOTHING;
INSERT INTO shopjoy_2604.cm_chatt_room (chatt_room_id, site_id, member_id, member_nm, subject, chatt_status_cd, last_msg_date, member_unread_cnt, admin_unread_cnt, reg_by, reg_date) VALUES ('CR000102', 'SITE000001', 'MB000001', '홍길동', '상품 재입고 문의', 'CLOSED', '2026-03-28 16:45', 0, 0, 'SYSTEM', '2026-04-20 00:00:00') ON CONFLICT DO NOTHING;
INSERT INTO shopjoy_2604.cm_chatt_msg (msg_id, site_id, chatt_id, sender_cd, msg_text, send_date, read_yn, reg_by, reg_date) VALUES ('MSG000007', 'SITE000001', 'CR000102', 'MEMBER', '블랙 XL 재입고 언제 될까요?', '2026-03-28 16:45', 'Y', 'SYSTEM', '2026-04-20 00:00:00') ON CONFLICT DO NOTHING;
INSERT INTO shopjoy_2604.cm_chatt_msg (msg_id, site_id, chatt_id, sender_cd, msg_text, send_date, read_yn, reg_by, reg_date) VALUES ('MSG000008', 'SITE000001', 'CR000102', 'ADMIN', '현재 재입고 일정 확인 중입니다.', '2026-03-28 16:45', 'Y', 'SYSTEM', '2026-04-20 00:00:00') ON CONFLICT DO NOTHING;
INSERT INTO shopjoy_2604.cm_chatt_msg (msg_id, site_id, chatt_id, sender_cd, msg_text, send_date, read_yn, reg_by, reg_date) VALUES ('MSG000009', 'SITE000001', 'CR000102', 'ADMIN', '재입고 시 알림 신청 완료했습니다. 입고되면 문자드리겠습니다.', '2026-03-28 16:45', 'Y', 'SYSTEM', '2026-04-20 00:00:00') ON CONFLICT DO NOTHING;
INSERT INTO shopjoy_2604.cm_chatt_room (chatt_room_id, site_id, member_id, member_nm, subject, chatt_status_cd, last_msg_date, member_unread_cnt, admin_unread_cnt, reg_by, reg_date) VALUES ('CR000103', 'SITE000001', 'MB000001', '홍길동', '쿠폰 적용 문의', 'CLOSED', '2026-03-20 11:20', 0, 0, 'SYSTEM', '2026-04-20 00:00:00') ON CONFLICT DO NOTHING;
INSERT INTO shopjoy_2604.cm_chatt_msg (msg_id, site_id, chatt_id, sender_cd, msg_text, send_date, read_yn, reg_by, reg_date) VALUES ('MSG000010', 'SITE000001', 'CR000103', 'MEMBER', '쿠폰을 어떻게 사용하나요?', '2026-03-20 11:20', 'Y', 'SYSTEM', '2026-04-20 00:00:00') ON CONFLICT DO NOTHING;
INSERT INTO shopjoy_2604.cm_chatt_msg (msg_id, site_id, chatt_id, sender_cd, msg_text, send_date, read_yn, reg_by, reg_date) VALUES ('MSG000011', 'SITE000001', 'CR000103', 'ADMIN', '주문 페이지에서 쿠폰 선택 후 적용하시면 됩니다.', '2026-03-20 11:20', 'Y', 'SYSTEM', '2026-04-20 00:00:00') ON CONFLICT DO NOTHING;
INSERT INTO shopjoy_2604.cm_chatt_room (chatt_room_id, site_id, member_id, member_nm, subject, chatt_status_cd, last_msg_date, member_unread_cnt, admin_unread_cnt, reg_by, reg_date) VALUES ('CR000104', 'SITE000001', 'MB000001', '홍길동', '교환 문의', 'CLOSED', '2026-03-15 09:30', 0, 0, 'SYSTEM', '2026-04-20 00:00:00') ON CONFLICT DO NOTHING;
INSERT INTO shopjoy_2604.cm_chatt_msg (msg_id, site_id, chatt_id, sender_cd, msg_text, send_date, read_yn, reg_by, reg_date) VALUES ('MSG000012', 'SITE000001', 'CR000104', 'MEMBER', 'M 사이즈를 L로 교환하고 싶어요.', '2026-03-15 09:30', 'Y', 'SYSTEM', '2026-04-20 00:00:00') ON CONFLICT DO NOTHING;
INSERT INTO shopjoy_2604.cm_chatt_msg (msg_id, site_id, chatt_id, sender_cd, msg_text, send_date, read_yn, reg_by, reg_date) VALUES ('MSG000013', 'SITE000001', 'CR000104', 'ADMIN', '교환 접수 완료되었습니다. 새 상품 발송까지 3일 소요됩니다.', '2026-03-15 09:30', 'Y', 'SYSTEM', '2026-04-20 00:00:00') ON CONFLICT DO NOTHING;
INSERT INTO shopjoy_2604.cm_chatt_room (chatt_room_id, site_id, member_id, member_nm, subject, chatt_status_cd, last_msg_date, member_unread_cnt, admin_unread_cnt, reg_by, reg_date) VALUES ('CR000105', 'SITE000001', 'MB000001', '홍길동', '신상품 문의', 'OPEN', '2026-04-07 09:00', 2, 0, 'SYSTEM', '2026-04-20 00:00:00') ON CONFLICT DO NOTHING;
INSERT INTO shopjoy_2604.cm_chatt_msg (msg_id, site_id, chatt_id, sender_cd, msg_text, send_date, read_yn, reg_by, reg_date) VALUES ('MSG000014', 'SITE000001', 'CR000105', 'MEMBER', '신상품 입고 일정 알 수 있을까요?', '2026-04-07 09:00', 'Y', 'SYSTEM', '2026-04-20 00:00:00') ON CONFLICT DO NOTHING;
INSERT INTO shopjoy_2604.cm_chatt_room (chatt_room_id, site_id, member_id, member_nm, subject, chatt_status_cd, last_msg_date, member_unread_cnt, admin_unread_cnt, reg_by, reg_date) VALUES ('CR000106', 'SITE000001', 'MB000001', '홍길동', '결제 오류 문의', 'CLOSED', '2026-02-25 14:00', 0, 0, 'SYSTEM', '2026-04-20 00:00:00') ON CONFLICT DO NOTHING;
INSERT INTO shopjoy_2604.cm_chatt_msg (msg_id, site_id, chatt_id, sender_cd, msg_text, send_date, read_yn, reg_by, reg_date) VALUES ('MSG000015', 'SITE000001', 'CR000106', 'MEMBER', '결제가 두 번 된 것 같아요.', '2026-02-25 14:00', 'Y', 'SYSTEM', '2026-04-20 00:00:00') ON CONFLICT DO NOTHING;
INSERT INTO shopjoy_2604.cm_chatt_msg (msg_id, site_id, chatt_id, sender_cd, msg_text, send_date, read_yn, reg_by, reg_date) VALUES ('MSG000016', 'SITE000001', 'CR000106', 'ADMIN', '확인 결과 한 번만 결제되었습니다. 안심하세요.', '2026-02-25 14:00', 'Y', 'SYSTEM', '2026-04-20 00:00:00') ON CONFLICT DO NOTHING;
INSERT INTO shopjoy_2604.cm_chatt_room (chatt_room_id, site_id, member_id, member_nm, subject, chatt_status_cd, last_msg_date, member_unread_cnt, admin_unread_cnt, reg_by, reg_date) VALUES ('CR000107', 'SITE000001', 'MB000001', '홍길동', '색상 문의', 'CLOSED', '2026-02-18 16:00', 0, 0, 'SYSTEM', '2026-04-20 00:00:00') ON CONFLICT DO NOTHING;
INSERT INTO shopjoy_2604.cm_chatt_msg (msg_id, site_id, chatt_id, sender_cd, msg_text, send_date, read_yn, reg_by, reg_date) VALUES ('MSG000017', 'SITE000001', 'CR000107', 'MEMBER', '카멜 색상이 어떤 느낌인가요?', '2026-02-18 16:00', 'Y', 'SYSTEM', '2026-04-20 00:00:00') ON CONFLICT DO NOTHING;
INSERT INTO shopjoy_2604.cm_chatt_msg (msg_id, site_id, chatt_id, sender_cd, msg_text, send_date, read_yn, reg_by, reg_date) VALUES ('MSG000018', 'SITE000001', 'CR000107', 'ADMIN', '실제 색상 사진 보내드렸습니다. 따뜻한 베이지 계열입니다.', '2026-02-18 16:00', 'Y', 'SYSTEM', '2026-04-20 00:00:00') ON CONFLICT DO NOTHING;
INSERT INTO shopjoy_2604.cm_chatt_room (chatt_room_id, site_id, member_id, member_nm, subject, chatt_status_cd, last_msg_date, member_unread_cnt, admin_unread_cnt, reg_by, reg_date) VALUES ('CR000108', 'SITE000001', 'MB000001', '홍길동', '포인트 적립 문의', 'CLOSED', '2026-02-10 11:30', 0, 0, 'SYSTEM', '2026-04-20 00:00:00') ON CONFLICT DO NOTHING;
INSERT INTO shopjoy_2604.cm_chatt_msg (msg_id, site_id, chatt_id, sender_cd, msg_text, send_date, read_yn, reg_by, reg_date) VALUES ('MSG000019', 'SITE000001', 'CR000108', 'MEMBER', '캐쉬는 언제 적립되나요?', '2026-02-10 11:30', 'Y', 'SYSTEM', '2026-04-20 00:00:00') ON CONFLICT DO NOTHING;
INSERT INTO shopjoy_2604.cm_chatt_msg (msg_id, site_id, chatt_id, sender_cd, msg_text, send_date, read_yn, reg_by, reg_date) VALUES ('MSG000020', 'SITE000001', 'CR000108', 'ADMIN', '구매 확정 후 자동 적립됩니다.', '2026-02-10 11:30', 'Y', 'SYSTEM', '2026-04-20 00:00:00') ON CONFLICT DO NOTHING;
INSERT INTO shopjoy_2604.cm_chatt_room (chatt_room_id, site_id, member_id, member_nm, subject, chatt_status_cd, last_msg_date, member_unread_cnt, admin_unread_cnt, reg_by, reg_date) VALUES ('CR000109', 'SITE000001', 'MB000001', '홍길동', '회원 탈퇴 문의', 'CLOSED', '2026-01-30 10:00', 0, 0, 'SYSTEM', '2026-04-20 00:00:00') ON CONFLICT DO NOTHING;
INSERT INTO shopjoy_2604.cm_chatt_msg (msg_id, site_id, chatt_id, sender_cd, msg_text, send_date, read_yn, reg_by, reg_date) VALUES ('MSG000021', 'SITE000001', 'CR000109', 'MEMBER', '회원 탈퇴는 어떻게 하나요?', '2026-01-30 10:00', 'Y', 'SYSTEM', '2026-04-20 00:00:00') ON CONFLICT DO NOTHING;
INSERT INTO shopjoy_2604.cm_chatt_msg (msg_id, site_id, chatt_id, sender_cd, msg_text, send_date, read_yn, reg_by, reg_date) VALUES ('MSG000022', 'SITE000001', 'CR000109', 'ADMIN', '마이페이지 > 회원정보에서 탈퇴 가능합니다. 탈퇴 시 보유 쿠폰/캐쉬는 소멸됩니다.', '2026-01-30 10:00', 'Y', 'SYSTEM', '2026-04-20 00:00:00') ON CONFLICT DO NOTHING;
