-- ================================================================
-- st_* 정산 도메인 샘플 데이터
-- 생성: generate_sample_sql_st.js
-- 스키마: shopjoy_2604
-- 정산 기간: 2026-01(PAID) / 2026-02(CLOSED) / 2026-03(CONFIRMED)
-- 판매업체: VN000001-VN000004
-- ================================================================
SET search_path TO shopjoy_2604;

-- ================================================================
-- 1. st_settle_config — 정산 기준 설정
-- ================================================================
INSERT INTO shopjoy_2604.st_settle_config (settle_config_id, site_id, vendor_id, category_id, settle_cycle_cd, settle_day, commission_rate, min_settle_amt, use_yn, reg_by, reg_date) VALUES ('SCF000001', 'SITE000001', NULL, NULL, 'MONTHLY', 25, 5, 10000, 'Y', 'SYSTEM', '2026-04-20 00:00:00') ON CONFLICT DO NOTHING;
INSERT INTO shopjoy_2604.st_settle_config (settle_config_id, site_id, vendor_id, category_id, settle_cycle_cd, settle_day, commission_rate, min_settle_amt, use_yn, reg_by, reg_date) VALUES ('SCF000002', 'SITE000001', 'VN000001', NULL, 'MONTHLY', 25, 5, 10000, 'Y', 'SYSTEM', '2026-04-20 00:00:00') ON CONFLICT DO NOTHING;
INSERT INTO shopjoy_2604.st_settle_config (settle_config_id, site_id, vendor_id, category_id, settle_cycle_cd, settle_day, commission_rate, min_settle_amt, use_yn, reg_by, reg_date) VALUES ('SCF000003', 'SITE000001', 'VN000002', NULL, 'MONTHLY', 25, 7, 10000, 'Y', 'SYSTEM', '2026-04-20 00:00:00') ON CONFLICT DO NOTHING;
INSERT INTO shopjoy_2604.st_settle_config (settle_config_id, site_id, vendor_id, category_id, settle_cycle_cd, settle_day, commission_rate, min_settle_amt, use_yn, reg_by, reg_date) VALUES ('SCF000004', 'SITE000001', 'VN000003', NULL, 'MONTHLY', 25, 6, 10000, 'Y', 'SYSTEM', '2026-04-20 00:00:00') ON CONFLICT DO NOTHING;
INSERT INTO shopjoy_2604.st_settle_config (settle_config_id, site_id, vendor_id, category_id, settle_cycle_cd, settle_day, commission_rate, min_settle_amt, use_yn, reg_by, reg_date) VALUES ('SCF000005', 'SITE000001', 'VN000004', NULL, 'MONTHLY', 25, 8, 10000, 'Y', 'SYSTEM', '2026-04-20 00:00:00') ON CONFLICT DO NOTHING;

-- ================================================================
-- 2. st_settle — 정산 마스터
-- ================================================================
INSERT INTO shopjoy_2604.st_settle (settle_id, site_id, vendor_id, settle_ym, settle_start_date, settle_end_date, total_order_amt, total_return_amt, total_claim_cnt, total_discnt_amt, commission_rate, commission_amt, settle_amt, adj_amt, etc_adj_amt, final_settle_amt, settle_status_cd, settle_status_cd_before, settle_memo, reg_by, reg_date) VALUES ('STL000001', 'SITE000001', 'VN000001', '202601', '2026-01-01', '2026-01-31', 215000, 0, 0, 0, 5, 10750, 204250, 5000, -3000, 206250, 'PAID', 'DRAFT', '2026-01 패션스타일 정산', 'SYSTEM', '2026-04-20 00:00:00') ON CONFLICT DO NOTHING;
INSERT INTO shopjoy_2604.st_settle (settle_id, site_id, vendor_id, settle_ym, settle_start_date, settle_end_date, total_order_amt, total_return_amt, total_claim_cnt, total_discnt_amt, commission_rate, commission_amt, settle_amt, adj_amt, etc_adj_amt, final_settle_amt, settle_status_cd, settle_status_cd_before, settle_memo, reg_by, reg_date) VALUES ('STL000002', 'SITE000001', 'VN000002', '202601', '2026-01-01', '2026-01-31', 38000, 0, 0, 0, 7, 2660, 35340, 0, -2000, 33340, 'PAID', 'DRAFT', '2026-01 트렌드웨어 정산', 'SYSTEM', '2026-04-20 00:00:00') ON CONFLICT DO NOTHING;
INSERT INTO shopjoy_2604.st_settle (settle_id, site_id, vendor_id, settle_ym, settle_start_date, settle_end_date, total_order_amt, total_return_amt, total_claim_cnt, total_discnt_amt, commission_rate, commission_amt, settle_amt, adj_amt, etc_adj_amt, final_settle_amt, settle_status_cd, settle_status_cd_before, settle_memo, reg_by, reg_date) VALUES ('STL000003', 'SITE000001', 'VN000003', '202601', '2026-01-01', '2026-01-31', 323000, 0, 0, 0, 6, 19380, 303620, 10000, 0, 313620, 'PAID', 'DRAFT', '2026-01 에코패션 정산', 'SYSTEM', '2026-04-20 00:00:00') ON CONFLICT DO NOTHING;
INSERT INTO shopjoy_2604.st_settle (settle_id, site_id, vendor_id, settle_ym, settle_start_date, settle_end_date, total_order_amt, total_return_amt, total_claim_cnt, total_discnt_amt, commission_rate, commission_amt, settle_amt, adj_amt, etc_adj_amt, final_settle_amt, settle_status_cd, settle_status_cd_before, settle_memo, reg_by, reg_date) VALUES ('STL000004', 'SITE000001', 'VN000004', '202601', '2026-01-01', '2026-01-31', 167000, 0, 0, 0, 8, 13360, 153640, 0, -5000, 148640, 'PAID', 'DRAFT', '2026-01 럭셔리브랜드 정산', 'SYSTEM', '2026-04-20 00:00:00') ON CONFLICT DO NOTHING;
INSERT INTO shopjoy_2604.st_settle (settle_id, site_id, vendor_id, settle_ym, settle_start_date, settle_end_date, total_order_amt, total_return_amt, total_claim_cnt, total_discnt_amt, commission_rate, commission_amt, settle_amt, adj_amt, etc_adj_amt, final_settle_amt, settle_status_cd, settle_status_cd_before, settle_memo, reg_by, reg_date) VALUES ('STL000005', 'SITE000001', 'VN000001', '202602', '2026-02-01', '2026-02-28', 59800, 29900, 1, 0, 5, 1495, 28405, -3000, 2000, 27405, 'CLOSED', 'DRAFT', '2026-02 패션스타일 정산', 'SYSTEM', '2026-04-20 00:00:00') ON CONFLICT DO NOTHING;
INSERT INTO shopjoy_2604.st_settle (settle_id, site_id, vendor_id, settle_ym, settle_start_date, settle_end_date, total_order_amt, total_return_amt, total_claim_cnt, total_discnt_amt, commission_rate, commission_amt, settle_amt, adj_amt, etc_adj_amt, final_settle_amt, settle_status_cd, settle_status_cd_before, settle_memo, reg_by, reg_date) VALUES ('STL000006', 'SITE000001', 'VN000002', '202602', '2026-02-01', '2026-02-28', 174800, 0, 0, 0, 7, 12236, 162564, 5000, 0, 167564, 'CLOSED', 'DRAFT', '2026-02 트렌드웨어 정산', 'SYSTEM', '2026-04-20 00:00:00') ON CONFLICT DO NOTHING;
INSERT INTO shopjoy_2604.st_settle (settle_id, site_id, vendor_id, settle_ym, settle_start_date, settle_end_date, total_order_amt, total_return_amt, total_claim_cnt, total_discnt_amt, commission_rate, commission_amt, settle_amt, adj_amt, etc_adj_amt, final_settle_amt, settle_status_cd, settle_status_cd_before, settle_memo, reg_by, reg_date) VALUES ('STL000007', 'SITE000001', 'VN000003', '202602', '2026-02-01', '2026-02-28', 119000, 119000, 1, 0, 6, 0, 0, 0, 0, 0, 'CLOSED', 'DRAFT', '2026-02 에코패션 정산', 'SYSTEM', '2026-04-20 00:00:00') ON CONFLICT DO NOTHING;
INSERT INTO shopjoy_2604.st_settle (settle_id, site_id, vendor_id, settle_ym, settle_start_date, settle_end_date, total_order_amt, total_return_amt, total_claim_cnt, total_discnt_amt, commission_rate, commission_amt, settle_amt, adj_amt, etc_adj_amt, final_settle_amt, settle_status_cd, settle_status_cd_before, settle_memo, reg_by, reg_date) VALUES ('STL000008', 'SITE000001', 'VN000004', '202602', '2026-02-01', '2026-02-28', 114000, 0, 0, 0, 8, 9120, 104880, 0, -3000, 101880, 'CLOSED', 'DRAFT', '2026-02 럭셔리브랜드 정산', 'SYSTEM', '2026-04-20 00:00:00') ON CONFLICT DO NOTHING;
INSERT INTO shopjoy_2604.st_settle (settle_id, site_id, vendor_id, settle_ym, settle_start_date, settle_end_date, total_order_amt, total_return_amt, total_claim_cnt, total_discnt_amt, commission_rate, commission_amt, settle_amt, adj_amt, etc_adj_amt, final_settle_amt, settle_status_cd, settle_status_cd_before, settle_memo, reg_by, reg_date) VALUES ('STL000009', 'SITE000001', 'VN000001', '202603', '2026-03-01', '2026-03-31', 213600, 0, 0, 0, 5, 10680, 202920, 0, 0, 202920, 'CONFIRMED', 'DRAFT', '2026-03 패션스타일 정산', 'SYSTEM', '2026-04-20 00:00:00') ON CONFLICT DO NOTHING;
INSERT INTO shopjoy_2604.st_settle (settle_id, site_id, vendor_id, settle_ym, settle_start_date, settle_end_date, total_order_amt, total_return_amt, total_claim_cnt, total_discnt_amt, commission_rate, commission_amt, settle_amt, adj_amt, etc_adj_amt, final_settle_amt, settle_status_cd, settle_status_cd_before, settle_memo, reg_by, reg_date) VALUES ('STL000010', 'SITE000001', 'VN000002', '202603', '2026-03-01', '2026-03-31', 55000, 0, 0, 0, 7, 3850, 51150, 2000, 0, 53150, 'CONFIRMED', 'DRAFT', '2026-03 트렌드웨어 정산', 'SYSTEM', '2026-04-20 00:00:00') ON CONFLICT DO NOTHING;
INSERT INTO shopjoy_2604.st_settle (settle_id, site_id, vendor_id, settle_ym, settle_start_date, settle_end_date, total_order_amt, total_return_amt, total_claim_cnt, total_discnt_amt, commission_rate, commission_amt, settle_amt, adj_amt, etc_adj_amt, final_settle_amt, settle_status_cd, settle_status_cd_before, settle_memo, reg_by, reg_date) VALUES ('STL000011', 'SITE000001', 'VN000003', '202603', '2026-03-01', '2026-03-31', 89000, 0, 0, 0, 6, 5340, 83660, 0, 0, 83660, 'CONFIRMED', 'DRAFT', '2026-03 에코패션 정산', 'SYSTEM', '2026-04-20 00:00:00') ON CONFLICT DO NOTHING;
INSERT INTO shopjoy_2604.st_settle (settle_id, site_id, vendor_id, settle_ym, settle_start_date, settle_end_date, total_order_amt, total_return_amt, total_claim_cnt, total_discnt_amt, commission_rate, commission_amt, settle_amt, adj_amt, etc_adj_amt, final_settle_amt, settle_status_cd, settle_status_cd_before, settle_memo, reg_by, reg_date) VALUES ('STL000012', 'SITE000001', 'VN000004', '202603', '2026-03-01', '2026-03-31', 79000, 79000, 1, 0, 8, 0, 0, 0, 0, 0, 'CONFIRMED', 'DRAFT', '2026-03 럭셔리브랜드 정산', 'SYSTEM', '2026-04-20 00:00:00') ON CONFLICT DO NOTHING;

-- ================================================================
-- 3. st_settle_raw — 정산 수집원장
-- ================================================================
INSERT INTO shopjoy_2604.st_settle_raw (settle_raw_id, site_id, raw_type_cd, raw_status_cd, raw_status_cd_before, order_id, order_item_id, vendor_id, prod_id, unit_price, order_qty, item_price, discnt_amt, settle_fee_rate, settle_fee_amt, settle_amt, settle_period, settle_id, close_yn, buy_confirm_yn, reg_by, reg_date) VALUES ('SRW000001', 'SITE000001', 'ORDER', 'SETTLED', 'PENDING', 'ORD-2026-001', 'OI000029', 'VN000001', 'PD000002', 45000, 1, 45000, 0, 5, 2250, 42750, '2026-01', 'STL000001', 'Y', 'Y', 'SYSTEM', '2026-04-20 00:00:00') ON CONFLICT DO NOTHING;
INSERT INTO shopjoy_2604.st_settle_raw (settle_raw_id, site_id, raw_type_cd, raw_status_cd, raw_status_cd_before, order_id, order_item_id, vendor_id, prod_id, unit_price, order_qty, item_price, discnt_amt, settle_fee_rate, settle_fee_amt, settle_amt, settle_period, settle_id, close_yn, buy_confirm_yn, reg_by, reg_date) VALUES ('SRW000002', 'SITE000001', 'ORDER', 'SETTLED', 'PENDING', 'ORD-2026-002', 'OI000028', 'VN000001', 'PD000005', 52000, 1, 52000, 0, 5, 2600, 49400, '2026-01', 'STL000001', 'Y', 'Y', 'SYSTEM', '2026-04-20 00:00:00') ON CONFLICT DO NOTHING;
INSERT INTO shopjoy_2604.st_settle_raw (settle_raw_id, site_id, raw_type_cd, raw_status_cd, raw_status_cd_before, order_id, order_item_id, vendor_id, prod_id, unit_price, order_qty, item_price, discnt_amt, settle_fee_rate, settle_fee_amt, settle_amt, settle_period, settle_id, close_yn, buy_confirm_yn, reg_by, reg_date) VALUES ('SRW000003', 'SITE000001', 'ORDER', 'SETTLED', 'PENDING', 'ORD-2026-003', 'OI000027', 'VN000002', 'PD000014', 38000, 1, 38000, 0, 7, 2660, 35340, '2026-01', 'STL000002', 'Y', 'Y', 'SYSTEM', '2026-04-20 00:00:00') ON CONFLICT DO NOTHING;
INSERT INTO shopjoy_2604.st_settle_raw (settle_raw_id, site_id, raw_type_cd, raw_status_cd, raw_status_cd_before, order_id, order_item_id, vendor_id, prod_id, unit_price, order_qty, item_price, discnt_amt, settle_fee_rate, settle_fee_amt, settle_amt, settle_period, settle_id, close_yn, buy_confirm_yn, reg_by, reg_date) VALUES ('SRW000004', 'SITE000001', 'ORDER', 'SETTLED', 'PENDING', 'ORD-2026-004', 'OI000026', 'VN000001', 'PD000003', 49000, 1, 49000, 0, 5, 2450, 46550, '2026-01', 'STL000001', 'Y', 'Y', 'SYSTEM', '2026-04-20 00:00:00') ON CONFLICT DO NOTHING;
INSERT INTO shopjoy_2604.st_settle_raw (settle_raw_id, site_id, raw_type_cd, raw_status_cd, raw_status_cd_before, order_id, order_item_id, vendor_id, prod_id, unit_price, order_qty, item_price, discnt_amt, settle_fee_rate, settle_fee_amt, settle_amt, settle_period, settle_id, close_yn, buy_confirm_yn, reg_by, reg_date) VALUES ('SRW000005', 'SITE000001', 'ORDER', 'SETTLED', 'PENDING', 'ORD-2026-005', 'OI000025', 'VN000004', 'PD000033', 88000, 1, 88000, 0, 8, 7040, 80960, '2026-01', 'STL000004', 'Y', 'Y', 'SYSTEM', '2026-04-20 00:00:00') ON CONFLICT DO NOTHING;
INSERT INTO shopjoy_2604.st_settle_raw (settle_raw_id, site_id, raw_type_cd, raw_status_cd, raw_status_cd_before, order_id, order_item_id, vendor_id, prod_id, unit_price, order_qty, item_price, discnt_amt, settle_fee_rate, settle_fee_amt, settle_amt, settle_period, settle_id, close_yn, buy_confirm_yn, reg_by, reg_date) VALUES ('SRW000006', 'SITE000001', 'ORDER', 'SETTLED', 'PENDING', 'ORD-2026-006', 'OI000024', 'VN000001', 'PD000009', 69000, 1, 69000, 0, 5, 3450, 65550, '2026-01', 'STL000001', 'Y', 'Y', 'SYSTEM', '2026-04-20 00:00:00') ON CONFLICT DO NOTHING;
INSERT INTO shopjoy_2604.st_settle_raw (settle_raw_id, site_id, raw_type_cd, raw_status_cd, raw_status_cd_before, order_id, order_item_id, vendor_id, prod_id, unit_price, order_qty, item_price, discnt_amt, settle_fee_rate, settle_fee_amt, settle_amt, settle_period, settle_id, close_yn, buy_confirm_yn, reg_by, reg_date) VALUES ('SRW000007', 'SITE000001', 'ORDER', 'SETTLED', 'PENDING', 'ORD-2026-007', 'OI000023', 'VN000004', 'PD000031', 79000, 1, 79000, 0, 8, 6320, 72680, '2026-01', 'STL000004', 'Y', 'Y', 'SYSTEM', '2026-04-20 00:00:00') ON CONFLICT DO NOTHING;
INSERT INTO shopjoy_2604.st_settle_raw (settle_raw_id, site_id, raw_type_cd, raw_status_cd, raw_status_cd_before, order_id, order_item_id, vendor_id, prod_id, unit_price, order_qty, item_price, discnt_amt, settle_fee_rate, settle_fee_amt, settle_amt, settle_period, settle_id, close_yn, buy_confirm_yn, reg_by, reg_date) VALUES ('SRW000008', 'SITE000001', 'ORDER', 'SETTLED', 'PENDING', 'ORD-2026-008', 'OI000022', 'VN000003', 'PD000025', 95000, 1, 95000, 0, 6, 5700, 89300, '2026-01', 'STL000003', 'Y', 'Y', 'SYSTEM', '2026-04-20 00:00:00') ON CONFLICT DO NOTHING;
INSERT INTO shopjoy_2604.st_settle_raw (settle_raw_id, site_id, raw_type_cd, raw_status_cd, raw_status_cd_before, order_id, order_item_id, vendor_id, prod_id, unit_price, order_qty, item_price, discnt_amt, settle_fee_rate, settle_fee_amt, settle_amt, settle_period, settle_id, close_yn, buy_confirm_yn, reg_by, reg_date) VALUES ('SRW000009', 'SITE000001', 'ORDER', 'SETTLED', 'PENDING', 'ORD-2026-009', 'OI000021', 'VN000003', 'PD000022', 89000, 1, 89000, 0, 6, 5340, 83660, '2026-01', 'STL000003', 'Y', 'Y', 'SYSTEM', '2026-04-20 00:00:00') ON CONFLICT DO NOTHING;
INSERT INTO shopjoy_2604.st_settle_raw (settle_raw_id, site_id, raw_type_cd, raw_status_cd, raw_status_cd_before, order_id, order_item_id, vendor_id, prod_id, unit_price, order_qty, item_price, discnt_amt, settle_fee_rate, settle_fee_amt, settle_amt, settle_period, settle_id, close_yn, buy_confirm_yn, reg_by, reg_date) VALUES ('SRW000010', 'SITE000001', 'ORDER', 'SETTLED', 'PENDING', 'ORD-2026-010', 'OI000020', 'VN000003', 'PD000024', 139000, 1, 139000, 0, 6, 8340, 130660, '2026-01', 'STL000003', 'Y', 'Y', 'SYSTEM', '2026-04-20 00:00:00') ON CONFLICT DO NOTHING;
INSERT INTO shopjoy_2604.st_settle_raw (settle_raw_id, site_id, raw_type_cd, raw_status_cd, raw_status_cd_before, order_id, order_item_id, vendor_id, prod_id, unit_price, order_qty, item_price, discnt_amt, settle_fee_rate, settle_fee_amt, settle_amt, settle_period, settle_id, close_yn, buy_confirm_yn, reg_by, reg_date) VALUES ('SRW000011', 'SITE000001', 'ORDER', 'SETTLED', 'PENDING', 'ORD-2026-011', 'OI000019', 'VN000003', 'PD000021', 119000, 1, 119000, 0, 6, 7140, 111860, '2026-02', 'STL000007', 'Y', 'Y', 'SYSTEM', '2026-04-20 00:00:00') ON CONFLICT DO NOTHING;
INSERT INTO shopjoy_2604.st_settle_raw (settle_raw_id, site_id, raw_type_cd, raw_status_cd, raw_status_cd_before, order_id, order_item_id, vendor_id, prod_id, unit_price, order_qty, item_price, discnt_amt, settle_fee_rate, settle_fee_amt, settle_amt, settle_period, settle_id, close_yn, buy_confirm_yn, reg_by, reg_date) VALUES ('SRW000012', 'SITE000001', 'ORDER', 'SETTLED', 'PENDING', 'ORD-2026-012', 'OI000018', 'VN000004', 'PD000041', 35000, 1, 35000, 0, 8, 2800, 32200, '2026-02', 'STL000008', 'Y', 'Y', 'SYSTEM', '2026-04-20 00:00:00') ON CONFLICT DO NOTHING;
INSERT INTO shopjoy_2604.st_settle_raw (settle_raw_id, site_id, raw_type_cd, raw_status_cd, raw_status_cd_before, order_id, order_item_id, vendor_id, prod_id, unit_price, order_qty, item_price, discnt_amt, settle_fee_rate, settle_fee_amt, settle_amt, settle_period, settle_id, close_yn, buy_confirm_yn, reg_by, reg_date) VALUES ('SRW000013', 'SITE000001', 'ORDER', 'SETTLED', 'PENDING', 'ORD-2026-012', 'OI000017', 'VN000002', 'PD000011', 59900, 1, 59900, 0, 7, 4193, 55707, '2026-02', 'STL000006', 'Y', 'Y', 'SYSTEM', '2026-04-20 00:00:00') ON CONFLICT DO NOTHING;
INSERT INTO shopjoy_2604.st_settle_raw (settle_raw_id, site_id, raw_type_cd, raw_status_cd, raw_status_cd_before, order_id, order_item_id, vendor_id, prod_id, unit_price, order_qty, item_price, discnt_amt, settle_fee_rate, settle_fee_amt, settle_amt, settle_period, settle_id, close_yn, buy_confirm_yn, reg_by, reg_date) VALUES ('SRW000014', 'SITE000001', 'ORDER', 'SETTLED', 'PENDING', 'ORD-2026-013', 'OI000016', 'VN000001', 'PD000001', 29900, 1, 29900, 0, 5, 1495, 28405, '2026-02', 'STL000005', 'Y', 'Y', 'SYSTEM', '2026-04-20 00:00:00') ON CONFLICT DO NOTHING;
INSERT INTO shopjoy_2604.st_settle_raw (settle_raw_id, site_id, raw_type_cd, raw_status_cd, raw_status_cd_before, order_id, order_item_id, vendor_id, prod_id, unit_price, order_qty, item_price, discnt_amt, settle_fee_rate, settle_fee_amt, settle_amt, settle_period, settle_id, close_yn, buy_confirm_yn, reg_by, reg_date) VALUES ('SRW000015', 'SITE000001', 'ORDER', 'SETTLED', 'PENDING', 'ORD-2026-014', 'OI000015', 'VN000002', 'PD000012', 55000, 1, 55000, 0, 7, 3850, 51150, '2026-02', 'STL000006', 'Y', 'Y', 'SYSTEM', '2026-04-20 00:00:00') ON CONFLICT DO NOTHING;
INSERT INTO shopjoy_2604.st_settle_raw (settle_raw_id, site_id, raw_type_cd, raw_status_cd, raw_status_cd_before, order_id, order_item_id, vendor_id, prod_id, unit_price, order_qty, item_price, discnt_amt, settle_fee_rate, settle_fee_amt, settle_amt, settle_period, settle_id, close_yn, buy_confirm_yn, reg_by, reg_date) VALUES ('SRW000016', 'SITE000001', 'ORDER', 'SETTLED', 'PENDING', 'ORD-2026-015', 'OI000014', 'VN000001', 'PD000001', 29900, 1, 29900, 0, 5, 1495, 28405, '2026-02', 'STL000005', 'Y', 'Y', 'SYSTEM', '2026-04-20 00:00:00') ON CONFLICT DO NOTHING;
INSERT INTO shopjoy_2604.st_settle_raw (settle_raw_id, site_id, raw_type_cd, raw_status_cd, raw_status_cd_before, order_id, order_item_id, vendor_id, prod_id, unit_price, order_qty, item_price, discnt_amt, settle_fee_rate, settle_fee_amt, settle_amt, settle_period, settle_id, close_yn, buy_confirm_yn, reg_by, reg_date) VALUES ('SRW000017', 'SITE000001', 'ORDER', 'SETTLED', 'PENDING', 'ORD-2026-015', 'OI000013', 'VN000004', 'PD000031', 79000, 1, 79000, 0, 8, 6320, 72680, '2026-02', 'STL000008', 'Y', 'Y', 'SYSTEM', '2026-04-20 00:00:00') ON CONFLICT DO NOTHING;
INSERT INTO shopjoy_2604.st_settle_raw (settle_raw_id, site_id, raw_type_cd, raw_status_cd, raw_status_cd_before, order_id, order_item_id, vendor_id, prod_id, unit_price, order_qty, item_price, discnt_amt, settle_fee_rate, settle_fee_amt, settle_amt, settle_period, settle_id, close_yn, buy_confirm_yn, reg_by, reg_date) VALUES ('SRW000018', 'SITE000001', 'ORDER', 'SETTLED', 'PENDING', 'ORD-2026-016', 'OI000012', 'VN000002', 'PD000011', 59900, 1, 59900, 0, 7, 4193, 55707, '2026-02', 'STL000006', 'Y', 'Y', 'SYSTEM', '2026-04-20 00:00:00') ON CONFLICT DO NOTHING;
INSERT INTO shopjoy_2604.st_settle_raw (settle_raw_id, site_id, raw_type_cd, raw_status_cd, raw_status_cd_before, order_id, order_item_id, vendor_id, prod_id, unit_price, order_qty, item_price, discnt_amt, settle_fee_rate, settle_fee_amt, settle_amt, settle_period, settle_id, close_yn, buy_confirm_yn, reg_by, reg_date) VALUES ('SRW000019', 'SITE000001', 'ORDER', 'SETTLED', 'PENDING', 'ORD-2026-017', 'OI000011', 'VN000001', 'PD000003', 49000, 1, 49000, 0, 5, 2450, 46550, '2026-03', 'STL000009', 'N', 'Y', 'SYSTEM', '2026-04-20 00:00:00') ON CONFLICT DO NOTHING;
INSERT INTO shopjoy_2604.st_settle_raw (settle_raw_id, site_id, raw_type_cd, raw_status_cd, raw_status_cd_before, order_id, order_item_id, vendor_id, prod_id, unit_price, order_qty, item_price, discnt_amt, settle_fee_rate, settle_fee_amt, settle_amt, settle_period, settle_id, close_yn, buy_confirm_yn, reg_by, reg_date) VALUES ('SRW000020', 'SITE000001', 'ORDER', 'SETTLED', 'PENDING', 'ORD-2026-018', 'OI000010', 'VN000001', 'PD000001', 59800, 2, 119600, 0, 5, 5980, 113620, '2026-03', 'STL000009', 'N', 'Y', 'SYSTEM', '2026-04-20 00:00:00') ON CONFLICT DO NOTHING;
INSERT INTO shopjoy_2604.st_settle_raw (settle_raw_id, site_id, raw_type_cd, raw_status_cd, raw_status_cd_before, order_id, order_item_id, vendor_id, prod_id, unit_price, order_qty, item_price, discnt_amt, settle_fee_rate, settle_fee_amt, settle_amt, settle_period, settle_id, close_yn, buy_confirm_yn, reg_by, reg_date) VALUES ('SRW000021', 'SITE000001', 'ORDER', 'SETTLED', 'PENDING', 'ORD-2026-019', 'OI000009', 'VN000003', 'PD000022', 89000, 1, 89000, 0, 6, 5340, 83660, '2026-03', 'STL000011', 'N', 'Y', 'SYSTEM', '2026-04-20 00:00:00') ON CONFLICT DO NOTHING;
INSERT INTO shopjoy_2604.st_settle_raw (settle_raw_id, site_id, raw_type_cd, raw_status_cd, raw_status_cd_before, order_id, order_item_id, vendor_id, prod_id, unit_price, order_qty, item_price, discnt_amt, settle_fee_rate, settle_fee_amt, settle_amt, settle_period, settle_id, close_yn, buy_confirm_yn, reg_by, reg_date) VALUES ('SRW000022', 'SITE000001', 'ORDER', 'SETTLED', 'PENDING', 'ORD-2026-020', 'OI000008', 'VN000001', 'PD000002', 45000, 1, 45000, 0, 5, 2250, 42750, '2026-03', 'STL000009', 'N', 'Y', 'SYSTEM', '2026-04-20 00:00:00') ON CONFLICT DO NOTHING;
INSERT INTO shopjoy_2604.st_settle_raw (settle_raw_id, site_id, raw_type_cd, raw_status_cd, raw_status_cd_before, order_id, order_item_id, vendor_id, prod_id, unit_price, order_qty, item_price, discnt_amt, settle_fee_rate, settle_fee_amt, settle_amt, settle_period, settle_id, close_yn, buy_confirm_yn, reg_by, reg_date) VALUES ('SRW000023', 'SITE000001', 'ORDER', 'SETTLED', 'PENDING', 'ORD-2026-021', 'OI000007', 'VN000002', 'PD000012', 55000, 1, 55000, 0, 7, 3850, 51150, '2026-03', 'STL000010', 'N', 'Y', 'SYSTEM', '2026-04-20 00:00:00') ON CONFLICT DO NOTHING;
INSERT INTO shopjoy_2604.st_settle_raw (settle_raw_id, site_id, raw_type_cd, raw_status_cd, raw_status_cd_before, order_id, order_item_id, vendor_id, prod_id, unit_price, order_qty, item_price, discnt_amt, settle_fee_rate, settle_fee_amt, settle_amt, settle_period, settle_id, close_yn, buy_confirm_yn, reg_by, reg_date) VALUES ('SRW000024', 'SITE000001', 'ORDER', 'SETTLED', 'PENDING', 'ORD-2026-022', 'OI000006', 'VN000004', 'PD000031', 79000, 1, 79000, 0, 8, 6320, 72680, '2026-03', 'STL000012', 'N', 'Y', 'SYSTEM', '2026-04-20 00:00:00') ON CONFLICT DO NOTHING;
INSERT INTO shopjoy_2604.st_settle_raw (settle_raw_id, site_id, raw_type_cd, raw_status_cd, raw_status_cd_before, order_id, order_item_id, claim_item_id, vendor_id, unit_price, order_qty, item_price, discnt_amt, settle_fee_rate, settle_fee_amt, settle_amt, settle_period, settle_id, close_yn, buy_confirm_yn, reg_by, reg_date) VALUES ('SRW000025', 'SITE000001', 'CLAIM', 'SETTLED', 'PENDING', 'ORD-2026-013', 'OI000016', 'CLMI000006', 'VN000001', 29900, 1, -29900, 0, 5, -1495, -28405, '2026-02', 'STL000005', 'Y', 'N', 'SYSTEM', '2026-04-20 00:00:00') ON CONFLICT DO NOTHING;
INSERT INTO shopjoy_2604.st_settle_raw (settle_raw_id, site_id, raw_type_cd, raw_status_cd, raw_status_cd_before, order_id, order_item_id, claim_item_id, vendor_id, unit_price, order_qty, item_price, discnt_amt, settle_fee_rate, settle_fee_amt, settle_amt, settle_period, settle_id, close_yn, buy_confirm_yn, reg_by, reg_date) VALUES ('SRW000026', 'SITE000001', 'CLAIM', 'SETTLED', 'PENDING', 'ORD-2026-011', 'OI000019', 'CLMI000009', 'VN000003', 119000, 1, -119000, 0, 6, -7140, -111860, '2026-02', 'STL000007', 'Y', 'N', 'SYSTEM', '2026-04-20 00:00:00') ON CONFLICT DO NOTHING;
INSERT INTO shopjoy_2604.st_settle_raw (settle_raw_id, site_id, raw_type_cd, raw_status_cd, raw_status_cd_before, order_id, order_item_id, claim_item_id, vendor_id, unit_price, order_qty, item_price, discnt_amt, settle_fee_rate, settle_fee_amt, settle_amt, settle_period, settle_id, close_yn, buy_confirm_yn, reg_by, reg_date) VALUES ('SRW000027', 'SITE000001', 'CLAIM', 'SETTLED', 'PENDING', 'ORD-2026-022', 'OI000006', 'CLMI000004', 'VN000004', 79000, 1, -79000, 0, 8, -6320, -72680, '2026-03', 'STL000012', 'N', 'N', 'SYSTEM', '2026-04-20 00:00:00') ON CONFLICT DO NOTHING;

-- ================================================================
-- 4. st_settle_item — 정산 항목
-- ================================================================
INSERT INTO shopjoy_2604.st_settle_item (settle_item_id, settle_id, site_id, order_id, order_item_id, vendor_id, prod_id, settle_item_type_cd, order_qty, unit_price, item_price, discnt_amt, commission_rate, commission_amt, settle_item_amt, reg_by, reg_date) VALUES ('SIT000001', 'STL000001', 'SITE000001', 'ORD-2026-001', 'OI000029', 'VN000001', 'PD000002', 'SALE', 1, 45000, 45000, 0, 5, 2250, 42750, 'SYSTEM', '2026-04-20 00:00:00') ON CONFLICT DO NOTHING;
INSERT INTO shopjoy_2604.st_settle_item (settle_item_id, settle_id, site_id, order_id, order_item_id, vendor_id, prod_id, settle_item_type_cd, order_qty, unit_price, item_price, discnt_amt, commission_rate, commission_amt, settle_item_amt, reg_by, reg_date) VALUES ('SIT000002', 'STL000001', 'SITE000001', 'ORD-2026-002', 'OI000028', 'VN000001', 'PD000005', 'SALE', 1, 52000, 52000, 0, 5, 2600, 49400, 'SYSTEM', '2026-04-20 00:00:00') ON CONFLICT DO NOTHING;
INSERT INTO shopjoy_2604.st_settle_item (settle_item_id, settle_id, site_id, order_id, order_item_id, vendor_id, prod_id, settle_item_type_cd, order_qty, unit_price, item_price, discnt_amt, commission_rate, commission_amt, settle_item_amt, reg_by, reg_date) VALUES ('SIT000003', 'STL000002', 'SITE000001', 'ORD-2026-003', 'OI000027', 'VN000002', 'PD000014', 'SALE', 1, 38000, 38000, 0, 7, 2660, 35340, 'SYSTEM', '2026-04-20 00:00:00') ON CONFLICT DO NOTHING;
INSERT INTO shopjoy_2604.st_settle_item (settle_item_id, settle_id, site_id, order_id, order_item_id, vendor_id, prod_id, settle_item_type_cd, order_qty, unit_price, item_price, discnt_amt, commission_rate, commission_amt, settle_item_amt, reg_by, reg_date) VALUES ('SIT000004', 'STL000001', 'SITE000001', 'ORD-2026-004', 'OI000026', 'VN000001', 'PD000003', 'SALE', 1, 49000, 49000, 0, 5, 2450, 46550, 'SYSTEM', '2026-04-20 00:00:00') ON CONFLICT DO NOTHING;
INSERT INTO shopjoy_2604.st_settle_item (settle_item_id, settle_id, site_id, order_id, order_item_id, vendor_id, prod_id, settle_item_type_cd, order_qty, unit_price, item_price, discnt_amt, commission_rate, commission_amt, settle_item_amt, reg_by, reg_date) VALUES ('SIT000005', 'STL000004', 'SITE000001', 'ORD-2026-005', 'OI000025', 'VN000004', 'PD000033', 'SALE', 1, 88000, 88000, 0, 8, 7040, 80960, 'SYSTEM', '2026-04-20 00:00:00') ON CONFLICT DO NOTHING;
INSERT INTO shopjoy_2604.st_settle_item (settle_item_id, settle_id, site_id, order_id, order_item_id, vendor_id, prod_id, settle_item_type_cd, order_qty, unit_price, item_price, discnt_amt, commission_rate, commission_amt, settle_item_amt, reg_by, reg_date) VALUES ('SIT000006', 'STL000001', 'SITE000001', 'ORD-2026-006', 'OI000024', 'VN000001', 'PD000009', 'SALE', 1, 69000, 69000, 0, 5, 3450, 65550, 'SYSTEM', '2026-04-20 00:00:00') ON CONFLICT DO NOTHING;
INSERT INTO shopjoy_2604.st_settle_item (settle_item_id, settle_id, site_id, order_id, order_item_id, vendor_id, prod_id, settle_item_type_cd, order_qty, unit_price, item_price, discnt_amt, commission_rate, commission_amt, settle_item_amt, reg_by, reg_date) VALUES ('SIT000007', 'STL000004', 'SITE000001', 'ORD-2026-007', 'OI000023', 'VN000004', 'PD000031', 'SALE', 1, 79000, 79000, 0, 8, 6320, 72680, 'SYSTEM', '2026-04-20 00:00:00') ON CONFLICT DO NOTHING;
INSERT INTO shopjoy_2604.st_settle_item (settle_item_id, settle_id, site_id, order_id, order_item_id, vendor_id, prod_id, settle_item_type_cd, order_qty, unit_price, item_price, discnt_amt, commission_rate, commission_amt, settle_item_amt, reg_by, reg_date) VALUES ('SIT000008', 'STL000003', 'SITE000001', 'ORD-2026-008', 'OI000022', 'VN000003', 'PD000025', 'SALE', 1, 95000, 95000, 0, 6, 5700, 89300, 'SYSTEM', '2026-04-20 00:00:00') ON CONFLICT DO NOTHING;
INSERT INTO shopjoy_2604.st_settle_item (settle_item_id, settle_id, site_id, order_id, order_item_id, vendor_id, prod_id, settle_item_type_cd, order_qty, unit_price, item_price, discnt_amt, commission_rate, commission_amt, settle_item_amt, reg_by, reg_date) VALUES ('SIT000009', 'STL000003', 'SITE000001', 'ORD-2026-009', 'OI000021', 'VN000003', 'PD000022', 'SALE', 1, 89000, 89000, 0, 6, 5340, 83660, 'SYSTEM', '2026-04-20 00:00:00') ON CONFLICT DO NOTHING;
INSERT INTO shopjoy_2604.st_settle_item (settle_item_id, settle_id, site_id, order_id, order_item_id, vendor_id, prod_id, settle_item_type_cd, order_qty, unit_price, item_price, discnt_amt, commission_rate, commission_amt, settle_item_amt, reg_by, reg_date) VALUES ('SIT000010', 'STL000003', 'SITE000001', 'ORD-2026-010', 'OI000020', 'VN000003', 'PD000024', 'SALE', 1, 139000, 139000, 0, 6, 8340, 130660, 'SYSTEM', '2026-04-20 00:00:00') ON CONFLICT DO NOTHING;
INSERT INTO shopjoy_2604.st_settle_item (settle_item_id, settle_id, site_id, order_id, order_item_id, vendor_id, prod_id, settle_item_type_cd, order_qty, unit_price, item_price, discnt_amt, commission_rate, commission_amt, settle_item_amt, reg_by, reg_date) VALUES ('SIT000011', 'STL000007', 'SITE000001', 'ORD-2026-011', 'OI000019', 'VN000003', 'PD000021', 'SALE', 1, 119000, 119000, 0, 6, 7140, 111860, 'SYSTEM', '2026-04-20 00:00:00') ON CONFLICT DO NOTHING;
INSERT INTO shopjoy_2604.st_settle_item (settle_item_id, settle_id, site_id, order_id, order_item_id, vendor_id, prod_id, settle_item_type_cd, order_qty, unit_price, item_price, discnt_amt, commission_rate, commission_amt, settle_item_amt, reg_by, reg_date) VALUES ('SIT000012', 'STL000008', 'SITE000001', 'ORD-2026-012', 'OI000018', 'VN000004', 'PD000041', 'SALE', 1, 35000, 35000, 0, 8, 2800, 32200, 'SYSTEM', '2026-04-20 00:00:00') ON CONFLICT DO NOTHING;
INSERT INTO shopjoy_2604.st_settle_item (settle_item_id, settle_id, site_id, order_id, order_item_id, vendor_id, prod_id, settle_item_type_cd, order_qty, unit_price, item_price, discnt_amt, commission_rate, commission_amt, settle_item_amt, reg_by, reg_date) VALUES ('SIT000013', 'STL000006', 'SITE000001', 'ORD-2026-012', 'OI000017', 'VN000002', 'PD000011', 'SALE', 1, 59900, 59900, 0, 7, 4193, 55707, 'SYSTEM', '2026-04-20 00:00:00') ON CONFLICT DO NOTHING;
INSERT INTO shopjoy_2604.st_settle_item (settle_item_id, settle_id, site_id, order_id, order_item_id, vendor_id, prod_id, settle_item_type_cd, order_qty, unit_price, item_price, discnt_amt, commission_rate, commission_amt, settle_item_amt, reg_by, reg_date) VALUES ('SIT000014', 'STL000005', 'SITE000001', 'ORD-2026-013', 'OI000016', 'VN000001', 'PD000001', 'SALE', 1, 29900, 29900, 0, 5, 1495, 28405, 'SYSTEM', '2026-04-20 00:00:00') ON CONFLICT DO NOTHING;
INSERT INTO shopjoy_2604.st_settle_item (settle_item_id, settle_id, site_id, order_id, order_item_id, vendor_id, prod_id, settle_item_type_cd, order_qty, unit_price, item_price, discnt_amt, commission_rate, commission_amt, settle_item_amt, reg_by, reg_date) VALUES ('SIT000015', 'STL000006', 'SITE000001', 'ORD-2026-014', 'OI000015', 'VN000002', 'PD000012', 'SALE', 1, 55000, 55000, 0, 7, 3850, 51150, 'SYSTEM', '2026-04-20 00:00:00') ON CONFLICT DO NOTHING;
INSERT INTO shopjoy_2604.st_settle_item (settle_item_id, settle_id, site_id, order_id, order_item_id, vendor_id, prod_id, settle_item_type_cd, order_qty, unit_price, item_price, discnt_amt, commission_rate, commission_amt, settle_item_amt, reg_by, reg_date) VALUES ('SIT000016', 'STL000005', 'SITE000001', 'ORD-2026-015', 'OI000014', 'VN000001', 'PD000001', 'SALE', 1, 29900, 29900, 0, 5, 1495, 28405, 'SYSTEM', '2026-04-20 00:00:00') ON CONFLICT DO NOTHING;
INSERT INTO shopjoy_2604.st_settle_item (settle_item_id, settle_id, site_id, order_id, order_item_id, vendor_id, prod_id, settle_item_type_cd, order_qty, unit_price, item_price, discnt_amt, commission_rate, commission_amt, settle_item_amt, reg_by, reg_date) VALUES ('SIT000017', 'STL000008', 'SITE000001', 'ORD-2026-015', 'OI000013', 'VN000004', 'PD000031', 'SALE', 1, 79000, 79000, 0, 8, 6320, 72680, 'SYSTEM', '2026-04-20 00:00:00') ON CONFLICT DO NOTHING;
INSERT INTO shopjoy_2604.st_settle_item (settle_item_id, settle_id, site_id, order_id, order_item_id, vendor_id, prod_id, settle_item_type_cd, order_qty, unit_price, item_price, discnt_amt, commission_rate, commission_amt, settle_item_amt, reg_by, reg_date) VALUES ('SIT000018', 'STL000006', 'SITE000001', 'ORD-2026-016', 'OI000012', 'VN000002', 'PD000011', 'SALE', 1, 59900, 59900, 0, 7, 4193, 55707, 'SYSTEM', '2026-04-20 00:00:00') ON CONFLICT DO NOTHING;
INSERT INTO shopjoy_2604.st_settle_item (settle_item_id, settle_id, site_id, order_id, order_item_id, vendor_id, prod_id, settle_item_type_cd, order_qty, unit_price, item_price, discnt_amt, commission_rate, commission_amt, settle_item_amt, reg_by, reg_date) VALUES ('SIT000019', 'STL000009', 'SITE000001', 'ORD-2026-017', 'OI000011', 'VN000001', 'PD000003', 'SALE', 1, 49000, 49000, 0, 5, 2450, 46550, 'SYSTEM', '2026-04-20 00:00:00') ON CONFLICT DO NOTHING;
INSERT INTO shopjoy_2604.st_settle_item (settle_item_id, settle_id, site_id, order_id, order_item_id, vendor_id, prod_id, settle_item_type_cd, order_qty, unit_price, item_price, discnt_amt, commission_rate, commission_amt, settle_item_amt, reg_by, reg_date) VALUES ('SIT000020', 'STL000009', 'SITE000001', 'ORD-2026-018', 'OI000010', 'VN000001', 'PD000001', 'SALE', 2, 59800, 119600, 0, 5, 5980, 113620, 'SYSTEM', '2026-04-20 00:00:00') ON CONFLICT DO NOTHING;
INSERT INTO shopjoy_2604.st_settle_item (settle_item_id, settle_id, site_id, order_id, order_item_id, vendor_id, prod_id, settle_item_type_cd, order_qty, unit_price, item_price, discnt_amt, commission_rate, commission_amt, settle_item_amt, reg_by, reg_date) VALUES ('SIT000021', 'STL000011', 'SITE000001', 'ORD-2026-019', 'OI000009', 'VN000003', 'PD000022', 'SALE', 1, 89000, 89000, 0, 6, 5340, 83660, 'SYSTEM', '2026-04-20 00:00:00') ON CONFLICT DO NOTHING;
INSERT INTO shopjoy_2604.st_settle_item (settle_item_id, settle_id, site_id, order_id, order_item_id, vendor_id, prod_id, settle_item_type_cd, order_qty, unit_price, item_price, discnt_amt, commission_rate, commission_amt, settle_item_amt, reg_by, reg_date) VALUES ('SIT000022', 'STL000009', 'SITE000001', 'ORD-2026-020', 'OI000008', 'VN000001', 'PD000002', 'SALE', 1, 45000, 45000, 0, 5, 2250, 42750, 'SYSTEM', '2026-04-20 00:00:00') ON CONFLICT DO NOTHING;
INSERT INTO shopjoy_2604.st_settle_item (settle_item_id, settle_id, site_id, order_id, order_item_id, vendor_id, prod_id, settle_item_type_cd, order_qty, unit_price, item_price, discnt_amt, commission_rate, commission_amt, settle_item_amt, reg_by, reg_date) VALUES ('SIT000023', 'STL000010', 'SITE000001', 'ORD-2026-021', 'OI000007', 'VN000002', 'PD000012', 'SALE', 1, 55000, 55000, 0, 7, 3850, 51150, 'SYSTEM', '2026-04-20 00:00:00') ON CONFLICT DO NOTHING;
INSERT INTO shopjoy_2604.st_settle_item (settle_item_id, settle_id, site_id, order_id, order_item_id, vendor_id, prod_id, settle_item_type_cd, order_qty, unit_price, item_price, discnt_amt, commission_rate, commission_amt, settle_item_amt, reg_by, reg_date) VALUES ('SIT000024', 'STL000012', 'SITE000001', 'ORD-2026-022', 'OI000006', 'VN000004', 'PD000031', 'SALE', 1, 79000, 79000, 0, 8, 6320, 72680, 'SYSTEM', '2026-04-20 00:00:00') ON CONFLICT DO NOTHING;
INSERT INTO shopjoy_2604.st_settle_item (settle_item_id, settle_id, site_id, order_id, order_item_id, vendor_id, settle_item_type_cd, order_qty, unit_price, item_price, discnt_amt, commission_rate, commission_amt, settle_item_amt, reg_by, reg_date) VALUES ('SIT000025', 'STL000005', 'SITE000001', 'ORD-2026-013', 'OI000016', 'VN000001', 'RETURN', 1, 29900, -29900, 0, 5, -1495, -28405, 'SYSTEM', '2026-04-20 00:00:00') ON CONFLICT DO NOTHING;
INSERT INTO shopjoy_2604.st_settle_item (settle_item_id, settle_id, site_id, order_id, order_item_id, vendor_id, settle_item_type_cd, order_qty, unit_price, item_price, discnt_amt, commission_rate, commission_amt, settle_item_amt, reg_by, reg_date) VALUES ('SIT000026', 'STL000007', 'SITE000001', 'ORD-2026-011', 'OI000019', 'VN000003', 'RETURN', 1, 119000, -119000, 0, 6, -7140, -111860, 'SYSTEM', '2026-04-20 00:00:00') ON CONFLICT DO NOTHING;
INSERT INTO shopjoy_2604.st_settle_item (settle_item_id, settle_id, site_id, order_id, order_item_id, vendor_id, settle_item_type_cd, order_qty, unit_price, item_price, discnt_amt, commission_rate, commission_amt, settle_item_amt, reg_by, reg_date) VALUES ('SIT000027', 'STL000012', 'SITE000001', 'ORD-2026-022', 'OI000006', 'VN000004', 'CANCEL', 1, 79000, -79000, 0, 8, -6320, -72680, 'SYSTEM', '2026-04-20 00:00:00') ON CONFLICT DO NOTHING;

-- ================================================================
-- 5. st_settle_adj — 정산 조정
-- ================================================================
INSERT INTO shopjoy_2604.st_settle_adj (settle_adj_id, settle_id, site_id, adj_type_cd, adj_amt, adj_reason, settle_adj_memo, reg_by, reg_date) VALUES ('SAJ000001', 'STL000001', 'SITE000001', 'BONUS', 5000, '1월 판매장려금', NULL, 'SYSTEM', '2026-04-20 00:00:00') ON CONFLICT DO NOTHING;
INSERT INTO shopjoy_2604.st_settle_adj (settle_adj_id, settle_id, site_id, adj_type_cd, adj_amt, adj_reason, settle_adj_memo, reg_by, reg_date) VALUES ('SAJ000002', 'STL000005', 'SITE000001', 'PENALTY', -3000, '상품정보 오류 패널티', NULL, 'SYSTEM', '2026-04-20 00:00:00') ON CONFLICT DO NOTHING;
INSERT INTO shopjoy_2604.st_settle_adj (settle_adj_id, settle_id, site_id, adj_type_cd, adj_amt, adj_reason, settle_adj_memo, reg_by, reg_date) VALUES ('SAJ000003', 'STL000006', 'SITE000001', 'BONUS', 5000, '우수판매 장려금', NULL, 'SYSTEM', '2026-04-20 00:00:00') ON CONFLICT DO NOTHING;
INSERT INTO shopjoy_2604.st_settle_adj (settle_adj_id, settle_id, site_id, adj_type_cd, adj_amt, adj_reason, settle_adj_memo, reg_by, reg_date) VALUES ('SAJ000004', 'STL000010', 'SITE000001', 'ERROR_FIX', 2000, '1월 정산 오류 수정', NULL, 'SYSTEM', '2026-04-20 00:00:00') ON CONFLICT DO NOTHING;
INSERT INTO shopjoy_2604.st_settle_adj (settle_adj_id, settle_id, site_id, adj_type_cd, adj_amt, adj_reason, settle_adj_memo, reg_by, reg_date) VALUES ('SAJ000005', 'STL000003', 'SITE000001', 'BONUS', 10000, '월간 최다 판매 보너스', NULL, 'SYSTEM', '2026-04-20 00:00:00') ON CONFLICT DO NOTHING;

-- ================================================================
-- 6. st_settle_etc_adj — 정산 기타조정
-- ================================================================
INSERT INTO shopjoy_2604.st_settle_etc_adj (settle_etc_adj_id, settle_id, site_id, etc_adj_type_cd, etc_adj_dir_cd, etc_adj_amt, etc_adj_reason, settle_etc_adj_memo, reg_by, reg_date) VALUES ('SEA000001', 'STL000001', 'SITE000001', 'SHIP', 'DEDUCT', 3000, '배송비 분담', NULL, 'SYSTEM', '2026-04-20 00:00:00') ON CONFLICT DO NOTHING;
INSERT INTO shopjoy_2604.st_settle_etc_adj (settle_etc_adj_id, settle_id, site_id, etc_adj_type_cd, etc_adj_dir_cd, etc_adj_amt, etc_adj_reason, settle_etc_adj_memo, reg_by, reg_date) VALUES ('SEA000002', 'STL000002', 'SITE000001', 'RETURN_SHIP', 'DEDUCT', 2000, '반품배송비 청구', NULL, 'SYSTEM', '2026-04-20 00:00:00') ON CONFLICT DO NOTHING;
INSERT INTO shopjoy_2604.st_settle_etc_adj (settle_etc_adj_id, settle_id, site_id, etc_adj_type_cd, etc_adj_dir_cd, etc_adj_amt, etc_adj_reason, settle_etc_adj_memo, reg_by, reg_date) VALUES ('SEA000003', 'STL000004', 'SITE000001', 'PENALTY', 'DEDUCT', 5000, '지연배송 위약금', NULL, 'SYSTEM', '2026-04-20 00:00:00') ON CONFLICT DO NOTHING;
INSERT INTO shopjoy_2604.st_settle_etc_adj (settle_etc_adj_id, settle_id, site_id, etc_adj_type_cd, etc_adj_dir_cd, etc_adj_amt, etc_adj_reason, settle_etc_adj_memo, reg_by, reg_date) VALUES ('SEA000004', 'STL000005', 'SITE000001', 'SHIP', 'ADD', 2000, '배송비 환급', NULL, 'SYSTEM', '2026-04-20 00:00:00') ON CONFLICT DO NOTHING;
INSERT INTO shopjoy_2604.st_settle_etc_adj (settle_etc_adj_id, settle_id, site_id, etc_adj_type_cd, etc_adj_dir_cd, etc_adj_amt, etc_adj_reason, settle_etc_adj_memo, reg_by, reg_date) VALUES ('SEA000005', 'STL000008', 'SITE000001', 'RETURN_SHIP', 'DEDUCT', 3000, '반품배송비 청구', NULL, 'SYSTEM', '2026-04-20 00:00:00') ON CONFLICT DO NOTHING;

-- ================================================================
-- 7. st_settle_close — 정산 마감 이력
-- ================================================================
INSERT INTO shopjoy_2604.st_settle_close (settle_close_id, settle_id, site_id, close_status_cd, close_reason, final_settle_amt, close_by, close_date, reg_by, reg_date) VALUES ('SCL000001', 'STL000001', 'SITE000001', 'CLOSED', '2026-01 정산 마감 처리', 206250, 'US000001', '2026-02-05 10:00:00', 'SYSTEM', '2026-04-20 00:00:00') ON CONFLICT DO NOTHING;
INSERT INTO shopjoy_2604.st_settle_close (settle_close_id, settle_id, site_id, close_status_cd, close_reason, final_settle_amt, close_by, close_date, reg_by, reg_date) VALUES ('SCL000002', 'STL000002', 'SITE000001', 'CLOSED', '2026-01 정산 마감 처리', 33340, 'US000001', '2026-02-05 10:00:00', 'SYSTEM', '2026-04-20 00:00:00') ON CONFLICT DO NOTHING;
INSERT INTO shopjoy_2604.st_settle_close (settle_close_id, settle_id, site_id, close_status_cd, close_reason, final_settle_amt, close_by, close_date, reg_by, reg_date) VALUES ('SCL000003', 'STL000003', 'SITE000001', 'CLOSED', '2026-01 정산 마감 처리', 313620, 'US000001', '2026-02-05 10:00:00', 'SYSTEM', '2026-04-20 00:00:00') ON CONFLICT DO NOTHING;
INSERT INTO shopjoy_2604.st_settle_close (settle_close_id, settle_id, site_id, close_status_cd, close_reason, final_settle_amt, close_by, close_date, reg_by, reg_date) VALUES ('SCL000004', 'STL000004', 'SITE000001', 'CLOSED', '2026-01 정산 마감 처리', 148640, 'US000001', '2026-02-05 10:00:00', 'SYSTEM', '2026-04-20 00:00:00') ON CONFLICT DO NOTHING;
INSERT INTO shopjoy_2604.st_settle_close (settle_close_id, settle_id, site_id, close_status_cd, close_reason, final_settle_amt, close_by, close_date, reg_by, reg_date) VALUES ('SCL000005', 'STL000005', 'SITE000001', 'CLOSED', '2026-02 정산 마감 처리', 27405, 'US000001', '2026-03-05 10:00:00', 'SYSTEM', '2026-04-20 00:00:00') ON CONFLICT DO NOTHING;
INSERT INTO shopjoy_2604.st_settle_close (settle_close_id, settle_id, site_id, close_status_cd, close_reason, final_settle_amt, close_by, close_date, reg_by, reg_date) VALUES ('SCL000006', 'STL000006', 'SITE000001', 'CLOSED', '2026-02 정산 마감 처리', 167564, 'US000001', '2026-03-05 10:00:00', 'SYSTEM', '2026-04-20 00:00:00') ON CONFLICT DO NOTHING;
INSERT INTO shopjoy_2604.st_settle_close (settle_close_id, settle_id, site_id, close_status_cd, close_reason, final_settle_amt, close_by, close_date, reg_by, reg_date) VALUES ('SCL000007', 'STL000007', 'SITE000001', 'CLOSED', '2026-02 정산 마감 처리', 0, 'US000001', '2026-03-05 10:00:00', 'SYSTEM', '2026-04-20 00:00:00') ON CONFLICT DO NOTHING;
INSERT INTO shopjoy_2604.st_settle_close (settle_close_id, settle_id, site_id, close_status_cd, close_reason, final_settle_amt, close_by, close_date, reg_by, reg_date) VALUES ('SCL000008', 'STL000008', 'SITE000001', 'CLOSED', '2026-02 정산 마감 처리', 101880, 'US000001', '2026-03-05 10:00:00', 'SYSTEM', '2026-04-20 00:00:00') ON CONFLICT DO NOTHING;

-- ================================================================
-- 8. st_settle_pay — 정산 지급
-- ================================================================
INSERT INTO shopjoy_2604.st_settle_pay (settle_pay_id, settle_id, site_id, vendor_id, pay_amt, pay_method_cd, bank_nm, bank_account, bank_holder, pay_status_cd, pay_status_cd_before, pay_date, pay_by, settle_pay_memo, reg_by, reg_date) VALUES ('SPY000001', 'STL000001', 'SITE000001', 'VN000001', 206250, 'BANK_TRANSFER', '국민은행', '123-456-789012', '패션스타일', 'COMPLT', 'PENDING', '2026-02-07 14:30:00', 'US000001', '2026-01 패션스타일 정산금 지급', 'SYSTEM', '2026-04-20 00:00:00') ON CONFLICT DO NOTHING;
INSERT INTO shopjoy_2604.st_settle_pay (settle_pay_id, settle_id, site_id, vendor_id, pay_amt, pay_method_cd, bank_nm, bank_account, bank_holder, pay_status_cd, pay_status_cd_before, pay_date, pay_by, settle_pay_memo, reg_by, reg_date) VALUES ('SPY000002', 'STL000005', 'SITE000001', 'VN000001', 27405, 'BANK_TRANSFER', '국민은행', '123-456-789012', '패션스타일', 'PENDING', NULL, NULL, NULL, '2026-02 패션스타일 정산금 지급 예정', 'SYSTEM', '2026-04-20 00:00:00') ON CONFLICT DO NOTHING;
INSERT INTO shopjoy_2604.st_settle_pay (settle_pay_id, settle_id, site_id, vendor_id, pay_amt, pay_method_cd, bank_nm, bank_account, bank_holder, pay_status_cd, pay_status_cd_before, pay_date, pay_by, settle_pay_memo, reg_by, reg_date) VALUES ('SPY000003', 'STL000002', 'SITE000001', 'VN000002', 33340, 'BANK_TRANSFER', '신한은행', '234-567-890123', '트렌드웨어', 'COMPLT', 'PENDING', '2026-02-07 14:30:00', 'US000001', '2026-01 트렌드웨어 정산금 지급', 'SYSTEM', '2026-04-20 00:00:00') ON CONFLICT DO NOTHING;
INSERT INTO shopjoy_2604.st_settle_pay (settle_pay_id, settle_id, site_id, vendor_id, pay_amt, pay_method_cd, bank_nm, bank_account, bank_holder, pay_status_cd, pay_status_cd_before, pay_date, pay_by, settle_pay_memo, reg_by, reg_date) VALUES ('SPY000004', 'STL000006', 'SITE000001', 'VN000002', 167564, 'BANK_TRANSFER', '신한은행', '234-567-890123', '트렌드웨어', 'PENDING', NULL, NULL, NULL, '2026-02 트렌드웨어 정산금 지급 예정', 'SYSTEM', '2026-04-20 00:00:00') ON CONFLICT DO NOTHING;
INSERT INTO shopjoy_2604.st_settle_pay (settle_pay_id, settle_id, site_id, vendor_id, pay_amt, pay_method_cd, bank_nm, bank_account, bank_holder, pay_status_cd, pay_status_cd_before, pay_date, pay_by, settle_pay_memo, reg_by, reg_date) VALUES ('SPY000005', 'STL000003', 'SITE000001', 'VN000003', 313620, 'BANK_TRANSFER', '하나은행', '345-678-901234', '에코패션', 'COMPLT', 'PENDING', '2026-02-07 14:30:00', 'US000001', '2026-01 에코패션 정산금 지급', 'SYSTEM', '2026-04-20 00:00:00') ON CONFLICT DO NOTHING;
INSERT INTO shopjoy_2604.st_settle_pay (settle_pay_id, settle_id, site_id, vendor_id, pay_amt, pay_method_cd, bank_nm, bank_account, bank_holder, pay_status_cd, pay_status_cd_before, pay_date, pay_by, settle_pay_memo, reg_by, reg_date) VALUES ('SPY000006', 'STL000004', 'SITE000001', 'VN000004', 148640, 'BANK_TRANSFER', '우리은행', '456-789-012345', '럭셔리브랜드', 'COMPLT', 'PENDING', '2026-02-07 14:30:00', 'US000001', '2026-01 럭셔리브랜드 정산금 지급', 'SYSTEM', '2026-04-20 00:00:00') ON CONFLICT DO NOTHING;
INSERT INTO shopjoy_2604.st_settle_pay (settle_pay_id, settle_id, site_id, vendor_id, pay_amt, pay_method_cd, bank_nm, bank_account, bank_holder, pay_status_cd, pay_status_cd_before, pay_date, pay_by, settle_pay_memo, reg_by, reg_date) VALUES ('SPY000007', 'STL000008', 'SITE000001', 'VN000004', 101880, 'BANK_TRANSFER', '우리은행', '456-789-012345', '럭셔리브랜드', 'PENDING', NULL, NULL, NULL, '2026-02 럭셔리브랜드 정산금 지급 예정', 'SYSTEM', '2026-04-20 00:00:00') ON CONFLICT DO NOTHING;

-- ================================================================
-- 9. st_erp_voucher — ERP 전표 마스터
-- ================================================================
INSERT INTO shopjoy_2604.st_erp_voucher (erp_voucher_id, site_id, vendor_id, settle_id, settle_ym, erp_voucher_type_cd, erp_voucher_status_cd, erp_voucher_status_cd_before, voucher_date, erp_voucher_desc, total_debit_amt, total_credit_amt, erp_send_date, erp_voucher_no, reg_by, reg_date) VALUES ('EVH000001', 'SITE000001', 'VN000001', 'STL000001', '202601', 'SETTLE', 'MATCHED', 'CONFIRMED', '2026-02-01', '2026-01 패션스타일 정산 전표', 206250, 206250, '2026-02-03 09:00:00', 'EVN-2026-01-000001-SETTLE', 'SYSTEM', '2026-04-20 00:00:00') ON CONFLICT DO NOTHING;
INSERT INTO shopjoy_2604.st_erp_voucher (erp_voucher_id, site_id, vendor_id, settle_id, settle_ym, erp_voucher_type_cd, erp_voucher_status_cd, erp_voucher_status_cd_before, voucher_date, erp_voucher_desc, total_debit_amt, total_credit_amt, erp_send_date, erp_voucher_no, reg_by, reg_date) VALUES ('EVH000002', 'SITE000001', 'VN000001', 'STL000001', '202601', 'PAY', 'SENT', 'CONFIRMED', '2026-02-07', '2026-01 패션스타일 지급 전표', 206250, 206250, '2026-02-07 15:00:00', 'EVN-2026-01-000001-PAY', 'SYSTEM', '2026-04-20 00:00:00') ON CONFLICT DO NOTHING;
INSERT INTO shopjoy_2604.st_erp_voucher (erp_voucher_id, site_id, vendor_id, settle_id, settle_ym, erp_voucher_type_cd, erp_voucher_status_cd, erp_voucher_status_cd_before, voucher_date, erp_voucher_desc, total_debit_amt, total_credit_amt, erp_send_date, erp_voucher_no, reg_by, reg_date) VALUES ('EVH000003', 'SITE000001', 'VN000001', 'STL000005', '202602', 'SETTLE', 'CONFIRMED', 'DRAFT', '2026-03-01', '2026-02 패션스타일 정산 전표', 27405, 27405, NULL, NULL, 'SYSTEM', '2026-04-20 00:00:00') ON CONFLICT DO NOTHING;
INSERT INTO shopjoy_2604.st_erp_voucher (erp_voucher_id, site_id, vendor_id, settle_id, settle_ym, erp_voucher_type_cd, erp_voucher_status_cd, erp_voucher_status_cd_before, voucher_date, erp_voucher_desc, total_debit_amt, total_credit_amt, erp_send_date, erp_voucher_no, reg_by, reg_date) VALUES ('EVH000004', 'SITE000001', 'VN000002', 'STL000002', '202601', 'SETTLE', 'MATCHED', 'CONFIRMED', '2026-02-01', '2026-01 트렌드웨어 정산 전표', 33340, 33340, '2026-02-03 09:00:00', 'EVN-2026-01-000002-SETTLE', 'SYSTEM', '2026-04-20 00:00:00') ON CONFLICT DO NOTHING;
INSERT INTO shopjoy_2604.st_erp_voucher (erp_voucher_id, site_id, vendor_id, settle_id, settle_ym, erp_voucher_type_cd, erp_voucher_status_cd, erp_voucher_status_cd_before, voucher_date, erp_voucher_desc, total_debit_amt, total_credit_amt, erp_send_date, erp_voucher_no, reg_by, reg_date) VALUES ('EVH000005', 'SITE000001', 'VN000002', 'STL000002', '202601', 'PAY', 'SENT', 'CONFIRMED', '2026-02-07', '2026-01 트렌드웨어 지급 전표', 33340, 33340, '2026-02-07 15:00:00', 'EVN-2026-01-000002-PAY', 'SYSTEM', '2026-04-20 00:00:00') ON CONFLICT DO NOTHING;
INSERT INTO shopjoy_2604.st_erp_voucher (erp_voucher_id, site_id, vendor_id, settle_id, settle_ym, erp_voucher_type_cd, erp_voucher_status_cd, erp_voucher_status_cd_before, voucher_date, erp_voucher_desc, total_debit_amt, total_credit_amt, erp_send_date, erp_voucher_no, reg_by, reg_date) VALUES ('EVH000006', 'SITE000001', 'VN000002', 'STL000006', '202602', 'SETTLE', 'CONFIRMED', 'DRAFT', '2026-03-01', '2026-02 트렌드웨어 정산 전표', 167564, 167564, NULL, NULL, 'SYSTEM', '2026-04-20 00:00:00') ON CONFLICT DO NOTHING;
INSERT INTO shopjoy_2604.st_erp_voucher (erp_voucher_id, site_id, vendor_id, settle_id, settle_ym, erp_voucher_type_cd, erp_voucher_status_cd, erp_voucher_status_cd_before, voucher_date, erp_voucher_desc, total_debit_amt, total_credit_amt, erp_send_date, erp_voucher_no, reg_by, reg_date) VALUES ('EVH000007', 'SITE000001', 'VN000003', 'STL000003', '202601', 'SETTLE', 'MATCHED', 'CONFIRMED', '2026-02-01', '2026-01 에코패션 정산 전표', 313620, 313620, '2026-02-03 09:00:00', 'EVN-2026-01-000003-SETTLE', 'SYSTEM', '2026-04-20 00:00:00') ON CONFLICT DO NOTHING;
INSERT INTO shopjoy_2604.st_erp_voucher (erp_voucher_id, site_id, vendor_id, settle_id, settle_ym, erp_voucher_type_cd, erp_voucher_status_cd, erp_voucher_status_cd_before, voucher_date, erp_voucher_desc, total_debit_amt, total_credit_amt, erp_send_date, erp_voucher_no, reg_by, reg_date) VALUES ('EVH000008', 'SITE000001', 'VN000003', 'STL000003', '202601', 'PAY', 'SENT', 'CONFIRMED', '2026-02-07', '2026-01 에코패션 지급 전표', 313620, 313620, '2026-02-07 15:00:00', 'EVN-2026-01-000003-PAY', 'SYSTEM', '2026-04-20 00:00:00') ON CONFLICT DO NOTHING;
INSERT INTO shopjoy_2604.st_erp_voucher (erp_voucher_id, site_id, vendor_id, settle_id, settle_ym, erp_voucher_type_cd, erp_voucher_status_cd, erp_voucher_status_cd_before, voucher_date, erp_voucher_desc, total_debit_amt, total_credit_amt, erp_send_date, erp_voucher_no, reg_by, reg_date) VALUES ('EVH000009', 'SITE000001', 'VN000003', 'STL000007', '202602', 'SETTLE', 'CONFIRMED', 'DRAFT', '2026-03-01', '2026-02 에코패션 정산 전표', 0, 0, NULL, NULL, 'SYSTEM', '2026-04-20 00:00:00') ON CONFLICT DO NOTHING;
INSERT INTO shopjoy_2604.st_erp_voucher (erp_voucher_id, site_id, vendor_id, settle_id, settle_ym, erp_voucher_type_cd, erp_voucher_status_cd, erp_voucher_status_cd_before, voucher_date, erp_voucher_desc, total_debit_amt, total_credit_amt, erp_send_date, erp_voucher_no, reg_by, reg_date) VALUES ('EVH000010', 'SITE000001', 'VN000004', 'STL000004', '202601', 'SETTLE', 'MATCHED', 'CONFIRMED', '2026-02-01', '2026-01 럭셔리브랜드 정산 전표', 148640, 148640, '2026-02-03 09:00:00', 'EVN-2026-01-000004-SETTLE', 'SYSTEM', '2026-04-20 00:00:00') ON CONFLICT DO NOTHING;
INSERT INTO shopjoy_2604.st_erp_voucher (erp_voucher_id, site_id, vendor_id, settle_id, settle_ym, erp_voucher_type_cd, erp_voucher_status_cd, erp_voucher_status_cd_before, voucher_date, erp_voucher_desc, total_debit_amt, total_credit_amt, erp_send_date, erp_voucher_no, reg_by, reg_date) VALUES ('EVH000011', 'SITE000001', 'VN000004', 'STL000004', '202601', 'PAY', 'SENT', 'CONFIRMED', '2026-02-07', '2026-01 럭셔리브랜드 지급 전표', 148640, 148640, '2026-02-07 15:00:00', 'EVN-2026-01-000004-PAY', 'SYSTEM', '2026-04-20 00:00:00') ON CONFLICT DO NOTHING;
INSERT INTO shopjoy_2604.st_erp_voucher (erp_voucher_id, site_id, vendor_id, settle_id, settle_ym, erp_voucher_type_cd, erp_voucher_status_cd, erp_voucher_status_cd_before, voucher_date, erp_voucher_desc, total_debit_amt, total_credit_amt, erp_send_date, erp_voucher_no, reg_by, reg_date) VALUES ('EVH000012', 'SITE000001', 'VN000004', 'STL000008', '202602', 'SETTLE', 'CONFIRMED', 'DRAFT', '2026-03-01', '2026-02 럭셔리브랜드 정산 전표', 101880, 101880, NULL, NULL, 'SYSTEM', '2026-04-20 00:00:00') ON CONFLICT DO NOTHING;

-- ================================================================
-- 10. st_erp_voucher_line — ERP 전표 라인
-- ================================================================
INSERT INTO shopjoy_2604.st_erp_voucher_line (erp_voucher_line_id, erp_voucher_id, line_no, account_cd, account_nm, cost_center_cd, debit_amt, credit_amt, ref_type_cd, line_memo, reg_by, reg_date) VALUES ('EVL000001', 'EVH000001', 1, '2100', '매입채무(미지급금)', 'CC001', 217000, 0, 'SETTLE', '정산 지급채무 계상', 'SYSTEM', '2026-04-20 00:00:00') ON CONFLICT DO NOTHING;
INSERT INTO shopjoy_2604.st_erp_voucher_line (erp_voucher_line_id, erp_voucher_id, line_no, account_cd, account_nm, cost_center_cd, debit_amt, credit_amt, ref_type_cd, line_memo, reg_by, reg_date) VALUES ('EVL000002', 'EVH000001', 2, '4100', '매출원가', 'CC001', 0, 206250, 'SETTLE', '정산 원가 인식', 'SYSTEM', '2026-04-20 00:00:00') ON CONFLICT DO NOTHING;
INSERT INTO shopjoy_2604.st_erp_voucher_line (erp_voucher_line_id, erp_voucher_id, line_no, account_cd, account_nm, cost_center_cd, debit_amt, credit_amt, ref_type_cd, line_memo, reg_by, reg_date) VALUES ('EVL000003', 'EVH000001', 3, '7200', '수수료수익(플랫폼)', 'CC002', 0, 10750, 'SETTLE', '플랫폼 수수료 수익', 'SYSTEM', '2026-04-20 00:00:00') ON CONFLICT DO NOTHING;
INSERT INTO shopjoy_2604.st_erp_voucher_line (erp_voucher_line_id, erp_voucher_id, line_no, account_cd, account_nm, cost_center_cd, debit_amt, credit_amt, ref_type_cd, line_memo, reg_by, reg_date) VALUES ('EVL000004', 'EVH000003', 1, '2100', '매입채무(미지급금)', 'CC001', 28900, 0, 'SETTLE', '정산 지급채무 계상', 'SYSTEM', '2026-04-20 00:00:00') ON CONFLICT DO NOTHING;
INSERT INTO shopjoy_2604.st_erp_voucher_line (erp_voucher_line_id, erp_voucher_id, line_no, account_cd, account_nm, cost_center_cd, debit_amt, credit_amt, ref_type_cd, line_memo, reg_by, reg_date) VALUES ('EVL000005', 'EVH000003', 2, '4100', '매출원가', 'CC001', 0, 27405, 'SETTLE', '정산 원가 인식', 'SYSTEM', '2026-04-20 00:00:00') ON CONFLICT DO NOTHING;
INSERT INTO shopjoy_2604.st_erp_voucher_line (erp_voucher_line_id, erp_voucher_id, line_no, account_cd, account_nm, cost_center_cd, debit_amt, credit_amt, ref_type_cd, line_memo, reg_by, reg_date) VALUES ('EVL000006', 'EVH000003', 3, '7200', '수수료수익(플랫폼)', 'CC002', 0, 1495, 'SETTLE', '플랫폼 수수료 수익', 'SYSTEM', '2026-04-20 00:00:00') ON CONFLICT DO NOTHING;
INSERT INTO shopjoy_2604.st_erp_voucher_line (erp_voucher_line_id, erp_voucher_id, line_no, account_cd, account_nm, cost_center_cd, debit_amt, credit_amt, ref_type_cd, line_memo, reg_by, reg_date) VALUES ('EVL000007', 'EVH000004', 1, '2100', '매입채무(미지급금)', 'CC001', 36000, 0, 'SETTLE', '정산 지급채무 계상', 'SYSTEM', '2026-04-20 00:00:00') ON CONFLICT DO NOTHING;
INSERT INTO shopjoy_2604.st_erp_voucher_line (erp_voucher_line_id, erp_voucher_id, line_no, account_cd, account_nm, cost_center_cd, debit_amt, credit_amt, ref_type_cd, line_memo, reg_by, reg_date) VALUES ('EVL000008', 'EVH000004', 2, '4100', '매출원가', 'CC001', 0, 33340, 'SETTLE', '정산 원가 인식', 'SYSTEM', '2026-04-20 00:00:00') ON CONFLICT DO NOTHING;
INSERT INTO shopjoy_2604.st_erp_voucher_line (erp_voucher_line_id, erp_voucher_id, line_no, account_cd, account_nm, cost_center_cd, debit_amt, credit_amt, ref_type_cd, line_memo, reg_by, reg_date) VALUES ('EVL000009', 'EVH000004', 3, '7200', '수수료수익(플랫폼)', 'CC002', 0, 2660, 'SETTLE', '플랫폼 수수료 수익', 'SYSTEM', '2026-04-20 00:00:00') ON CONFLICT DO NOTHING;
INSERT INTO shopjoy_2604.st_erp_voucher_line (erp_voucher_line_id, erp_voucher_id, line_no, account_cd, account_nm, cost_center_cd, debit_amt, credit_amt, ref_type_cd, line_memo, reg_by, reg_date) VALUES ('EVL000010', 'EVH000006', 1, '2100', '매입채무(미지급금)', 'CC001', 179800, 0, 'SETTLE', '정산 지급채무 계상', 'SYSTEM', '2026-04-20 00:00:00') ON CONFLICT DO NOTHING;
INSERT INTO shopjoy_2604.st_erp_voucher_line (erp_voucher_line_id, erp_voucher_id, line_no, account_cd, account_nm, cost_center_cd, debit_amt, credit_amt, ref_type_cd, line_memo, reg_by, reg_date) VALUES ('EVL000011', 'EVH000006', 2, '4100', '매출원가', 'CC001', 0, 167564, 'SETTLE', '정산 원가 인식', 'SYSTEM', '2026-04-20 00:00:00') ON CONFLICT DO NOTHING;
INSERT INTO shopjoy_2604.st_erp_voucher_line (erp_voucher_line_id, erp_voucher_id, line_no, account_cd, account_nm, cost_center_cd, debit_amt, credit_amt, ref_type_cd, line_memo, reg_by, reg_date) VALUES ('EVL000012', 'EVH000006', 3, '7200', '수수료수익(플랫폼)', 'CC002', 0, 12236, 'SETTLE', '플랫폼 수수료 수익', 'SYSTEM', '2026-04-20 00:00:00') ON CONFLICT DO NOTHING;
INSERT INTO shopjoy_2604.st_erp_voucher_line (erp_voucher_line_id, erp_voucher_id, line_no, account_cd, account_nm, cost_center_cd, debit_amt, credit_amt, ref_type_cd, line_memo, reg_by, reg_date) VALUES ('EVL000013', 'EVH000007', 1, '2100', '매입채무(미지급금)', 'CC001', 333000, 0, 'SETTLE', '정산 지급채무 계상', 'SYSTEM', '2026-04-20 00:00:00') ON CONFLICT DO NOTHING;
INSERT INTO shopjoy_2604.st_erp_voucher_line (erp_voucher_line_id, erp_voucher_id, line_no, account_cd, account_nm, cost_center_cd, debit_amt, credit_amt, ref_type_cd, line_memo, reg_by, reg_date) VALUES ('EVL000014', 'EVH000007', 2, '4100', '매출원가', 'CC001', 0, 313620, 'SETTLE', '정산 원가 인식', 'SYSTEM', '2026-04-20 00:00:00') ON CONFLICT DO NOTHING;
INSERT INTO shopjoy_2604.st_erp_voucher_line (erp_voucher_line_id, erp_voucher_id, line_no, account_cd, account_nm, cost_center_cd, debit_amt, credit_amt, ref_type_cd, line_memo, reg_by, reg_date) VALUES ('EVL000015', 'EVH000007', 3, '7200', '수수료수익(플랫폼)', 'CC002', 0, 19380, 'SETTLE', '플랫폼 수수료 수익', 'SYSTEM', '2026-04-20 00:00:00') ON CONFLICT DO NOTHING;
INSERT INTO shopjoy_2604.st_erp_voucher_line (erp_voucher_line_id, erp_voucher_id, line_no, account_cd, account_nm, cost_center_cd, debit_amt, credit_amt, ref_type_cd, line_memo, reg_by, reg_date) VALUES ('EVL000016', 'EVH000010', 1, '2100', '매입채무(미지급금)', 'CC001', 162000, 0, 'SETTLE', '정산 지급채무 계상', 'SYSTEM', '2026-04-20 00:00:00') ON CONFLICT DO NOTHING;
INSERT INTO shopjoy_2604.st_erp_voucher_line (erp_voucher_line_id, erp_voucher_id, line_no, account_cd, account_nm, cost_center_cd, debit_amt, credit_amt, ref_type_cd, line_memo, reg_by, reg_date) VALUES ('EVL000017', 'EVH000010', 2, '4100', '매출원가', 'CC001', 0, 148640, 'SETTLE', '정산 원가 인식', 'SYSTEM', '2026-04-20 00:00:00') ON CONFLICT DO NOTHING;
INSERT INTO shopjoy_2604.st_erp_voucher_line (erp_voucher_line_id, erp_voucher_id, line_no, account_cd, account_nm, cost_center_cd, debit_amt, credit_amt, ref_type_cd, line_memo, reg_by, reg_date) VALUES ('EVL000018', 'EVH000010', 3, '7200', '수수료수익(플랫폼)', 'CC002', 0, 13360, 'SETTLE', '플랫폼 수수료 수익', 'SYSTEM', '2026-04-20 00:00:00') ON CONFLICT DO NOTHING;
INSERT INTO shopjoy_2604.st_erp_voucher_line (erp_voucher_line_id, erp_voucher_id, line_no, account_cd, account_nm, cost_center_cd, debit_amt, credit_amt, ref_type_cd, line_memo, reg_by, reg_date) VALUES ('EVL000019', 'EVH000012', 1, '2100', '매입채무(미지급금)', 'CC001', 111000, 0, 'SETTLE', '정산 지급채무 계상', 'SYSTEM', '2026-04-20 00:00:00') ON CONFLICT DO NOTHING;
INSERT INTO shopjoy_2604.st_erp_voucher_line (erp_voucher_line_id, erp_voucher_id, line_no, account_cd, account_nm, cost_center_cd, debit_amt, credit_amt, ref_type_cd, line_memo, reg_by, reg_date) VALUES ('EVL000020', 'EVH000012', 2, '4100', '매출원가', 'CC001', 0, 101880, 'SETTLE', '정산 원가 인식', 'SYSTEM', '2026-04-20 00:00:00') ON CONFLICT DO NOTHING;
INSERT INTO shopjoy_2604.st_erp_voucher_line (erp_voucher_line_id, erp_voucher_id, line_no, account_cd, account_nm, cost_center_cd, debit_amt, credit_amt, ref_type_cd, line_memo, reg_by, reg_date) VALUES ('EVL000021', 'EVH000012', 3, '7200', '수수료수익(플랫폼)', 'CC002', 0, 9120, 'SETTLE', '플랫폼 수수료 수익', 'SYSTEM', '2026-04-20 00:00:00') ON CONFLICT DO NOTHING;

-- ================================================================
-- 11. st_recon — 정산 대사
-- ================================================================
INSERT INTO shopjoy_2604.st_recon (recon_id, site_id, vendor_id, recon_type_cd, recon_status_cd, recon_status_cd_before, settle_id, settle_period, expected_amt, actual_amt, diff_amt, recon_note, resolved_by, resolved_date, reg_by, reg_date) VALUES ('RCN000001', 'SITE000001', 'VN000001', 'ORDER', 'MATCHED', 'MISMATCH', 'STL000001', '2026-01', 215000, 215000, 0, '자동 대사 완료', 'US000001', '2026-02-03 10:00:00', 'SYSTEM', '2026-04-20 00:00:00') ON CONFLICT DO NOTHING;
INSERT INTO shopjoy_2604.st_recon (recon_id, site_id, vendor_id, recon_type_cd, recon_status_cd, recon_status_cd_before, settle_id, settle_period, expected_amt, actual_amt, diff_amt, recon_note, resolved_by, resolved_date, reg_by, reg_date) VALUES ('RCN000002', 'SITE000001', 'VN000002', 'ORDER', 'MATCHED', 'MISMATCH', 'STL000002', '2026-01', 38000, 38000, 0, '자동 대사 완료', 'US000001', '2026-02-03 10:00:00', 'SYSTEM', '2026-04-20 00:00:00') ON CONFLICT DO NOTHING;
INSERT INTO shopjoy_2604.st_recon (recon_id, site_id, vendor_id, recon_type_cd, recon_status_cd, recon_status_cd_before, settle_id, settle_period, expected_amt, actual_amt, diff_amt, recon_note, resolved_by, resolved_date, reg_by, reg_date) VALUES ('RCN000003', 'SITE000001', 'VN000003', 'ORDER', 'MATCHED', 'MISMATCH', 'STL000003', '2026-01', 323000, 323000, 0, '자동 대사 완료', 'US000001', '2026-02-03 10:00:00', 'SYSTEM', '2026-04-20 00:00:00') ON CONFLICT DO NOTHING;
INSERT INTO shopjoy_2604.st_recon (recon_id, site_id, vendor_id, recon_type_cd, recon_status_cd, recon_status_cd_before, settle_id, settle_period, expected_amt, actual_amt, diff_amt, recon_note, resolved_by, resolved_date, reg_by, reg_date) VALUES ('RCN000004', 'SITE000001', 'VN000004', 'ORDER', 'MATCHED', 'MISMATCH', 'STL000004', '2026-01', 167000, 167000, 0, '자동 대사 완료', 'US000001', '2026-02-03 10:00:00', 'SYSTEM', '2026-04-20 00:00:00') ON CONFLICT DO NOTHING;
INSERT INTO shopjoy_2604.st_recon (recon_id, site_id, vendor_id, recon_type_cd, recon_status_cd, recon_status_cd_before, settle_id, settle_period, expected_amt, actual_amt, diff_amt, recon_note, resolved_by, resolved_date, reg_by, reg_date) VALUES ('RCN000005', 'SITE000001', 'VN000001', 'ORDER', 'MATCHED', 'PENDING', 'STL000005', '2026-02', 29900, 29900, 0, '정산 일치', 'US000001', '2026-03-03 11:00:00', 'SYSTEM', '2026-04-20 00:00:00') ON CONFLICT DO NOTHING;
INSERT INTO shopjoy_2604.st_recon (recon_id, site_id, vendor_id, recon_type_cd, recon_status_cd, recon_status_cd_before, settle_id, settle_period, expected_amt, actual_amt, diff_amt, recon_note, resolved_by, resolved_date, reg_by, reg_date) VALUES ('RCN000006', 'SITE000001', 'VN000002', 'ORDER', 'MATCHED', 'PENDING', 'STL000006', '2026-02', 174800, 174800, 0, '정산 일치', 'US000001', '2026-03-03 11:00:00', 'SYSTEM', '2026-04-20 00:00:00') ON CONFLICT DO NOTHING;
INSERT INTO shopjoy_2604.st_recon (recon_id, site_id, vendor_id, recon_type_cd, recon_status_cd, recon_status_cd_before, settle_id, settle_period, expected_amt, actual_amt, diff_amt, recon_note, resolved_by, resolved_date, reg_by, reg_date) VALUES ('RCN000007', 'SITE000001', 'VN000003', 'ORDER', 'MISMATCH', 'PENDING', 'STL000007', '2026-02', 0, -2000, -2000, '환불 처리 지연으로 차이 발생 - 검토 필요', NULL, NULL, 'SYSTEM', '2026-04-20 00:00:00') ON CONFLICT DO NOTHING;
INSERT INTO shopjoy_2604.st_recon (recon_id, site_id, vendor_id, recon_type_cd, recon_status_cd, recon_status_cd_before, settle_id, settle_period, expected_amt, actual_amt, diff_amt, recon_note, resolved_by, resolved_date, reg_by, reg_date) VALUES ('RCN000008', 'SITE000001', 'VN000004', 'ORDER', 'MATCHED', 'PENDING', 'STL000008', '2026-02', 114000, 114000, 0, '정산 일치', 'US000001', '2026-03-03 11:00:00', 'SYSTEM', '2026-04-20 00:00:00') ON CONFLICT DO NOTHING;
