-- ================================================================
-- od_* 주문 도메인 샘플 데이터
-- 생성일: 2026-04-20
--
-- 포함 테이블:
--   od_cart, od_pay, od_pay_method,
--   od_dliv(신규), od_dliv_item,
--   od_claim_item,
--   od_order_item_discnt, od_order_discnt,
--   od_refund, od_refund_method
-- ================================================================
SET search_path TO shopjoy_2604, public;

-- ── 1. od_pay_method — 회원별 저장 결제수단 ──
INSERT INTO shopjoy_2604.od_pay_method (pay_method_id, member_id, pay_method_type_cd, pay_method_nm, pay_method_alias, main_method_yn, reg_by, reg_date) VALUES ('PM000001', 'MB000001', 'TOSS', '토스페이먼츠', '주 결제수단', 'Y', 'SYSTEM', '2026-04-20'::timestamp) ON CONFLICT DO NOTHING;
INSERT INTO shopjoy_2604.od_pay_method (pay_method_id, member_id, pay_method_type_cd, pay_method_nm, pay_method_alias, main_method_yn, reg_by, reg_date) VALUES ('PM000002', 'MB000001', 'BANK_TRANSFER', '국민은행', '무통장 입금', 'N', 'SYSTEM', '2026-04-20'::timestamp) ON CONFLICT DO NOTHING;
INSERT INTO shopjoy_2604.od_pay_method (pay_method_id, member_id, pay_method_type_cd, pay_method_nm, pay_method_alias, main_method_yn, reg_by, reg_date) VALUES ('PM000003', 'MB000002', 'KAKAO', '카카오페이', '카카오페이', 'Y', 'SYSTEM', '2026-04-20'::timestamp) ON CONFLICT DO NOTHING;
INSERT INTO shopjoy_2604.od_pay_method (pay_method_id, member_id, pay_method_type_cd, pay_method_nm, pay_method_alias, main_method_yn, reg_by, reg_date) VALUES ('PM000004', 'MB000003', 'BANK_TRANSFER', '신한은행', '신한 무통장', 'Y', 'SYSTEM', '2026-04-20'::timestamp) ON CONFLICT DO NOTHING;
INSERT INTO shopjoy_2604.od_pay_method (pay_method_id, member_id, pay_method_type_cd, pay_method_nm, pay_method_alias, main_method_yn, reg_by, reg_date) VALUES ('PM000005', 'MB000004', 'TOSS', '토스페이먼츠', '토스', 'Y', 'SYSTEM', '2026-04-20'::timestamp) ON CONFLICT DO NOTHING;
INSERT INTO shopjoy_2604.od_pay_method (pay_method_id, member_id, pay_method_type_cd, pay_method_nm, pay_method_alias, main_method_yn, reg_by, reg_date) VALUES ('PM000006', 'MB000005', 'TOSS', '토스페이먼츠', '주 카드', 'Y', 'SYSTEM', '2026-04-20'::timestamp) ON CONFLICT DO NOTHING;
INSERT INTO shopjoy_2604.od_pay_method (pay_method_id, member_id, pay_method_type_cd, pay_method_nm, pay_method_alias, main_method_yn, reg_by, reg_date) VALUES ('PM000007', 'MB000006', 'KAKAO', '카카오페이', '카카오', 'Y', 'SYSTEM', '2026-04-20'::timestamp) ON CONFLICT DO NOTHING;
INSERT INTO shopjoy_2604.od_pay_method (pay_method_id, member_id, pay_method_type_cd, pay_method_nm, pay_method_alias, main_method_yn, reg_by, reg_date) VALUES ('PM000008', 'MB000006', 'TOSS', '토스페이먼츠', '토스 보조', 'N', 'SYSTEM', '2026-04-20'::timestamp) ON CONFLICT DO NOTHING;
INSERT INTO shopjoy_2604.od_pay_method (pay_method_id, member_id, pay_method_type_cd, pay_method_nm, pay_method_alias, main_method_yn, reg_by, reg_date) VALUES ('PM000009', 'MB000007', 'BANK_TRANSFER', '우리은행', '우리 무통장', 'Y', 'SYSTEM', '2026-04-20'::timestamp) ON CONFLICT DO NOTHING;
INSERT INTO shopjoy_2604.od_pay_method (pay_method_id, member_id, pay_method_type_cd, pay_method_nm, pay_method_alias, main_method_yn, reg_by, reg_date) VALUES ('PM000010', 'MB000008', 'TOSS', '토스페이먼츠', '토스', 'Y', 'SYSTEM', '2026-04-20'::timestamp) ON CONFLICT DO NOTHING;
INSERT INTO shopjoy_2604.od_pay_method (pay_method_id, member_id, pay_method_type_cd, pay_method_nm, pay_method_alias, main_method_yn, reg_by, reg_date) VALUES ('PM000011', 'MB000008', 'NAVER', '네이버페이', '네이버', 'N', 'SYSTEM', '2026-04-20'::timestamp) ON CONFLICT DO NOTHING;

-- ── 2. od_cart — 회원별 장바구니 ──
INSERT INTO shopjoy_2604.od_cart (cart_id, site_id, member_id, prod_id, unit_price, order_qty, item_price, is_checked, reg_by, reg_date) VALUES ('CA000001', 'SITE000001', 'MB000001', 'PD000051', 39000, 1, 39000, 'Y', 'SYSTEM', '2026-04-20'::timestamp) ON CONFLICT DO NOTHING;
INSERT INTO shopjoy_2604.od_cart (cart_id, site_id, member_id, prod_id, unit_price, order_qty, item_price, is_checked, reg_by, reg_date) VALUES ('CA000002', 'SITE000001', 'MB000001', 'PD000063', 55000, 2, 110000, 'Y', 'SYSTEM', '2026-04-20'::timestamp) ON CONFLICT DO NOTHING;
INSERT INTO shopjoy_2604.od_cart (cart_id, site_id, member_id, prod_id, unit_price, order_qty, item_price, is_checked, reg_by, reg_date) VALUES ('CA000003', 'SITE000001', 'MB000002', 'PD000074', 85000, 1, 85000, 'Y', 'SYSTEM', '2026-04-20'::timestamp) ON CONFLICT DO NOTHING;
INSERT INTO shopjoy_2604.od_cart (cart_id, site_id, member_id, prod_id, unit_price, order_qty, item_price, is_checked, reg_by, reg_date) VALUES ('CA000004', 'SITE000001', 'MB000002', 'PD000082', 72000, 1, 72000, 'N', 'SYSTEM', '2026-04-20'::timestamp) ON CONFLICT DO NOTHING;
INSERT INTO shopjoy_2604.od_cart (cart_id, site_id, member_id, prod_id, unit_price, order_qty, item_price, is_checked, reg_by, reg_date) VALUES ('CA000005', 'SITE000001', 'MB000003', 'PD000055', 48000, 1, 48000, 'Y', 'SYSTEM', '2026-04-20'::timestamp) ON CONFLICT DO NOTHING;
INSERT INTO shopjoy_2604.od_cart (cart_id, site_id, member_id, prod_id, unit_price, order_qty, item_price, is_checked, reg_by, reg_date) VALUES ('CA000006', 'SITE000001', 'MB000004', 'PD000090', 32000, 3, 96000, 'Y', 'SYSTEM', '2026-04-20'::timestamp) ON CONFLICT DO NOTHING;
INSERT INTO shopjoy_2604.od_cart (cart_id, site_id, member_id, prod_id, unit_price, order_qty, item_price, is_checked, reg_by, reg_date) VALUES ('CA000007', 'SITE000001', 'MB000005', 'PD000067', 62000, 1, 62000, 'Y', 'SYSTEM', '2026-04-20'::timestamp) ON CONFLICT DO NOTHING;
INSERT INTO shopjoy_2604.od_cart (cart_id, site_id, member_id, prod_id, unit_price, order_qty, item_price, is_checked, reg_by, reg_date) VALUES ('CA000008', 'SITE000001', 'MB000005', 'PD000079', 95000, 1, 95000, 'Y', 'SYSTEM', '2026-04-20'::timestamp) ON CONFLICT DO NOTHING;
INSERT INTO shopjoy_2604.od_cart (cart_id, site_id, member_id, prod_id, unit_price, order_qty, item_price, is_checked, reg_by, reg_date) VALUES ('CA000009', 'SITE000001', 'MB000006', 'PD000054', 41000, 2, 82000, 'Y', 'SYSTEM', '2026-04-20'::timestamp) ON CONFLICT DO NOTHING;
INSERT INTO shopjoy_2604.od_cart (cart_id, site_id, member_id, prod_id, unit_price, order_qty, item_price, is_checked, reg_by, reg_date) VALUES ('CA000010', 'SITE000001', 'MB000007', 'PD000085', 68000, 1, 68000, 'Y', 'SYSTEM', '2026-04-20'::timestamp) ON CONFLICT DO NOTHING;
INSERT INTO shopjoy_2604.od_cart (cart_id, site_id, member_id, prod_id, unit_price, order_qty, item_price, is_checked, reg_by, reg_date) VALUES ('CA000011', 'SITE000001', 'MB000007', 'PD000092', 28000, 1, 28000, 'N', 'SYSTEM', '2026-04-20'::timestamp) ON CONFLICT DO NOTHING;
INSERT INTO shopjoy_2604.od_cart (cart_id, site_id, member_id, prod_id, unit_price, order_qty, item_price, is_checked, reg_by, reg_date) VALUES ('CA000012', 'SITE000001', 'MB000008', 'PD000058', 53000, 1, 53000, 'Y', 'SYSTEM', '2026-04-20'::timestamp) ON CONFLICT DO NOTHING;

-- ── 3. od_pay — 주문별 결제 ──
INSERT INTO shopjoy_2604.od_pay (pay_id, site_id, order_id, pay_div_cd, pay_dir_cd, pay_occur_type_cd, pay_method_cd, pay_amt, pay_status_cd, pay_date, pg_company_cd, pg_transaction_id, reg_by, reg_date) VALUES ('PY000001', 'SITE000001', 'ORD-2026-025', 'ORDER', 'DEPOSIT', 'ORDER', 'KAKAO', 29900, 'PENDING', NULL, 'KAKAO', 'kakao_001', 'SYSTEM', '2026-04-20'::timestamp) ON CONFLICT DO NOTHING;
INSERT INTO shopjoy_2604.od_pay (pay_id, site_id, order_id, pay_div_cd, pay_dir_cd, pay_occur_type_cd, pay_method_cd, pay_amt, pay_status_cd, pay_date, reg_by, reg_date) VALUES ('PY000002', 'SITE000001', 'ORD-2026-024', 'ORDER', 'DEPOSIT', 'ORDER', 'BANK_TRANSFER', 238800, 'COMPLT', '2026-04-04 09:18:00'::timestamp, 'SYSTEM', '2026-04-20'::timestamp) ON CONFLICT DO NOTHING;
INSERT INTO shopjoy_2604.od_pay (pay_id, site_id, order_id, pay_div_cd, pay_dir_cd, pay_occur_type_cd, pay_method_cd, pay_amt, pay_status_cd, pay_date, pg_company_cd, pg_transaction_id, reg_by, reg_date) VALUES ('PY000003', 'SITE000001', 'ORD-2026-023', 'ORDER', 'DEPOSIT', 'ORDER', 'KAKAO', 104000, 'COMPLT', '2026-04-02 21:05:00'::timestamp, 'KAKAO', 'kakao_003', 'SYSTEM', '2026-04-20'::timestamp) ON CONFLICT DO NOTHING;
INSERT INTO shopjoy_2604.od_pay (pay_id, site_id, order_id, pay_div_cd, pay_dir_cd, pay_occur_type_cd, pay_method_cd, pay_amt, pay_status_cd, pay_date, reg_by, reg_date) VALUES ('PY000004', 'SITE000001', 'ORD-2026-022', 'ORDER', 'DEPOSIT', 'ORDER', 'SAVE', 82000, 'COMPLT', '2026-03-28 16:44:00'::timestamp, 'SYSTEM', '2026-04-20'::timestamp) ON CONFLICT DO NOTHING;
INSERT INTO shopjoy_2604.od_pay (pay_id, site_id, order_id, pay_div_cd, pay_dir_cd, pay_occur_type_cd, pay_method_cd, pay_amt, pay_status_cd, pay_date, reg_by, reg_date) VALUES ('PY000005', 'SITE000001', 'ORD-2026-021', 'ORDER', 'DEPOSIT', 'ORDER', 'BANK_TRANSFER', 58000, 'COMPLT', '2026-03-22 11:27:00'::timestamp, 'SYSTEM', '2026-04-20'::timestamp) ON CONFLICT DO NOTHING;
INSERT INTO shopjoy_2604.od_pay (pay_id, site_id, order_id, pay_div_cd, pay_dir_cd, pay_occur_type_cd, pay_method_cd, pay_amt, pay_status_cd, pay_date, pg_company_cd, pg_transaction_id, reg_by, reg_date) VALUES ('PY000006', 'SITE000001', 'ORD-2026-020', 'ORDER', 'DEPOSIT', 'ORDER', 'TOSS', 48000, 'COMPLT', '2026-03-18 08:53:00'::timestamp, 'TOSS', 'toss_006', 'SYSTEM', '2026-04-20'::timestamp) ON CONFLICT DO NOTHING;
INSERT INTO shopjoy_2604.od_pay (pay_id, site_id, order_id, pay_div_cd, pay_dir_cd, pay_occur_type_cd, pay_method_cd, pay_amt, pay_status_cd, pay_date, refund_amt, refund_status_cd, refund_date, reg_by, reg_date) VALUES ('PY000007', 'SITE000001', 'ORD-2026-019', 'ORDER', 'DEPOSIT', 'ORDER', 'BANK_TRANSFER', 92000, 'REFUNDED', '2026-03-14 19:01:00'::timestamp, 92000, 'COMPLT', '2026-04-10 10:00:00'::timestamp, 'SYSTEM', '2026-04-20'::timestamp) ON CONFLICT DO NOTHING;
INSERT INTO shopjoy_2604.od_pay (pay_id, site_id, order_id, pay_div_cd, pay_dir_cd, pay_occur_type_cd, pay_method_cd, pay_amt, pay_status_cd, pay_date, reg_by, reg_date) VALUES ('PY000008', 'SITE000001', 'ORD-2026-018', 'ORDER', 'DEPOSIT', 'ORDER', 'BANK_TRANSFER', 59800, 'COMPLT', '2026-03-10 13:22:00'::timestamp, 'SYSTEM', '2026-04-20'::timestamp) ON CONFLICT DO NOTHING;
INSERT INTO shopjoy_2604.od_pay (pay_id, site_id, order_id, pay_div_cd, pay_dir_cd, pay_occur_type_cd, pay_method_cd, pay_amt, pay_status_cd, pay_date, pg_company_cd, pg_transaction_id, reg_by, reg_date) VALUES ('PY000009', 'SITE000001', 'ORD-2026-017', 'ORDER', 'DEPOSIT', 'ORDER', 'TOSS', 52000, 'COMPLT', '2026-03-07 10:48:00'::timestamp, 'TOSS', 'toss_009', 'SYSTEM', '2026-04-20'::timestamp) ON CONFLICT DO NOTHING;
INSERT INTO shopjoy_2604.od_pay (pay_id, site_id, order_id, pay_div_cd, pay_dir_cd, pay_occur_type_cd, pay_method_cd, pay_amt, pay_status_cd, pay_date, reg_by, reg_date) VALUES ('PY000010', 'SITE000001', 'ORD-2026-016', 'ORDER', 'DEPOSIT', 'ORDER', 'BANK_TRANSFER', 62900, 'COMPLT', '2026-02-27 15:36:00'::timestamp, 'SYSTEM', '2026-04-20'::timestamp) ON CONFLICT DO NOTHING;
INSERT INTO shopjoy_2604.od_pay (pay_id, site_id, order_id, pay_div_cd, pay_dir_cd, pay_occur_type_cd, pay_method_cd, pay_amt, pay_status_cd, pay_date, pg_company_cd, pg_transaction_id, reg_by, reg_date) VALUES ('PY000011', 'SITE000001', 'ORD-2026-015', 'ORDER', 'DEPOSIT', 'ORDER', 'TOSS', 108900, 'COMPLT', '2026-02-22 22:14:00'::timestamp, 'TOSS', 'toss_011', 'SYSTEM', '2026-04-20'::timestamp) ON CONFLICT DO NOTHING;
INSERT INTO shopjoy_2604.od_pay (pay_id, site_id, order_id, pay_div_cd, pay_dir_cd, pay_occur_type_cd, pay_method_cd, pay_amt, pay_status_cd, pay_date, reg_by, reg_date) VALUES ('PY000012', 'SITE000001', 'ORD-2026-014', 'ORDER', 'DEPOSIT', 'ORDER', 'BANK_TRANSFER', 58000, 'COMPLT', '2026-02-18 07:59:00'::timestamp, 'SYSTEM', '2026-04-20'::timestamp) ON CONFLICT DO NOTHING;
INSERT INTO shopjoy_2604.od_pay (pay_id, site_id, order_id, pay_div_cd, pay_dir_cd, pay_occur_type_cd, pay_method_cd, pay_amt, pay_status_cd, pay_date, vbank_bank_code, vbank_bank_nm, vbank_holder_nm, vbank_due_date, reg_by, reg_date) VALUES ('PY000013', 'SITE000001', 'ORD-2026-013', 'ORDER', 'DEPOSIT', 'ORDER', 'BANK_TRANSFER', 32900, 'PENDING', NULL, 'KB', '국민은행', '(주)쇼핑조이', '2026-04-25'::date, 'SYSTEM', '2026-04-20'::timestamp) ON CONFLICT DO NOTHING;
INSERT INTO shopjoy_2604.od_pay (pay_id, site_id, order_id, pay_div_cd, pay_dir_cd, pay_occur_type_cd, pay_method_cd, pay_amt, pay_status_cd, pay_date, reg_by, reg_date) VALUES ('PY000014', 'SITE000001', 'ORD-2026-012', 'ORDER', 'DEPOSIT', 'ORDER', 'BANK_TRANSFER', 94900, 'COMPLT', '2026-02-10 18:07:00'::timestamp, 'SYSTEM', '2026-04-20'::timestamp) ON CONFLICT DO NOTHING;
INSERT INTO shopjoy_2604.od_pay (pay_id, site_id, order_id, pay_div_cd, pay_dir_cd, pay_occur_type_cd, pay_method_cd, pay_amt, pay_status_cd, pay_date, refund_amt, refund_status_cd, refund_date, reg_by, reg_date) VALUES ('PY000015', 'SITE000001', 'ORD-2026-011', 'ORDER', 'DEPOSIT', 'ORDER', 'BANK_TRANSFER', 122000, 'REFUNDED', '2026-02-05 09:41:00'::timestamp, 122000, 'COMPLT', '2026-04-10 10:00:00'::timestamp, 'SYSTEM', '2026-04-20'::timestamp) ON CONFLICT DO NOTHING;
INSERT INTO shopjoy_2604.od_pay (pay_id, site_id, order_id, pay_div_cd, pay_dir_cd, pay_occur_type_cd, pay_method_cd, pay_amt, pay_status_cd, pay_date, pg_company_cd, pg_transaction_id, reg_by, reg_date) VALUES ('PY000016', 'SITE000001', 'ORD-2026-010', 'ORDER', 'DEPOSIT', 'ORDER', 'TOSS', 142000, 'COMPLT', '2026-03-08 14:22:00'::timestamp, 'TOSS', 'toss_016', 'SYSTEM', '2026-04-20'::timestamp) ON CONFLICT DO NOTHING;
INSERT INTO shopjoy_2604.od_pay (pay_id, site_id, order_id, pay_div_cd, pay_dir_cd, pay_occur_type_cd, pay_method_cd, pay_amt, pay_status_cd, pay_date, reg_by, reg_date) VALUES ('PY000017', 'SITE000001', 'ORD-2026-009', 'ORDER', 'DEPOSIT', 'ORDER', 'BANK_TRANSFER', 92000, 'COMPLT', '2026-03-05 11:32:00'::timestamp, 'SYSTEM', '2026-04-20'::timestamp) ON CONFLICT DO NOTHING;
INSERT INTO shopjoy_2604.od_pay (pay_id, site_id, order_id, pay_div_cd, pay_dir_cd, pay_occur_type_cd, pay_method_cd, pay_amt, pay_status_cd, pay_date, pg_company_cd, pg_transaction_id, reg_by, reg_date) VALUES ('PY000018', 'SITE000001', 'ORD-2026-008', 'ORDER', 'DEPOSIT', 'ORDER', 'TOSS', 98000, 'COMPLT', '2026-03-01 09:15:00'::timestamp, 'TOSS', 'toss_018', 'SYSTEM', '2026-04-20'::timestamp) ON CONFLICT DO NOTHING;
INSERT INTO shopjoy_2604.od_pay (pay_id, site_id, order_id, pay_div_cd, pay_dir_cd, pay_occur_type_cd, pay_method_cd, pay_amt, pay_status_cd, pay_date, pg_company_cd, pg_transaction_id, reg_by, reg_date) VALUES ('PY000019', 'SITE000001', 'ORD-2026-007', 'ORDER', 'DEPOSIT', 'ORDER', 'KAKAO', 82000, 'COMPLT', '2026-02-25 16:44:00'::timestamp, 'KAKAO', 'kakao_019', 'SYSTEM', '2026-04-20'::timestamp) ON CONFLICT DO NOTHING;
INSERT INTO shopjoy_2604.od_pay (pay_id, site_id, order_id, pay_div_cd, pay_dir_cd, pay_occur_type_cd, pay_method_cd, pay_amt, pay_status_cd, pay_date, reg_by, reg_date) VALUES ('PY000020', 'SITE000001', 'ORD-2026-006', 'ORDER', 'DEPOSIT', 'ORDER', 'BANK_TRANSFER', 72000, 'COMPLT', '2026-02-20 18:33:00'::timestamp, 'SYSTEM', '2026-04-20'::timestamp) ON CONFLICT DO NOTHING;
INSERT INTO shopjoy_2604.od_pay (pay_id, site_id, order_id, pay_div_cd, pay_dir_cd, pay_occur_type_cd, pay_method_cd, pay_amt, pay_status_cd, pay_date, pg_company_cd, pg_transaction_id, refund_amt, refund_status_cd, refund_date, reg_by, reg_date) VALUES ('PY000021', 'SITE000001', 'ORD-2026-005', 'ORDER', 'DEPOSIT', 'ORDER', 'TOSS', 91000, 'REFUNDED', '2026-02-15 10:05:00'::timestamp, 'TOSS', 'toss_021', 91000, 'COMPLT', '2026-04-10 10:00:00'::timestamp, 'SYSTEM', '2026-04-20'::timestamp) ON CONFLICT DO NOTHING;
INSERT INTO shopjoy_2604.od_pay (pay_id, site_id, order_id, pay_div_cd, pay_dir_cd, pay_occur_type_cd, pay_method_cd, pay_amt, pay_status_cd, pay_date, pg_company_cd, pg_transaction_id, reg_by, reg_date) VALUES ('PY000022', 'SITE000001', 'ORD-2026-004', 'ORDER', 'DEPOSIT', 'ORDER', 'KAKAO', 52000, 'COMPLT', '2026-02-10 13:22:00'::timestamp, 'KAKAO', 'kakao_022', 'SYSTEM', '2026-04-20'::timestamp) ON CONFLICT DO NOTHING;
INSERT INTO shopjoy_2604.od_pay (pay_id, site_id, order_id, pay_div_cd, pay_dir_cd, pay_occur_type_cd, pay_method_cd, pay_amt, pay_status_cd, pay_date, pg_company_cd, pg_transaction_id, reg_by, reg_date) VALUES ('PY000023', 'SITE000001', 'ORD-2026-003', 'ORDER', 'DEPOSIT', 'ORDER', 'TOSS', 41000, 'COMPLT', '2026-02-05 09:18:00'::timestamp, 'TOSS', 'toss_023', 'SYSTEM', '2026-04-20'::timestamp) ON CONFLICT DO NOTHING;
INSERT INTO shopjoy_2604.od_pay (pay_id, site_id, order_id, pay_div_cd, pay_dir_cd, pay_occur_type_cd, pay_method_cd, pay_amt, pay_status_cd, pay_date, pg_company_cd, pg_transaction_id, reg_by, reg_date) VALUES ('PY000024', 'SITE000001', 'ORD-2026-002', 'ORDER', 'DEPOSIT', 'ORDER', 'KAKAO', 55000, 'COMPLT', '2026-02-01 15:08:00'::timestamp, 'KAKAO', 'kakao_024', 'SYSTEM', '2026-04-20'::timestamp) ON CONFLICT DO NOTHING;
INSERT INTO shopjoy_2604.od_pay (pay_id, site_id, order_id, pay_div_cd, pay_dir_cd, pay_occur_type_cd, pay_method_cd, pay_amt, pay_status_cd, pay_date, pg_company_cd, pg_transaction_id, reg_by, reg_date) VALUES ('PY000025', 'SITE000001', 'ORD-2026-001', 'ORDER', 'DEPOSIT', 'ORDER', 'TOSS', 48000, 'COMPLT', '2026-01-15 12:30:00'::timestamp, 'TOSS', 'toss_025', 'SYSTEM', '2026-04-20'::timestamp) ON CONFLICT DO NOTHING;

-- ── 4. od_dliv — 배송 (미삽입분 신규) ──
INSERT INTO shopjoy_2604.od_dliv (dliv_id, site_id, order_id, member_id, member_nm, recv_nm, recv_phone, recv_zip, recv_addr, recv_addr_detail, dliv_div_cd, dliv_type_cd, dliv_pay_type_cd, dliv_status_cd, shipping_fee, reg_by, reg_date) VALUES ('DLIV-023', 'SITE000001', 'ORD-2026-023', 'MB000002', '이영희', '이영희', '010-2222-2222', '48058', '부산 해운대구 센텀로 45', '501호', 'OUTBOUND', 'NORMAL', 'PREPAY', 'READY', 3000, 'SYSTEM', '2026-04-20'::timestamp) ON CONFLICT DO NOTHING;
INSERT INTO shopjoy_2604.od_dliv (dliv_id, site_id, order_id, member_id, member_nm, recv_nm, recv_phone, recv_zip, recv_addr, recv_addr_detail, dliv_div_cd, dliv_type_cd, dliv_pay_type_cd, dliv_status_cd, shipping_fee, reg_by, reg_date, outbound_courier_cd, outbound_tracking_no, dliv_ship_date) VALUES ('DLIV-022', 'SITE000001', 'ORD-2026-022', 'MB000003', '박민준', '박민준', '010-3333-3333', '34136', '대전 유성구 대학로 78', 'B동 304호', 'OUTBOUND', 'NORMAL', 'PREPAY', 'IN_TRANSIT', 3000, 'SYSTEM', '2026-04-20'::timestamp, 'LOTTE', '987654321098', '2026-03-30 09:00:00'::timestamp) ON CONFLICT DO NOTHING;
INSERT INTO shopjoy_2604.od_dliv (dliv_id, site_id, order_id, member_id, member_nm, recv_nm, recv_phone, recv_zip, recv_addr, recv_addr_detail, dliv_div_cd, dliv_type_cd, dliv_pay_type_cd, dliv_status_cd, shipping_fee, reg_by, reg_date, outbound_courier_cd, outbound_tracking_no, dliv_ship_date, dliv_date) VALUES ('DLIV-021', 'SITE000001', 'ORD-2026-021', 'MB000001', '홍길동', '홍길동', '010-1111-1111', '06134', '서울 강남구 테헤란로 123', '102동 1201호', 'OUTBOUND', 'NORMAL', 'PREPAY', 'DELIVERED', 3000, 'SYSTEM', '2026-04-20'::timestamp, 'HANJIN', '456789012345', '2026-03-24 10:00:00'::timestamp, '2026-03-26 14:00:00'::timestamp) ON CONFLICT DO NOTHING;
INSERT INTO shopjoy_2604.od_dliv (dliv_id, site_id, order_id, member_id, member_nm, recv_nm, recv_phone, recv_zip, recv_addr, recv_addr_detail, dliv_div_cd, dliv_type_cd, dliv_pay_type_cd, dliv_status_cd, shipping_fee, reg_by, reg_date, outbound_courier_cd, outbound_tracking_no, dliv_ship_date, dliv_date) VALUES ('DLIV-020', 'SITE000001', 'ORD-2026-020', 'MB000004', '김수현', '김수현', '010-4444-4444', '21565', '인천 남동구 논현로 89', '3층', 'OUTBOUND', 'NORMAL', 'PREPAY', 'DELIVERED', 3000, 'SYSTEM', '2026-04-20'::timestamp, 'CJ', '321098765432', '2026-03-20 11:00:00'::timestamp, '2026-03-22 15:00:00'::timestamp) ON CONFLICT DO NOTHING;
INSERT INTO shopjoy_2604.od_dliv (dliv_id, site_id, order_id, member_id, member_nm, recv_nm, recv_phone, recv_zip, recv_addr, recv_addr_detail, dliv_div_cd, dliv_type_cd, dliv_pay_type_cd, dliv_status_cd, shipping_fee, reg_by, reg_date, outbound_courier_cd, outbound_tracking_no, dliv_ship_date, dliv_date) VALUES ('DLIV-018', 'SITE000001', 'ORD-2026-018', 'MB000001', '홍길동', '홍길동', '010-1111-1111', '06134', '서울 강남구 테헤란로 123', '102동 1201호', 'OUTBOUND', 'NORMAL', 'PREPAY', 'DELIVERED', 0, 'SYSTEM', '2026-04-20'::timestamp, 'CJ', '112233445566', '2026-03-12 09:00:00'::timestamp, '2026-03-14 13:00:00'::timestamp) ON CONFLICT DO NOTHING;
INSERT INTO shopjoy_2604.od_dliv (dliv_id, site_id, order_id, member_id, member_nm, recv_nm, recv_phone, recv_zip, recv_addr, recv_addr_detail, dliv_div_cd, dliv_type_cd, dliv_pay_type_cd, dliv_status_cd, shipping_fee, reg_by, reg_date, outbound_courier_cd, outbound_tracking_no, dliv_ship_date, dliv_date) VALUES ('DLIV-017', 'SITE000001', 'ORD-2026-017', 'MB000006', '정민호', '정민호', '010-6666-6666', '04054', '서울 마포구 홍대입구로 56', '301호', 'OUTBOUND', 'NORMAL', 'PREPAY', 'DELIVERED', 3000, 'SYSTEM', '2026-04-20'::timestamp, 'HANJIN', '234567890123', '2026-03-09 10:00:00'::timestamp, '2026-03-11 16:00:00'::timestamp) ON CONFLICT DO NOTHING;
INSERT INTO shopjoy_2604.od_dliv (dliv_id, site_id, order_id, member_id, member_nm, recv_nm, recv_phone, recv_zip, recv_addr, recv_addr_detail, dliv_div_cd, dliv_type_cd, dliv_pay_type_cd, dliv_status_cd, shipping_fee, reg_by, reg_date, outbound_courier_cd, outbound_tracking_no, dliv_ship_date, dliv_date) VALUES ('DLIV-016', 'SITE000001', 'ORD-2026-016', 'MB000003', '박민준', '박민준', '010-3333-3333', '34136', '대전 유성구 대학로 78', 'B동 304호', 'OUTBOUND', 'NORMAL', 'PREPAY', 'DELIVERED', 3000, 'SYSTEM', '2026-04-20'::timestamp, 'CJ', '789012345678', '2026-03-01 11:00:00'::timestamp, '2026-03-03 14:00:00'::timestamp) ON CONFLICT DO NOTHING;
INSERT INTO shopjoy_2604.od_dliv (dliv_id, site_id, order_id, member_id, member_nm, recv_nm, recv_phone, recv_zip, recv_addr, recv_addr_detail, dliv_div_cd, dliv_type_cd, dliv_pay_type_cd, dliv_status_cd, shipping_fee, reg_by, reg_date, outbound_courier_cd, outbound_tracking_no, dliv_ship_date, dliv_date) VALUES ('DLIV-015', 'SITE000001', 'ORD-2026-015', 'MB000008', '윤성준', '윤성준', '010-8888-8888', '61960', '광주 서구 상무대로 89', '401호', 'OUTBOUND', 'NORMAL', 'PREPAY', 'DELIVERED', 0, 'SYSTEM', '2026-04-20'::timestamp, 'CJ', '432109876543', '2026-02-24 09:00:00'::timestamp, '2026-02-26 14:00:00'::timestamp) ON CONFLICT DO NOTHING;
INSERT INTO shopjoy_2604.od_dliv (dliv_id, site_id, order_id, member_id, member_nm, recv_nm, recv_phone, recv_zip, recv_addr, recv_addr_detail, dliv_div_cd, dliv_type_cd, dliv_pay_type_cd, dliv_status_cd, shipping_fee, reg_by, reg_date, outbound_courier_cd, outbound_tracking_no, dliv_ship_date, dliv_date) VALUES ('DLIV-014', 'SITE000001', 'ORD-2026-014', 'MB000008', '윤성준', '윤성준', '010-8888-8888', '61960', '광주 서구 상무대로 89', '401호', 'OUTBOUND', 'NORMAL', 'PREPAY', 'DELIVERED', 3000, 'SYSTEM', '2026-04-20'::timestamp, 'LOTTE', '567890123456', '2026-02-20 10:00:00'::timestamp, '2026-02-22 15:00:00'::timestamp) ON CONFLICT DO NOTHING;
INSERT INTO shopjoy_2604.od_dliv (dliv_id, site_id, order_id, member_id, member_nm, recv_nm, recv_phone, recv_zip, recv_addr, recv_addr_detail, dliv_div_cd, dliv_type_cd, dliv_pay_type_cd, dliv_status_cd, shipping_fee, reg_by, reg_date, outbound_courier_cd, outbound_tracking_no, dliv_ship_date, dliv_date) VALUES ('DLIV-010', 'SITE000001', 'ORD-2026-010', 'MB000005', '최지우', '최지우', '010-5555-5555', '42000', '대구 수성구 범어로 34', '204호', 'OUTBOUND', 'NORMAL', 'PREPAY', 'DELIVERED', 3000, 'SYSTEM', '2026-04-20'::timestamp, 'CJ', '678901234567', '2026-03-10 09:00:00'::timestamp, '2026-03-12 16:00:00'::timestamp) ON CONFLICT DO NOTHING;
INSERT INTO shopjoy_2604.od_dliv (dliv_id, site_id, order_id, member_id, member_nm, recv_nm, recv_phone, recv_zip, recv_addr, recv_addr_detail, dliv_div_cd, dliv_type_cd, dliv_pay_type_cd, dliv_status_cd, shipping_fee, reg_by, reg_date, outbound_courier_cd, outbound_tracking_no, dliv_ship_date, dliv_date) VALUES ('DLIV-009', 'SITE000001', 'ORD-2026-009', 'MB000001', '홍길동', '홍길동', '010-1111-1111', '06134', '서울 강남구 테헤란로 123', '102동 1201호', 'OUTBOUND', 'NORMAL', 'PREPAY', 'DELIVERED', 3000, 'SYSTEM', '2026-04-20'::timestamp, 'POST', '345678901234', '2026-03-07 10:00:00'::timestamp, '2026-03-09 14:00:00'::timestamp) ON CONFLICT DO NOTHING;
INSERT INTO shopjoy_2604.od_dliv (dliv_id, site_id, order_id, member_id, member_nm, recv_nm, recv_phone, recv_zip, recv_addr, recv_addr_detail, dliv_div_cd, dliv_type_cd, dliv_pay_type_cd, dliv_status_cd, shipping_fee, reg_by, reg_date, outbound_courier_cd, outbound_tracking_no, dliv_ship_date, dliv_date) VALUES ('DLIV-008', 'SITE000001', 'ORD-2026-008', 'MB000006', '정민호', '정민호', '010-6666-6666', '04054', '서울 마포구 홍대입구로 56', '301호', 'OUTBOUND', 'NORMAL', 'PREPAY', 'DELIVERED', 3000, 'SYSTEM', '2026-04-20'::timestamp, 'HANJIN', '223344556677', '2026-03-03 11:00:00'::timestamp, '2026-03-05 15:00:00'::timestamp) ON CONFLICT DO NOTHING;
INSERT INTO shopjoy_2604.od_dliv (dliv_id, site_id, order_id, member_id, member_nm, recv_nm, recv_phone, recv_zip, recv_addr, recv_addr_detail, dliv_div_cd, dliv_type_cd, dliv_pay_type_cd, dliv_status_cd, shipping_fee, reg_by, reg_date, outbound_courier_cd, outbound_tracking_no, dliv_ship_date, dliv_date) VALUES ('DLIV-007', 'SITE000001', 'ORD-2026-007', 'MB000003', '박민준', '박민준', '010-3333-3333', '34136', '대전 유성구 대학로 78', 'B동 304호', 'OUTBOUND', 'NORMAL', 'PREPAY', 'DELIVERED', 3000, 'SYSTEM', '2026-04-20'::timestamp, 'CJ', '112233445566', '2026-02-27 10:00:00'::timestamp, '2026-03-01 13:00:00'::timestamp) ON CONFLICT DO NOTHING;
INSERT INTO shopjoy_2604.od_dliv (dliv_id, site_id, order_id, member_id, member_nm, recv_nm, recv_phone, recv_zip, recv_addr, recv_addr_detail, dliv_div_cd, dliv_type_cd, dliv_pay_type_cd, dliv_status_cd, shipping_fee, reg_by, reg_date, outbound_courier_cd, outbound_tracking_no, dliv_ship_date, dliv_date) VALUES ('DLIV-006', 'SITE000001', 'ORD-2026-006', 'MB000001', '홍길동', '홍길동', '010-1111-1111', '06134', '서울 강남구 테헤란로 123', '102동 1201호', 'OUTBOUND', 'NORMAL', 'PREPAY', 'DELIVERED', 3000, 'SYSTEM', '2026-04-20'::timestamp, 'LOGEN', '890123456789', '2026-02-22 09:00:00'::timestamp, '2026-02-24 14:00:00'::timestamp) ON CONFLICT DO NOTHING;
INSERT INTO shopjoy_2604.od_dliv (dliv_id, site_id, order_id, member_id, member_nm, recv_nm, recv_phone, recv_zip, recv_addr, recv_addr_detail, dliv_div_cd, dliv_type_cd, dliv_pay_type_cd, dliv_status_cd, shipping_fee, reg_by, reg_date, outbound_courier_cd, outbound_tracking_no, dliv_ship_date, dliv_date) VALUES ('DLIV-005', 'SITE000001', 'ORD-2026-005', 'MB000008', '윤성준', '윤성준', '010-8888-8888', '61960', '광주 서구 상무대로 89', '401호', 'OUTBOUND', 'NORMAL', 'PREPAY', 'DELIVERED', 3000, 'SYSTEM', '2026-04-20'::timestamp, 'CJ', '901234567890', '2026-02-17 11:00:00'::timestamp, '2026-02-19 16:00:00'::timestamp) ON CONFLICT DO NOTHING;
INSERT INTO shopjoy_2604.od_dliv (dliv_id, site_id, order_id, member_id, member_nm, recv_nm, recv_phone, recv_zip, recv_addr, recv_addr_detail, dliv_div_cd, dliv_type_cd, dliv_pay_type_cd, dliv_status_cd, shipping_fee, reg_by, reg_date) VALUES ('DLIV-004', 'SITE000001', 'ORD-2026-004', 'MB000002', '이영희', '이영희', '010-2222-2222', '48058', '부산 해운대구 센텀로 45', '501호', 'OUTBOUND', 'NORMAL', 'PREPAY', 'READY', 3000, 'SYSTEM', '2026-04-20'::timestamp) ON CONFLICT DO NOTHING;
INSERT INTO shopjoy_2604.od_dliv (dliv_id, site_id, order_id, member_id, member_nm, recv_nm, recv_phone, recv_zip, recv_addr, recv_addr_detail, dliv_div_cd, dliv_type_cd, dliv_pay_type_cd, dliv_status_cd, shipping_fee, reg_by, reg_date, outbound_courier_cd, outbound_tracking_no, dliv_ship_date, dliv_date) VALUES ('DLIV-003', 'SITE000001', 'ORD-2026-003', 'MB000004', '김수현', '김수현', '010-4444-4444', '21565', '인천 남동구 논현로 89', '3층', 'OUTBOUND', 'NORMAL', 'PREPAY', 'DELIVERED', 3000, 'SYSTEM', '2026-04-20'::timestamp, 'CJ', '012345678901', '2026-02-07 09:00:00'::timestamp, '2026-02-09 14:00:00'::timestamp) ON CONFLICT DO NOTHING;
INSERT INTO shopjoy_2604.od_dliv (dliv_id, site_id, order_id, member_id, member_nm, recv_nm, recv_phone, recv_zip, recv_addr, recv_addr_detail, dliv_div_cd, dliv_type_cd, dliv_pay_type_cd, dliv_status_cd, shipping_fee, reg_by, reg_date, outbound_courier_cd, outbound_tracking_no, dliv_ship_date, dliv_date) VALUES ('DLIV-002', 'SITE000001', 'ORD-2026-002', 'MB000006', '정민호', '정민호', '010-6666-6666', '04054', '서울 마포구 홍대입구로 56', '301호', 'OUTBOUND', 'NORMAL', 'PREPAY', 'DELIVERED', 3000, 'SYSTEM', '2026-04-20'::timestamp, 'LOTTE', '543210987654', '2026-02-03 10:00:00'::timestamp, '2026-02-05 15:00:00'::timestamp) ON CONFLICT DO NOTHING;
INSERT INTO shopjoy_2604.od_dliv (dliv_id, site_id, order_id, member_id, member_nm, recv_nm, recv_phone, recv_zip, recv_addr, recv_addr_detail, dliv_div_cd, dliv_type_cd, dliv_pay_type_cd, dliv_status_cd, shipping_fee, reg_by, reg_date, outbound_courier_cd, outbound_tracking_no, dliv_ship_date, dliv_date) VALUES ('DLIV-001', 'SITE000001', 'ORD-2026-001', 'MB000001', '홍길동', '홍길동', '010-1111-1111', '06134', '서울 강남구 테헤란로 123', '102동 1201호', 'OUTBOUND', 'NORMAL', 'PREPAY', 'DELIVERED', 3000, 'SYSTEM', '2026-04-20'::timestamp, 'CJ', '654321098765', '2026-01-17 10:00:00'::timestamp, '2026-01-19 14:00:00'::timestamp) ON CONFLICT DO NOTHING;

-- ── 5. od_dliv_item — 배송 항목 ──
INSERT INTO shopjoy_2604.od_dliv_item (dliv_item_id, site_id, dliv_id, order_item_id, prod_id, dliv_type_cd, unit_price, dliv_qty, dliv_item_status_cd, reg_by, reg_date) VALUES ('DLVI000001', 'SITE000001', 'DLIV-023', 'OI000004', 'PD000004', 'OUT', 46000, 1, 'READY', 'SYSTEM', '2026-04-20'::timestamp) ON CONFLICT DO NOTHING;
INSERT INTO shopjoy_2604.od_dliv_item (dliv_item_id, site_id, dliv_id, order_item_id, prod_id, dliv_type_cd, unit_price, dliv_qty, dliv_item_status_cd, reg_by, reg_date) VALUES ('DLVI000002', 'SITE000001', 'DLIV-023', 'OI000005', 'PD000005', 'OUT', 55000, 1, 'READY', 'SYSTEM', '2026-04-20'::timestamp) ON CONFLICT DO NOTHING;
INSERT INTO shopjoy_2604.od_dliv_item (dliv_item_id, site_id, dliv_id, order_item_id, prod_id, dliv_type_cd, unit_price, dliv_qty, dliv_item_status_cd, reg_by, reg_date) VALUES ('DLVI000003', 'SITE000001', 'DLIV-022', 'OI000006', 'PD000006', 'OUT', 79000, 1, 'IN_TRANSIT', 'SYSTEM', '2026-04-20'::timestamp) ON CONFLICT DO NOTHING;
INSERT INTO shopjoy_2604.od_dliv_item (dliv_item_id, site_id, dliv_id, order_item_id, prod_id, dliv_type_cd, unit_price, dliv_qty, dliv_item_status_cd, reg_by, reg_date) VALUES ('DLVI000004', 'SITE000001', 'DLIV-021', 'OI000007', 'PD000005', 'OUT', 55000, 1, 'DELIVERED', 'SYSTEM', '2026-04-20'::timestamp) ON CONFLICT DO NOTHING;
INSERT INTO shopjoy_2604.od_dliv_item (dliv_item_id, site_id, dliv_id, order_item_id, prod_id, dliv_type_cd, unit_price, dliv_qty, dliv_item_status_cd, reg_by, reg_date) VALUES ('DLVI000005', 'SITE000001', 'DLIV-020', 'OI000008', 'PD000003', 'OUT', 45000, 1, 'DELIVERED', 'SYSTEM', '2026-04-20'::timestamp) ON CONFLICT DO NOTHING;
INSERT INTO shopjoy_2604.od_dliv_item (dliv_item_id, site_id, dliv_id, order_item_id, prod_id, dliv_type_cd, unit_price, dliv_qty, dliv_item_status_cd, reg_by, reg_date) VALUES ('DLVI000006', 'SITE000001', 'DLIV-018', 'OI000010', 'PD000001', 'OUT', 29900, 2, 'DELIVERED', 'SYSTEM', '2026-04-20'::timestamp) ON CONFLICT DO NOTHING;
INSERT INTO shopjoy_2604.od_dliv_item (dliv_item_id, site_id, dliv_id, order_item_id, prod_id, dliv_type_cd, unit_price, dliv_qty, dliv_item_status_cd, reg_by, reg_date) VALUES ('DLVI000007', 'SITE000001', 'DLIV-017', 'OI000011', 'PD000004', 'OUT', 49000, 1, 'DELIVERED', 'SYSTEM', '2026-04-20'::timestamp) ON CONFLICT DO NOTHING;
INSERT INTO shopjoy_2604.od_dliv_item (dliv_item_id, site_id, dliv_id, order_item_id, prod_id, dliv_type_cd, unit_price, dliv_qty, dliv_item_status_cd, reg_by, reg_date) VALUES ('DLVI000008', 'SITE000001', 'DLIV-016', 'OI000012', 'PD000002', 'OUT', 59900, 1, 'DELIVERED', 'SYSTEM', '2026-04-20'::timestamp) ON CONFLICT DO NOTHING;
INSERT INTO shopjoy_2604.od_dliv_item (dliv_item_id, site_id, dliv_id, order_item_id, prod_id, dliv_type_cd, unit_price, dliv_qty, dliv_item_status_cd, reg_by, reg_date) VALUES ('DLVI000009', 'SITE000001', 'DLIV-015', 'OI000013', 'PD000006', 'OUT', 79000, 1, 'DELIVERED', 'SYSTEM', '2026-04-20'::timestamp) ON CONFLICT DO NOTHING;
INSERT INTO shopjoy_2604.od_dliv_item (dliv_item_id, site_id, dliv_id, order_item_id, prod_id, dliv_type_cd, unit_price, dliv_qty, dliv_item_status_cd, reg_by, reg_date) VALUES ('DLVI000010', 'SITE000001', 'DLIV-015', 'OI000014', 'PD000001', 'OUT', 29900, 1, 'DELIVERED', 'SYSTEM', '2026-04-20'::timestamp) ON CONFLICT DO NOTHING;
INSERT INTO shopjoy_2604.od_dliv_item (dliv_item_id, site_id, dliv_id, order_item_id, prod_id, dliv_type_cd, unit_price, dliv_qty, dliv_item_status_cd, reg_by, reg_date) VALUES ('DLVI000011', 'SITE000001', 'DLIV-014', 'OI000015', 'PD000005', 'OUT', 55000, 1, 'DELIVERED', 'SYSTEM', '2026-04-20'::timestamp) ON CONFLICT DO NOTHING;
INSERT INTO shopjoy_2604.od_dliv_item (dliv_item_id, site_id, dliv_id, order_item_id, prod_id, dliv_type_cd, unit_price, dliv_qty, dliv_item_status_cd, reg_by, reg_date) VALUES ('DLVI000012', 'SITE000001', 'DLIV-010', 'OI000020', 'PD000015', 'OUT', 139000, 1, 'DELIVERED', 'SYSTEM', '2026-04-20'::timestamp) ON CONFLICT DO NOTHING;
INSERT INTO shopjoy_2604.od_dliv_item (dliv_item_id, site_id, dliv_id, order_item_id, prod_id, dliv_type_cd, unit_price, dliv_qty, dliv_item_status_cd, reg_by, reg_date) VALUES ('DLVI000013', 'SITE000001', 'DLIV-009', 'OI000021', 'PD000007', 'OUT', 89000, 1, 'DELIVERED', 'SYSTEM', '2026-04-20'::timestamp) ON CONFLICT DO NOTHING;
INSERT INTO shopjoy_2604.od_dliv_item (dliv_item_id, site_id, dliv_id, order_item_id, prod_id, dliv_type_cd, unit_price, dliv_qty, dliv_item_status_cd, reg_by, reg_date) VALUES ('DLVI000014', 'SITE000001', 'DLIV-008', 'OI000022', 'PD000012', 'OUT', 95000, 1, 'DELIVERED', 'SYSTEM', '2026-04-20'::timestamp) ON CONFLICT DO NOTHING;
INSERT INTO shopjoy_2604.od_dliv_item (dliv_item_id, site_id, dliv_id, order_item_id, prod_id, dliv_type_cd, unit_price, dliv_qty, dliv_item_status_cd, reg_by, reg_date) VALUES ('DLVI000015', 'SITE000001', 'DLIV-007', 'OI000023', 'PD000006', 'OUT', 79000, 1, 'DELIVERED', 'SYSTEM', '2026-04-20'::timestamp) ON CONFLICT DO NOTHING;
INSERT INTO shopjoy_2604.od_dliv_item (dliv_item_id, site_id, dliv_id, order_item_id, prod_id, dliv_type_cd, unit_price, dliv_qty, dliv_item_status_cd, reg_by, reg_date) VALUES ('DLVI000016', 'SITE000001', 'DLIV-006', 'OI000024', 'PD000008', 'OUT', 69000, 1, 'DELIVERED', 'SYSTEM', '2026-04-20'::timestamp) ON CONFLICT DO NOTHING;
INSERT INTO shopjoy_2604.od_dliv_item (dliv_item_id, site_id, dliv_id, order_item_id, prod_id, dliv_type_cd, unit_price, dliv_qty, dliv_item_status_cd, reg_by, reg_date) VALUES ('DLVI000017', 'SITE000001', 'DLIV-005', 'OI000025', 'PD000010', 'OUT', 88000, 1, 'DELIVERED', 'SYSTEM', '2026-04-20'::timestamp) ON CONFLICT DO NOTHING;
INSERT INTO shopjoy_2604.od_dliv_item (dliv_item_id, site_id, dliv_id, order_item_id, prod_id, dliv_type_cd, unit_price, dliv_qty, dliv_item_status_cd, reg_by, reg_date) VALUES ('DLVI000018', 'SITE000001', 'DLIV-004', 'OI000026', 'PD000004', 'OUT', 49000, 1, 'READY', 'SYSTEM', '2026-04-20'::timestamp) ON CONFLICT DO NOTHING;
INSERT INTO shopjoy_2604.od_dliv_item (dliv_item_id, site_id, dliv_id, order_item_id, prod_id, dliv_type_cd, unit_price, dliv_qty, dliv_item_status_cd, reg_by, reg_date) VALUES ('DLVI000019', 'SITE000001', 'DLIV-003', 'OI000027', 'PD000011', 'OUT', 38000, 1, 'DELIVERED', 'SYSTEM', '2026-04-20'::timestamp) ON CONFLICT DO NOTHING;
INSERT INTO shopjoy_2604.od_dliv_item (dliv_item_id, site_id, dliv_id, order_item_id, prod_id, dliv_type_cd, unit_price, dliv_qty, dliv_item_status_cd, reg_by, reg_date) VALUES ('DLVI000020', 'SITE000001', 'DLIV-002', 'OI000028', 'PD000013', 'OUT', 52000, 1, 'DELIVERED', 'SYSTEM', '2026-04-20'::timestamp) ON CONFLICT DO NOTHING;
INSERT INTO shopjoy_2604.od_dliv_item (dliv_item_id, site_id, dliv_id, order_item_id, prod_id, dliv_type_cd, unit_price, dliv_qty, dliv_item_status_cd, reg_by, reg_date) VALUES ('DLVI000021', 'SITE000001', 'DLIV-001', 'OI000029', 'PD000003', 'OUT', 45000, 1, 'DELIVERED', 'SYSTEM', '2026-04-20'::timestamp) ON CONFLICT DO NOTHING;

-- ── 6. od_claim_item — 클레임 항목 ──
INSERT INTO shopjoy_2604.od_claim_item (claim_item_id, site_id, claim_id, order_item_id, prod_id, prod_nm, prod_option, unit_price, claim_qty, item_amt, refund_amt, claim_item_status_cd, reg_by, reg_date) VALUES ('CLMI000001', 'SITE000001', 'CLM-2026-025', 'OI000001', 'PD000001', '오버사이즈 코튼 티셔츠', '화이트/M', 26900, 1, 26900, 0, 'REQUESTED', 'SYSTEM', '2026-04-20'::timestamp) ON CONFLICT DO NOTHING;
INSERT INTO shopjoy_2604.od_claim_item (claim_item_id, site_id, claim_id, order_item_id, prod_id, prod_nm, prod_option, unit_price, claim_qty, item_amt, refund_amt, claim_item_status_cd, reg_by, reg_date) VALUES ('CLMI000002', 'SITE000001', 'CLM-2026-024', 'OI000002', 'PD000002', '슬림핏 데님 진', '인디고/28', 116800, 1, 116800, 0, 'REQUESTED', 'SYSTEM', '2026-04-20'::timestamp) ON CONFLICT DO NOTHING;
INSERT INTO shopjoy_2604.od_claim_item (claim_item_id, site_id, claim_id, order_item_id, prod_id, prod_nm, prod_option, unit_price, claim_qty, item_amt, refund_amt, claim_item_status_cd, reg_by, reg_date) VALUES ('CLMI000003', 'SITE000001', 'CLM-2026-024', 'OI000003', 'PD000009', '울 블렌드 롱코트', '블랙/M', 119000, 1, 119000, 0, 'REQUESTED', 'SYSTEM', '2026-04-20'::timestamp) ON CONFLICT DO NOTHING;
INSERT INTO shopjoy_2604.od_claim_item (claim_item_id, site_id, claim_id, order_item_id, prod_id, prod_nm, prod_option, unit_price, claim_qty, item_amt, refund_amt, claim_item_status_cd, reg_by, reg_date) VALUES ('CLMI000004', 'SITE000001', 'CLM-2026-022', 'OI000006', 'PD000006', '플로럴 미디 드레스', '블루플로럴/M', 79000, 1, 79000, 0, 'IN_PICKUP', 'SYSTEM', '2026-04-20'::timestamp) ON CONFLICT DO NOTHING;
INSERT INTO shopjoy_2604.od_claim_item (claim_item_id, site_id, claim_id, order_item_id, prod_id, prod_nm, prod_option, unit_price, claim_qty, item_amt, refund_amt, claim_item_status_cd, reg_by, reg_date) VALUES ('CLMI000005', 'SITE000001', 'CLM-2026-021', 'OI000007', 'PD000005', '카고 와이드 팬츠', '카키/L', 55000, 1, 55000, 55000, 'COMPLT', 'SYSTEM', '2026-04-20'::timestamp) ON CONFLICT DO NOTHING;
INSERT INTO shopjoy_2604.od_claim_item (claim_item_id, site_id, claim_id, order_item_id, prod_id, prod_nm, prod_option, unit_price, claim_qty, item_amt, refund_amt, claim_item_status_cd, reg_by, reg_date) VALUES ('CLMI000006', 'SITE000001', 'CLM-2026-013', 'OI000016', 'PD000001', '오버사이즈 코튼 티셔츠', '화이트/M', 29900, 1, 29900, 0, 'REQUESTED', 'SYSTEM', '2026-04-20'::timestamp) ON CONFLICT DO NOTHING;
INSERT INTO shopjoy_2604.od_claim_item (claim_item_id, site_id, claim_id, order_item_id, prod_id, prod_nm, prod_option, unit_price, claim_qty, item_amt, refund_amt, claim_item_status_cd, reg_by, reg_date) VALUES ('CLMI000007', 'SITE000001', 'CLM-2026-012', 'OI000017', 'PD000002', '슬림핏 데님 진', '인디고/30', 59900, 1, 59900, 0, 'PROCESSING', 'SYSTEM', '2026-04-20'::timestamp) ON CONFLICT DO NOTHING;
INSERT INTO shopjoy_2604.od_claim_item (claim_item_id, site_id, claim_id, order_item_id, prod_id, prod_nm, prod_option, unit_price, claim_qty, item_amt, refund_amt, claim_item_status_cd, reg_by, reg_date) VALUES ('CLMI000008', 'SITE000001', 'CLM-2026-012', 'OI000018', 'PD000013', '체크 플란넬 셔츠', '레드체크/M', 35000, 1, 35000, 0, 'PROCESSING', 'SYSTEM', '2026-04-20'::timestamp) ON CONFLICT DO NOTHING;
INSERT INTO shopjoy_2604.od_claim_item (claim_item_id, site_id, claim_id, order_item_id, prod_id, prod_nm, prod_option, unit_price, claim_qty, item_amt, refund_amt, claim_item_status_cd, reg_by, reg_date) VALUES ('CLMI000009', 'SITE000001', 'CLM-2026-011', 'OI000019', 'PD000009', '울 블렌드 롱코트', '카멜/M', 119000, 1, 119000, 119000, 'COMPLT', 'SYSTEM', '2026-04-20'::timestamp) ON CONFLICT DO NOTHING;
INSERT INTO shopjoy_2604.od_claim_item (claim_item_id, site_id, claim_id, order_item_id, prod_id, prod_nm, prod_option, unit_price, claim_qty, item_amt, refund_amt, claim_item_status_cd, reg_by, reg_date) VALUES ('CLMI000010', 'SITE000001', 'CLM-2026-009', 'OI000021', 'PD000007', '퀼티드 숏 점퍼', '네이비/M', 89000, 1, 89000, 0, 'REQUESTED', 'SYSTEM', '2026-04-20'::timestamp) ON CONFLICT DO NOTHING;
INSERT INTO shopjoy_2604.od_claim_item (claim_item_id, site_id, claim_id, order_item_id, prod_id, prod_nm, prod_option, unit_price, claim_qty, item_amt, refund_amt, claim_item_status_cd, reg_by, reg_date) VALUES ('CLMI000011', 'SITE000001', 'CLM-2026-008', 'OI000022', 'PD000012', '리넨 오버핏 블레이저', '베이지/M', 95000, 1, 95000, 0, 'APPROVED', 'SYSTEM', '2026-04-20'::timestamp) ON CONFLICT DO NOTHING;
INSERT INTO shopjoy_2604.od_claim_item (claim_item_id, site_id, claim_id, order_item_id, prod_id, prod_nm, prod_option, unit_price, claim_qty, item_amt, refund_amt, claim_item_status_cd, reg_by, reg_date) VALUES ('CLMI000012', 'SITE000001', 'CLM-2026-007', 'OI000023', 'PD000006', '플로럴 미디 드레스', '옐로우플로럴/S', 79000, 1, 79000, 0, 'PROCESSING', 'SYSTEM', '2026-04-20'::timestamp) ON CONFLICT DO NOTHING;
INSERT INTO shopjoy_2604.od_claim_item (claim_item_id, site_id, claim_id, order_item_id, prod_id, prod_nm, prod_option, unit_price, claim_qty, item_amt, refund_amt, claim_item_status_cd, reg_by, reg_date) VALUES ('CLMI000013', 'SITE000001', 'CLM-2026-006', 'OI000024', 'PD000008', '후드 집업 스웨트셔츠', '그레이/M', 69000, 1, 69000, 0, 'PROCESSING', 'SYSTEM', '2026-04-20'::timestamp) ON CONFLICT DO NOTHING;
INSERT INTO shopjoy_2604.od_claim_item (claim_item_id, site_id, claim_id, order_item_id, prod_id, prod_nm, prod_option, unit_price, claim_qty, item_amt, refund_amt, claim_item_status_cd, reg_by, reg_date) VALUES ('CLMI000014', 'SITE000001', 'CLM-2026-005', 'OI000025', 'PD000010', '맥시 롱 원피스', '화이트/S', 88000, 1, 88000, 88000, 'COMPLT', 'SYSTEM', '2026-04-20'::timestamp) ON CONFLICT DO NOTHING;
INSERT INTO shopjoy_2604.od_claim_item (claim_item_id, site_id, claim_id, order_item_id, prod_id, prod_nm, prod_option, unit_price, claim_qty, item_amt, refund_amt, claim_item_status_cd, reg_by, reg_date) VALUES ('CLMI000015', 'SITE000001', 'CLM-2026-004', 'OI000026', 'PD000004', '케이블 니트 스웨터', '핑크/M', 49000, 1, 49000, 0, 'REQUESTED', 'SYSTEM', '2026-04-20'::timestamp) ON CONFLICT DO NOTHING;
INSERT INTO shopjoy_2604.od_claim_item (claim_item_id, site_id, claim_id, order_item_id, prod_id, prod_nm, prod_option, unit_price, claim_qty, item_amt, refund_amt, claim_item_status_cd, reg_by, reg_date) VALUES ('CLMI000016', 'SITE000001', 'CLM-2026-003', 'OI000027', 'PD000011', '조거 스웻 팬츠', '그레이/M', 38000, 1, 38000, 0, 'APPROVED', 'SYSTEM', '2026-04-20'::timestamp) ON CONFLICT DO NOTHING;
INSERT INTO shopjoy_2604.od_claim_item (claim_item_id, site_id, claim_id, order_item_id, prod_id, prod_nm, prod_option, unit_price, claim_qty, item_amt, refund_amt, claim_item_status_cd, reg_by, reg_date) VALUES ('CLMI000017', 'SITE000001', 'CLM-2026-002', 'OI000028', 'PD000013', '체크 플란넬 셔츠', '블루체크/L', 52000, 1, 52000, 52000, 'COMPLT', 'SYSTEM', '2026-04-20'::timestamp) ON CONFLICT DO NOTHING;
INSERT INTO shopjoy_2604.od_claim_item (claim_item_id, site_id, claim_id, order_item_id, prod_id, prod_nm, prod_option, unit_price, claim_qty, item_amt, refund_amt, claim_item_status_cd, reg_by, reg_date) VALUES ('CLMI000018', 'SITE000001', 'CLM-2026-001', 'OI000029', 'PD000003', '스트라이프 린넨 셔츠', '블루스트라이프/M', 45000, 1, 45000, 45000, 'COMPLT', 'SYSTEM', '2026-04-20'::timestamp) ON CONFLICT DO NOTHING;

-- ── 7. od_order_item_discnt — 상품별 즉시할인 / 상품쿠폰 ──
INSERT INTO shopjoy_2604.od_order_item_discnt (item_discnt_id, site_id, order_id, order_item_id, discnt_type_cd, coupon_id, coupon_issue_id, discnt_rate, unit_discnt_amt, total_discnt_amt, order_qty, reg_by, reg_date) VALUES ('OIDI000001', 'SITE000001', 'ORD-2026-023', 'OI000004', 'ITEM_DISCNT', NULL, NULL, 5, 2300, 2300, 1, 'SYSTEM', '2026-04-20'::timestamp) ON CONFLICT DO NOTHING;
INSERT INTO shopjoy_2604.od_order_item_discnt (item_discnt_id, site_id, order_id, order_item_id, discnt_type_cd, coupon_id, coupon_issue_id, discnt_rate, unit_discnt_amt, total_discnt_amt, order_qty, reg_by, reg_date) VALUES ('OIDI000002', 'SITE000001', 'ORD-2026-022', 'OI000006', 'ITEM_DISCNT', NULL, NULL, 10, 7900, 7900, 1, 'SYSTEM', '2026-04-20'::timestamp) ON CONFLICT DO NOTHING;
INSERT INTO shopjoy_2604.od_order_item_discnt (item_discnt_id, site_id, order_id, order_item_id, discnt_type_cd, coupon_id, coupon_issue_id, discnt_rate, unit_discnt_amt, total_discnt_amt, order_qty, reg_by, reg_date) VALUES ('OIDI000003', 'SITE000001', 'ORD-2026-017', 'OI000011', 'ITEM_DISCNT', NULL, NULL, 5, 2450, 2450, 1, 'SYSTEM', '2026-04-20'::timestamp) ON CONFLICT DO NOTHING;
INSERT INTO shopjoy_2604.od_order_item_discnt (item_discnt_id, site_id, order_id, order_item_id, discnt_type_cd, coupon_id, coupon_issue_id, discnt_rate, unit_discnt_amt, total_discnt_amt, order_qty, reg_by, reg_date) VALUES ('OIDI000004', 'SITE000001', 'ORD-2026-020', 'OI000008', 'ITEM_COUPON', 'CO000003', 'CI000003', 15, 6750, 6750, 1, 'SYSTEM', '2026-04-20'::timestamp) ON CONFLICT DO NOTHING;
INSERT INTO shopjoy_2604.od_order_item_discnt (item_discnt_id, site_id, order_id, order_item_id, discnt_type_cd, coupon_id, coupon_issue_id, discnt_rate, unit_discnt_amt, total_discnt_amt, order_qty, reg_by, reg_date) VALUES ('OIDI000005', 'SITE000001', 'ORD-2026-015', 'OI000013', 'ITEM_COUPON', 'CO000003', 'CI000004', 15, 11850, 11850, 1, 'SYSTEM', '2026-04-20'::timestamp) ON CONFLICT DO NOTHING;
INSERT INTO shopjoy_2604.od_order_item_discnt (item_discnt_id, site_id, order_id, order_item_id, discnt_type_cd, coupon_id, coupon_issue_id, discnt_rate, unit_discnt_amt, total_discnt_amt, order_qty, reg_by, reg_date) VALUES ('OIDI000006', 'SITE000001', 'ORD-2026-014', 'OI000015', 'ITEM_DISCNT', NULL, NULL, 5, 2750, 2750, 1, 'SYSTEM', '2026-04-20'::timestamp) ON CONFLICT DO NOTHING;

-- ── 8. od_order_discnt — 주문 쿠폰·적립금·캐쉬 차감 ──
INSERT INTO shopjoy_2604.od_order_discnt (order_discnt_id, site_id, order_id, discnt_type_cd, coupon_id, coupon_issue_id, discnt_amt, restore_yn, reg_by, reg_date) VALUES ('ODSC000001', 'SITE000001', 'ORD-2026-020', 'ORDER_COUPON', 'CO000001', 'CI000001', 4500, 'N', 'SYSTEM', '2026-04-20'::timestamp) ON CONFLICT DO NOTHING;
INSERT INTO shopjoy_2604.od_order_discnt (order_discnt_id, site_id, order_id, discnt_type_cd, coupon_id, coupon_issue_id, discnt_amt, restore_yn, reg_by, reg_date) VALUES ('ODSC000002', 'SITE000001', 'ORD-2026-017', 'ORDER_COUPON', 'CO000002', 'CI000002', 5000, 'N', 'SYSTEM', '2026-04-20'::timestamp) ON CONFLICT DO NOTHING;
INSERT INTO shopjoy_2604.od_order_discnt (order_discnt_id, site_id, order_id, discnt_type_cd, coupon_id, coupon_issue_id, discnt_amt, restore_yn, reg_by, reg_date) VALUES ('ODSC000003', 'SITE000001', 'ORD-2026-015', 'ORDER_COUPON', 'CO000004', 'CI000005', 10000, 'N', 'SYSTEM', '2026-04-20'::timestamp) ON CONFLICT DO NOTHING;
INSERT INTO shopjoy_2604.od_order_discnt (order_discnt_id, site_id, order_id, discnt_type_cd, coupon_id, coupon_issue_id, discnt_amt, restore_yn, reg_by, reg_date) VALUES ('ODSC000004', 'SITE000001', 'ORD-2026-010', 'ORDER_COUPON', 'CO000008', 'CI000008', 2000, 'N', 'SYSTEM', '2026-04-20'::timestamp) ON CONFLICT DO NOTHING;
INSERT INTO shopjoy_2604.od_order_discnt (order_discnt_id, site_id, order_id, discnt_type_cd, coupon_id, coupon_issue_id, discnt_amt, restore_yn, reg_by, reg_date) VALUES ('ODSC000005', 'SITE000001', 'ORD-2026-022', 'SAVE_USE', NULL, NULL, 3000, 'N', 'SYSTEM', '2026-04-20'::timestamp) ON CONFLICT DO NOTHING;
INSERT INTO shopjoy_2604.od_order_discnt (order_discnt_id, site_id, order_id, discnt_type_cd, coupon_id, coupon_issue_id, discnt_amt, restore_yn, reg_by, reg_date) VALUES ('ODSC000006', 'SITE000001', 'ORD-2026-018', 'SAVE_USE', NULL, NULL, 2000, 'N', 'SYSTEM', '2026-04-20'::timestamp) ON CONFLICT DO NOTHING;
INSERT INTO shopjoy_2604.od_order_discnt (order_discnt_id, site_id, order_id, discnt_type_cd, coupon_id, coupon_issue_id, discnt_amt, restore_yn, reg_by, reg_date) VALUES ('ODSC000007', 'SITE000001', 'ORD-2026-016', 'SAVE_USE', NULL, NULL, 1000, 'N', 'SYSTEM', '2026-04-20'::timestamp) ON CONFLICT DO NOTHING;
INSERT INTO shopjoy_2604.od_order_discnt (order_discnt_id, site_id, order_id, discnt_type_cd, coupon_id, coupon_issue_id, discnt_amt, restore_yn, reg_by, reg_date) VALUES ('ODSC000008', 'SITE000001', 'ORD-2026-023', 'CACHE_USE', NULL, NULL, 3000, 'N', 'SYSTEM', '2026-04-20'::timestamp) ON CONFLICT DO NOTHING;
INSERT INTO shopjoy_2604.od_order_discnt (order_discnt_id, site_id, order_id, discnt_type_cd, coupon_id, coupon_issue_id, discnt_amt, restore_yn, reg_by, reg_date) VALUES ('ODSC000009', 'SITE000001', 'ORD-2026-014', 'CACHE_USE', NULL, NULL, 2000, 'N', 'SYSTEM', '2026-04-20'::timestamp) ON CONFLICT DO NOTHING;
INSERT INTO shopjoy_2604.od_order_discnt (order_discnt_id, site_id, order_id, discnt_type_cd, coupon_id, coupon_issue_id, discnt_amt, restore_yn, restore_amt, restore_date, reg_by, reg_date) VALUES ('ODSC000010', 'SITE000001', 'ORD-2026-011', 'SAVE_USE', NULL, NULL, 2000, 'Y', 2000, '2026-04-01 16:00:00'::timestamp, 'SYSTEM', '2026-04-20'::timestamp) ON CONFLICT DO NOTHING;
INSERT INTO shopjoy_2604.od_order_discnt (order_discnt_id, site_id, order_id, discnt_type_cd, coupon_id, coupon_issue_id, discnt_amt, restore_yn, restore_amt, restore_date, reg_by, reg_date) VALUES ('ODSC000011', 'SITE000001', 'ORD-2026-019', 'CACHE_USE', NULL, NULL, 3000, 'Y', 3000, '2026-03-15 10:00:00'::timestamp, 'SYSTEM', '2026-04-20'::timestamp) ON CONFLICT DO NOTHING;

-- ── 9. od_refund — 환불 마스터 ──
INSERT INTO shopjoy_2604.od_refund (refund_id, site_id, order_id, refund_type_cd, refund_prod_amt, refund_ship_amt, refund_save_amt, total_refund_amt, refund_status_cd, refund_req_date, fault_type_cd, claim_id, refund_complt_date, reg_by, reg_date) VALUES ('RF000001', 'SITE000001', 'ORD-2026-021', 'RETURN', 55000, 0, 0, 55000, 'COMPLT', '2026-03-25 11:12:00'::timestamp, 'VENDOR', 'CLM-2026-021', '2026-03-27 14:00:00'::timestamp, 'SYSTEM', '2026-04-20'::timestamp) ON CONFLICT DO NOTHING;
INSERT INTO shopjoy_2604.od_refund (refund_id, site_id, order_id, refund_type_cd, refund_prod_amt, refund_ship_amt, refund_save_amt, total_refund_amt, refund_status_cd, refund_req_date, fault_type_cd, claim_id, refund_complt_date, reg_by, reg_date) VALUES ('RF000002', 'SITE000001', 'ORD-2026-011', 'CANCEL', 119000, 3000, 2000, 119000, 'COMPLT', '2026-02-05 15:08:00'::timestamp, 'CUST', 'CLM-2026-011', '2026-02-06 10:00:00'::timestamp, 'SYSTEM', '2026-04-20'::timestamp) ON CONFLICT DO NOTHING;
INSERT INTO shopjoy_2604.od_refund (refund_id, site_id, order_id, refund_type_cd, refund_prod_amt, refund_ship_amt, refund_save_amt, total_refund_amt, refund_status_cd, refund_req_date, fault_type_cd, claim_id, refund_complt_date, reg_by, reg_date) VALUES ('RF000003', 'SITE000001', 'ORD-2026-005', 'RETURN', 88000, 0, 0, 88000, 'COMPLT', '2026-03-18 10:17:00'::timestamp, 'CUST', 'CLM-2026-005', '2026-03-22 15:00:00'::timestamp, 'SYSTEM', '2026-04-20'::timestamp) ON CONFLICT DO NOTHING;
INSERT INTO shopjoy_2604.od_refund (refund_id, site_id, order_id, refund_type_cd, refund_prod_amt, refund_ship_amt, refund_save_amt, total_refund_amt, refund_status_cd, refund_req_date, fault_type_cd, claim_id, reg_by, reg_date) VALUES ('RF000004', 'SITE000001', 'ORD-2026-006', 'RETURN', 69000, 0, 0, 69000, 'PENDING', '2026-03-25 16:44:00'::timestamp, 'VENDOR', 'CLM-2026-006', 'SYSTEM', '2026-04-20'::timestamp) ON CONFLICT DO NOTHING;
INSERT INTO shopjoy_2604.od_refund (refund_id, site_id, order_id, refund_type_cd, refund_prod_amt, refund_ship_amt, refund_save_amt, total_refund_amt, refund_status_cd, refund_req_date, fault_type_cd, claim_id, reg_by, reg_date) VALUES ('RF000005', 'SITE000001', 'ORD-2026-012', 'CANCEL', 94900, 0, 0, 94900, 'PENDING', '2026-04-04 09:47:00'::timestamp, 'CUST', 'CLM-2026-012', 'SYSTEM', '2026-04-20'::timestamp) ON CONFLICT DO NOTHING;
INSERT INTO shopjoy_2604.od_refund (refund_id, site_id, order_id, refund_type_cd, refund_prod_amt, refund_ship_amt, refund_save_amt, total_refund_amt, refund_status_cd, refund_req_date, fault_type_cd, refund_complt_date, reg_by, reg_date) VALUES ('RF000006', 'SITE000001', 'ORD-2026-019', 'CANCEL', 89000, 3000, 3000, 89000, 'COMPLT', '2026-03-14 20:00:00'::timestamp, 'CUST', '2026-03-15 10:00:00'::timestamp, 'SYSTEM', '2026-04-20'::timestamp) ON CONFLICT DO NOTHING;

-- ── 10. od_refund_method — 환불 수단 ──
INSERT INTO shopjoy_2604.od_refund_method (refund_method_id, site_id, refund_id, order_id, pay_method_cd, refund_priority, refund_amt, refund_avail_amt, refund_status_cd, refund_date, pay_id, reg_by, reg_date) VALUES ('RFM000001', 'SITE000001', 'RF000001', 'ORD-2026-021CL', 'BANK_TRANSFER', 1, 55000, 55000, 'COMPLT', '2026-03-27 14:00:00'::timestamp, 'PY000005', 'SYSTEM', '2026-04-20'::timestamp) ON CONFLICT DO NOTHING;
INSERT INTO shopjoy_2604.od_refund_method (refund_method_id, site_id, refund_id, order_id, pay_method_cd, refund_priority, refund_amt, refund_avail_amt, refund_status_cd, refund_date, pay_id, reg_by, reg_date) VALUES ('RFM000002', 'SITE000001', 'RF000002', 'ORD-2026-011CL', 'BANK_TRANSFER', 1, 119000, 119000, 'COMPLT', '2026-02-06 10:00:00'::timestamp, 'PY000015', 'SYSTEM', '2026-04-20'::timestamp) ON CONFLICT DO NOTHING;
INSERT INTO shopjoy_2604.od_refund_method (refund_method_id, site_id, refund_id, order_id, pay_method_cd, refund_priority, refund_amt, refund_avail_amt, refund_status_cd, refund_date, pay_id, reg_by, reg_date) VALUES ('RFM000003', 'SITE000001', 'RF000003', 'ORD-2026-005CL', 'TOSS', 1, 88000, 88000, 'COMPLT', '2026-03-22 15:00:00'::timestamp, 'PY000021', 'SYSTEM', '2026-04-20'::timestamp) ON CONFLICT DO NOTHING;
INSERT INTO shopjoy_2604.od_refund_method (refund_method_id, site_id, refund_id, order_id, pay_method_cd, refund_priority, refund_amt, refund_avail_amt, refund_status_cd, pay_id, reg_by, reg_date) VALUES ('RFM000004', 'SITE000001', 'RF000004', 'ORD-2026-006CL', 'BANK_TRANSFER', 1, 69000, 69000, 'PENDING', 'PY000020', 'SYSTEM', '2026-04-20'::timestamp) ON CONFLICT DO NOTHING;
INSERT INTO shopjoy_2604.od_refund_method (refund_method_id, site_id, refund_id, order_id, pay_method_cd, refund_priority, refund_amt, refund_avail_amt, refund_status_cd, pay_id, reg_by, reg_date) VALUES ('RFM000005', 'SITE000001', 'RF000005', 'ORD-2026-012CL', 'BANK_TRANSFER', 1, 94900, 94900, 'PENDING', 'PY000014', 'SYSTEM', '2026-04-20'::timestamp) ON CONFLICT DO NOTHING;
INSERT INTO shopjoy_2604.od_refund_method (refund_method_id, site_id, refund_id, order_id, pay_method_cd, refund_priority, refund_amt, refund_avail_amt, refund_status_cd, refund_date, pay_id, reg_by, reg_date) VALUES ('RFM000006', 'SITE000001', 'RF000006', 'ORD-2026-019', 'BANK_TRANSFER', 1, 89000, 89000, 'COMPLT', '2026-03-15 10:00:00'::timestamp, 'PY000007', 'SYSTEM', '2026-04-20'::timestamp) ON CONFLICT DO NOTHING;