-- ================================================================
-- sy_* / syh_* 시스템 도메인 샘플 데이터
-- 생성: generate_sample_sql_sy.js
-- 스키마: shopjoy_2604
-- 전제: generate_sample_sql.js 실행 완료
-- ================================================================
SET search_path TO shopjoy_2604;

-- ================================================================
-- 1. sy_menu — 관리자 메뉴
-- ================================================================
INSERT INTO shopjoy_2604.sy_menu (menu_id, site_id, menu_code, menu_nm, parent_menu_id, menu_url, menu_type_cd, sort_ord, use_yn, reg_by, reg_date) VALUES ('MN000001', 'SITE000001', 'MEMBER', '회원관리', NULL, NULL, 'FOLDER', 1, 'Y', 'SYSTEM', '2026-01-01 00:00:00') ON CONFLICT DO NOTHING;
INSERT INTO shopjoy_2604.sy_menu (menu_id, site_id, menu_code, menu_nm, parent_menu_id, menu_url, menu_type_cd, sort_ord, use_yn, reg_by, reg_date) VALUES ('MN000002', 'SITE000001', 'EC_MEMBER', '회원관리', 'MN000001', '#page=ecMemberMng', 'PAGE', 1, 'Y', 'SYSTEM', '2026-01-01 00:00:00') ON CONFLICT DO NOTHING;
INSERT INTO shopjoy_2604.sy_menu (menu_id, site_id, menu_code, menu_nm, parent_menu_id, menu_url, menu_type_cd, sort_ord, use_yn, reg_by, reg_date) VALUES ('MN000010', 'SITE000001', 'PRODUCT', '상품관리', NULL, NULL, 'FOLDER', 2, 'Y', 'SYSTEM', '2026-01-01 00:00:00') ON CONFLICT DO NOTHING;
INSERT INTO shopjoy_2604.sy_menu (menu_id, site_id, menu_code, menu_nm, parent_menu_id, menu_url, menu_type_cd, sort_ord, use_yn, reg_by, reg_date) VALUES ('MN000011', 'SITE000001', 'EC_CATEGORY', '카테고리관리', 'MN000010', '#page=ecCategoryMng', 'PAGE', 1, 'Y', 'SYSTEM', '2026-01-01 00:00:00') ON CONFLICT DO NOTHING;
INSERT INTO shopjoy_2604.sy_menu (menu_id, site_id, menu_code, menu_nm, parent_menu_id, menu_url, menu_type_cd, sort_ord, use_yn, reg_by, reg_date) VALUES ('MN000012', 'SITE000001', 'EC_PROD', '상품관리', 'MN000010', '#page=ecProdMng', 'PAGE', 2, 'Y', 'SYSTEM', '2026-01-01 00:00:00') ON CONFLICT DO NOTHING;
INSERT INTO shopjoy_2604.sy_menu (menu_id, site_id, menu_code, menu_nm, parent_menu_id, menu_url, menu_type_cd, sort_ord, use_yn, reg_by, reg_date) VALUES ('MN000020', 'SITE000001', 'ORDER', '주문관리', NULL, NULL, 'FOLDER', 3, 'Y', 'SYSTEM', '2026-01-01 00:00:00') ON CONFLICT DO NOTHING;
INSERT INTO shopjoy_2604.sy_menu (menu_id, site_id, menu_code, menu_nm, parent_menu_id, menu_url, menu_type_cd, sort_ord, use_yn, reg_by, reg_date) VALUES ('MN000021', 'SITE000001', 'EC_ORDER', '주문관리', 'MN000020', '#page=ecOrderMng', 'PAGE', 1, 'Y', 'SYSTEM', '2026-01-01 00:00:00') ON CONFLICT DO NOTHING;
INSERT INTO shopjoy_2604.sy_menu (menu_id, site_id, menu_code, menu_nm, parent_menu_id, menu_url, menu_type_cd, sort_ord, use_yn, reg_by, reg_date) VALUES ('MN000022', 'SITE000001', 'EC_CLAIM', '클레임관리', 'MN000020', '#page=ecClaimMng', 'PAGE', 2, 'Y', 'SYSTEM', '2026-01-01 00:00:00') ON CONFLICT DO NOTHING;
INSERT INTO shopjoy_2604.sy_menu (menu_id, site_id, menu_code, menu_nm, parent_menu_id, menu_url, menu_type_cd, sort_ord, use_yn, reg_by, reg_date) VALUES ('MN000023', 'SITE000001', 'EC_DLIV', '배송관리', 'MN000020', '#page=ecDlivMng', 'PAGE', 3, 'Y', 'SYSTEM', '2026-01-01 00:00:00') ON CONFLICT DO NOTHING;
INSERT INTO shopjoy_2604.sy_menu (menu_id, site_id, menu_code, menu_nm, parent_menu_id, menu_url, menu_type_cd, sort_ord, use_yn, reg_by, reg_date) VALUES ('MN000030', 'SITE000001', 'PROMOTION', '프로모션', NULL, NULL, 'FOLDER', 4, 'Y', 'SYSTEM', '2026-01-01 00:00:00') ON CONFLICT DO NOTHING;
INSERT INTO shopjoy_2604.sy_menu (menu_id, site_id, menu_code, menu_nm, parent_menu_id, menu_url, menu_type_cd, sort_ord, use_yn, reg_by, reg_date) VALUES ('MN000031', 'SITE000001', 'EC_COUPON', '쿠폰관리', 'MN000030', '#page=ecCouponMng', 'PAGE', 1, 'Y', 'SYSTEM', '2026-01-01 00:00:00') ON CONFLICT DO NOTHING;
INSERT INTO shopjoy_2604.sy_menu (menu_id, site_id, menu_code, menu_nm, parent_menu_id, menu_url, menu_type_cd, sort_ord, use_yn, reg_by, reg_date) VALUES ('MN000032', 'SITE000001', 'EC_CACHE', '캐쉬관리', 'MN000030', '#page=ecCacheMng', 'PAGE', 2, 'Y', 'SYSTEM', '2026-01-01 00:00:00') ON CONFLICT DO NOTHING;
INSERT INTO shopjoy_2604.sy_menu (menu_id, site_id, menu_code, menu_nm, parent_menu_id, menu_url, menu_type_cd, sort_ord, use_yn, reg_by, reg_date) VALUES ('MN000033', 'SITE000001', 'EC_EVENT', '이벤트관리', 'MN000030', '#page=ecEventMng', 'PAGE', 3, 'Y', 'SYSTEM', '2026-01-01 00:00:00') ON CONFLICT DO NOTHING;
INSERT INTO shopjoy_2604.sy_menu (menu_id, site_id, menu_code, menu_nm, parent_menu_id, menu_url, menu_type_cd, sort_ord, use_yn, reg_by, reg_date) VALUES ('MN000040', 'SITE000001', 'DISPLAY', '전시관리', NULL, NULL, 'FOLDER', 5, 'Y', 'SYSTEM', '2026-01-01 00:00:00') ON CONFLICT DO NOTHING;
INSERT INTO shopjoy_2604.sy_menu (menu_id, site_id, menu_code, menu_nm, parent_menu_id, menu_url, menu_type_cd, sort_ord, use_yn, reg_by, reg_date) VALUES ('MN000041', 'SITE000001', 'DISP_GRP_PREVIEW', '미리보기', 'MN000040', NULL, 'FOLDER', 1, 'Y', 'SYSTEM', '2026-01-01 00:00:00') ON CONFLICT DO NOTHING;
INSERT INTO shopjoy_2604.sy_menu (menu_id, site_id, menu_code, menu_nm, parent_menu_id, menu_url, menu_type_cd, sort_ord, use_yn, reg_by, reg_date) VALUES ('MN000042', 'SITE000001', 'EC_DISP_UI_PV', '전시UI미리보기', 'MN000041', '#page=ecDispUiPreview', 'PAGE', 1, 'Y', 'SYSTEM', '2026-01-01 00:00:00') ON CONFLICT DO NOTHING;
INSERT INTO shopjoy_2604.sy_menu (menu_id, site_id, menu_code, menu_nm, parent_menu_id, menu_url, menu_type_cd, sort_ord, use_yn, reg_by, reg_date) VALUES ('MN000043', 'SITE000001', 'EC_DISP_AREA_PV', '전시영역미리보기', 'MN000041', '#page=ecDispAreaPreview', 'PAGE', 2, 'Y', 'SYSTEM', '2026-01-01 00:00:00') ON CONFLICT DO NOTHING;
INSERT INTO shopjoy_2604.sy_menu (menu_id, site_id, menu_code, menu_nm, parent_menu_id, menu_url, menu_type_cd, sort_ord, use_yn, reg_by, reg_date) VALUES ('MN000044', 'SITE000001', 'EC_DISP_PANEL_PV', '전시패널미리보기', 'MN000041', '#page=ecDispPanelPreview', 'PAGE', 3, 'Y', 'SYSTEM', '2026-01-01 00:00:00') ON CONFLICT DO NOTHING;
INSERT INTO shopjoy_2604.sy_menu (menu_id, site_id, menu_code, menu_nm, parent_menu_id, menu_url, menu_type_cd, sort_ord, use_yn, reg_by, reg_date) VALUES ('MN000045', 'SITE000001', 'EC_DISP_WGT_PV', '전시위젯미리보기', 'MN000041', '#page=ecDispWidgetPreview', 'PAGE', 4, 'Y', 'SYSTEM', '2026-01-01 00:00:00') ON CONFLICT DO NOTHING;
INSERT INTO shopjoy_2604.sy_menu (menu_id, site_id, menu_code, menu_nm, parent_menu_id, menu_url, menu_type_cd, sort_ord, use_yn, reg_by, reg_date) VALUES ('MN000046', 'SITE000001', 'EC_DISP_LIB_PV', '전시위젯Lib미리보기', 'MN000041', '#page=ecDispWidgetLibPreview', 'PAGE', 5, 'Y', 'SYSTEM', '2026-01-01 00:00:00') ON CONFLICT DO NOTHING;
INSERT INTO shopjoy_2604.sy_menu (menu_id, site_id, menu_code, menu_nm, parent_menu_id, menu_url, menu_type_cd, sort_ord, use_yn, reg_by, reg_date) VALUES ('MN000047', 'SITE000001', 'DISP_GRP_MNG', '전시관리', 'MN000040', NULL, 'FOLDER', 2, 'Y', 'SYSTEM', '2026-01-01 00:00:00') ON CONFLICT DO NOTHING;
INSERT INTO shopjoy_2604.sy_menu (menu_id, site_id, menu_code, menu_nm, parent_menu_id, menu_url, menu_type_cd, sort_ord, use_yn, reg_by, reg_date) VALUES ('MN000048', 'SITE000001', 'EC_DISP_UI', '전시UI관리', 'MN000047', '#page=ecDispUiMng', 'PAGE', 1, 'Y', 'SYSTEM', '2026-01-01 00:00:00') ON CONFLICT DO NOTHING;
INSERT INTO shopjoy_2604.sy_menu (menu_id, site_id, menu_code, menu_nm, parent_menu_id, menu_url, menu_type_cd, sort_ord, use_yn, reg_by, reg_date) VALUES ('MN000049', 'SITE000001', 'EC_DISP_AREA', '전시영역관리', 'MN000047', '#page=ecDispAreaMng', 'PAGE', 2, 'Y', 'SYSTEM', '2026-01-01 00:00:00') ON CONFLICT DO NOTHING;
INSERT INTO shopjoy_2604.sy_menu (menu_id, site_id, menu_code, menu_nm, parent_menu_id, menu_url, menu_type_cd, sort_ord, use_yn, reg_by, reg_date) VALUES ('MN000050', 'SITE000001', 'EC_DISP_PANEL', '전시패널관리', 'MN000047', '#page=ecDispPanelMng', 'PAGE', 3, 'Y', 'SYSTEM', '2026-01-01 00:00:00') ON CONFLICT DO NOTHING;
INSERT INTO shopjoy_2604.sy_menu (menu_id, site_id, menu_code, menu_nm, parent_menu_id, menu_url, menu_type_cd, sort_ord, use_yn, reg_by, reg_date) VALUES ('MN000051', 'SITE000001', 'EC_DISP_WIDGET', '전시위젯관리', 'MN000047', '#page=ecDispWidgetMng', 'PAGE', 4, 'Y', 'SYSTEM', '2026-01-01 00:00:00') ON CONFLICT DO NOTHING;
INSERT INTO shopjoy_2604.sy_menu (menu_id, site_id, menu_code, menu_nm, parent_menu_id, menu_url, menu_type_cd, sort_ord, use_yn, reg_by, reg_date) VALUES ('MN000052', 'SITE000001', 'DISP_GRP_RES', '전시리소스', 'MN000040', NULL, 'FOLDER', 3, 'Y', 'SYSTEM', '2026-01-01 00:00:00') ON CONFLICT DO NOTHING;
INSERT INTO shopjoy_2604.sy_menu (menu_id, site_id, menu_code, menu_nm, parent_menu_id, menu_url, menu_type_cd, sort_ord, use_yn, reg_by, reg_date) VALUES ('MN000053', 'SITE000001', 'EC_DISP_WGT_LIB', '전시위젯Lib', 'MN000052', '#page=ecDispWidgetLibMng', 'PAGE', 1, 'Y', 'SYSTEM', '2026-01-01 00:00:00') ON CONFLICT DO NOTHING;
INSERT INTO shopjoy_2604.sy_menu (menu_id, site_id, menu_code, menu_nm, parent_menu_id, menu_url, menu_type_cd, sort_ord, use_yn, reg_by, reg_date) VALUES ('MN000054', 'SITE000001', 'DISP_GRP_DEV', '개발지원', 'MN000040', NULL, 'FOLDER', 4, 'Y', 'SYSTEM', '2026-01-01 00:00:00') ON CONFLICT DO NOTHING;
INSERT INTO shopjoy_2604.sy_menu (menu_id, site_id, menu_code, menu_nm, parent_menu_id, menu_url, menu_type_cd, sort_ord, use_yn, reg_by, reg_date) VALUES ('MN000055', 'SITE000001', 'EC_DISP_UI_SIM', '전시UI시뮬레이션', 'MN000054', '#page=ecDispUiSimul', 'PAGE', 1, 'Y', 'SYSTEM', '2026-01-01 00:00:00') ON CONFLICT DO NOTHING;
INSERT INTO shopjoy_2604.sy_menu (menu_id, site_id, menu_code, menu_nm, parent_menu_id, menu_url, menu_type_cd, sort_ord, use_yn, reg_by, reg_date) VALUES ('MN000060', 'SITE000001', 'CUSTOMER', '고객센터', NULL, NULL, 'FOLDER', 6, 'Y', 'SYSTEM', '2026-01-01 00:00:00') ON CONFLICT DO NOTHING;
INSERT INTO shopjoy_2604.sy_menu (menu_id, site_id, menu_code, menu_nm, parent_menu_id, menu_url, menu_type_cd, sort_ord, use_yn, reg_by, reg_date) VALUES ('MN000061', 'SITE000001', 'EC_CUST_INFO', '고객종합정보', 'MN000060', '#page=ecCustInfoMng', 'PAGE', 1, 'Y', 'SYSTEM', '2026-01-01 00:00:00') ON CONFLICT DO NOTHING;
INSERT INTO shopjoy_2604.sy_menu (menu_id, site_id, menu_code, menu_nm, parent_menu_id, menu_url, menu_type_cd, sort_ord, use_yn, reg_by, reg_date) VALUES ('MN000062', 'SITE000001', 'SY_CONTACT', '문의관리', 'MN000060', '#page=syContactMng', 'PAGE', 2, 'Y', 'SYSTEM', '2026-01-01 00:00:00') ON CONFLICT DO NOTHING;
INSERT INTO shopjoy_2604.sy_menu (menu_id, site_id, menu_code, menu_nm, parent_menu_id, menu_url, menu_type_cd, sort_ord, use_yn, reg_by, reg_date) VALUES ('MN000063', 'SITE000001', 'EC_CHATT', '채팅관리', 'MN000060', '#page=ecChattMng', 'PAGE', 3, 'Y', 'SYSTEM', '2026-01-01 00:00:00') ON CONFLICT DO NOTHING;
INSERT INTO shopjoy_2604.sy_menu (menu_id, site_id, menu_code, menu_nm, parent_menu_id, menu_url, menu_type_cd, sort_ord, use_yn, reg_by, reg_date) VALUES ('MN000070', 'SITE000001', 'SYSTEM', '시스템', NULL, NULL, 'FOLDER', 7, 'Y', 'SYSTEM', '2026-01-01 00:00:00') ON CONFLICT DO NOTHING;
INSERT INTO shopjoy_2604.sy_menu (menu_id, site_id, menu_code, menu_nm, parent_menu_id, menu_url, menu_type_cd, sort_ord, use_yn, reg_by, reg_date) VALUES ('MN000071', 'SITE000001', 'SYS_GRP_BASE', '기준정보', 'MN000070', NULL, 'FOLDER', 1, 'Y', 'SYSTEM', '2026-01-01 00:00:00') ON CONFLICT DO NOTHING;
INSERT INTO shopjoy_2604.sy_menu (menu_id, site_id, menu_code, menu_nm, parent_menu_id, menu_url, menu_type_cd, sort_ord, use_yn, reg_by, reg_date) VALUES ('MN000072', 'SITE000001', 'SY_SITE', '사이트관리', 'MN000071', '#page=sySiteMng', 'PAGE', 1, 'Y', 'SYSTEM', '2026-01-01 00:00:00') ON CONFLICT DO NOTHING;
INSERT INTO shopjoy_2604.sy_menu (menu_id, site_id, menu_code, menu_nm, parent_menu_id, menu_url, menu_type_cd, sort_ord, use_yn, reg_by, reg_date) VALUES ('MN000073', 'SITE000001', 'SY_CODE', '공통코드관리', 'MN000071', '#page=syCodeMng', 'PAGE', 2, 'Y', 'SYSTEM', '2026-01-01 00:00:00') ON CONFLICT DO NOTHING;
INSERT INTO shopjoy_2604.sy_menu (menu_id, site_id, menu_code, menu_nm, parent_menu_id, menu_url, menu_type_cd, sort_ord, use_yn, reg_by, reg_date) VALUES ('MN000074', 'SITE000001', 'SY_BRAND', '브랜드관리', 'MN000071', '#page=syBrandMng', 'PAGE', 3, 'Y', 'SYSTEM', '2026-01-01 00:00:00') ON CONFLICT DO NOTHING;
INSERT INTO shopjoy_2604.sy_menu (menu_id, site_id, menu_code, menu_nm, parent_menu_id, menu_url, menu_type_cd, sort_ord, use_yn, reg_by, reg_date) VALUES ('MN000075', 'SITE000001', 'SY_BIZ', '업체', 'MN000071', '#page=syBizMng', 'PAGE', 4, 'Y', 'SYSTEM', '2026-01-01 00:00:00') ON CONFLICT DO NOTHING;
INSERT INTO shopjoy_2604.sy_menu (menu_id, site_id, menu_code, menu_nm, parent_menu_id, menu_url, menu_type_cd, sort_ord, use_yn, reg_by, reg_date) VALUES ('MN000076', 'SITE000001', 'SY_BIZ_USER', '업체사용자', 'MN000071', '#page=syBizUserMng', 'PAGE', 5, 'Y', 'SYSTEM', '2026-01-01 00:00:00') ON CONFLICT DO NOTHING;
INSERT INTO shopjoy_2604.sy_menu (menu_id, site_id, menu_code, menu_nm, parent_menu_id, menu_url, menu_type_cd, sort_ord, use_yn, reg_by, reg_date) VALUES ('MN000077', 'SITE000001', 'SYS_GRP_COMMON', '공통업무', 'MN000070', NULL, 'FOLDER', 2, 'Y', 'SYSTEM', '2026-01-01 00:00:00') ON CONFLICT DO NOTHING;
INSERT INTO shopjoy_2604.sy_menu (menu_id, site_id, menu_code, menu_nm, parent_menu_id, menu_url, menu_type_cd, sort_ord, use_yn, reg_by, reg_date) VALUES ('MN000078', 'SITE000001', 'EC_NOTICE', '공지사항관리', 'MN000077', '#page=ecNoticeMng', 'PAGE', 1, 'Y', 'SYSTEM', '2026-01-01 00:00:00') ON CONFLICT DO NOTHING;
INSERT INTO shopjoy_2604.sy_menu (menu_id, site_id, menu_code, menu_nm, parent_menu_id, menu_url, menu_type_cd, sort_ord, use_yn, reg_by, reg_date) VALUES ('MN000079', 'SITE000001', 'SY_BBM', '게시판관리', 'MN000077', '#page=syBbmMng', 'PAGE', 2, 'Y', 'SYSTEM', '2026-01-01 00:00:00') ON CONFLICT DO NOTHING;
INSERT INTO shopjoy_2604.sy_menu (menu_id, site_id, menu_code, menu_nm, parent_menu_id, menu_url, menu_type_cd, sort_ord, use_yn, reg_by, reg_date) VALUES ('MN000080', 'SITE000001', 'SY_BBS', '게시글관리', 'MN000077', '#page=syBbsMng', 'PAGE', 3, 'Y', 'SYSTEM', '2026-01-01 00:00:00') ON CONFLICT DO NOTHING;
INSERT INTO shopjoy_2604.sy_menu (menu_id, site_id, menu_code, menu_nm, parent_menu_id, menu_url, menu_type_cd, sort_ord, use_yn, reg_by, reg_date) VALUES ('MN000081', 'SITE000001', 'SYS_GRP_SYS', '시스템', 'MN000070', NULL, 'FOLDER', 3, 'Y', 'SYSTEM', '2026-01-01 00:00:00') ON CONFLICT DO NOTHING;
INSERT INTO shopjoy_2604.sy_menu (menu_id, site_id, menu_code, menu_nm, parent_menu_id, menu_url, menu_type_cd, sort_ord, use_yn, reg_by, reg_date) VALUES ('MN000082', 'SITE000001', 'SY_ATTACH', '첨부관리', 'MN000081', '#page=syAttachMng', 'PAGE', 1, 'Y', 'SYSTEM', '2026-01-01 00:00:00') ON CONFLICT DO NOTHING;
INSERT INTO shopjoy_2604.sy_menu (menu_id, site_id, menu_code, menu_nm, parent_menu_id, menu_url, menu_type_cd, sort_ord, use_yn, reg_by, reg_date) VALUES ('MN000083', 'SITE000001', 'SY_TEMPLATE', '템플릿관리', 'MN000081', '#page=syTemplateMng', 'PAGE', 2, 'Y', 'SYSTEM', '2026-01-01 00:00:00') ON CONFLICT DO NOTHING;
INSERT INTO shopjoy_2604.sy_menu (menu_id, site_id, menu_code, menu_nm, parent_menu_id, menu_url, menu_type_cd, sort_ord, use_yn, reg_by, reg_date) VALUES ('MN000084', 'SITE000001', 'SY_BATCH', '배치스케줄관리', 'MN000081', '#page=syBatchMng', 'PAGE', 3, 'Y', 'SYSTEM', '2026-01-01 00:00:00') ON CONFLICT DO NOTHING;
INSERT INTO shopjoy_2604.sy_menu (menu_id, site_id, menu_code, menu_nm, parent_menu_id, menu_url, menu_type_cd, sort_ord, use_yn, reg_by, reg_date) VALUES ('MN000085', 'SITE000001', 'SY_ALARM', '알림관리', 'MN000081', '#page=syAlarmMng', 'PAGE', 4, 'Y', 'SYSTEM', '2026-01-01 00:00:00') ON CONFLICT DO NOTHING;
INSERT INTO shopjoy_2604.sy_menu (menu_id, site_id, menu_code, menu_nm, parent_menu_id, menu_url, menu_type_cd, sort_ord, use_yn, reg_by, reg_date) VALUES ('MN000086', 'SITE000001', 'SY_PROP', '프로퍼티관리', 'MN000081', '#page=syPropMng', 'PAGE', 5, 'Y', 'SYSTEM', '2026-01-01 00:00:00') ON CONFLICT DO NOTHING;
INSERT INTO shopjoy_2604.sy_menu (menu_id, site_id, menu_code, menu_nm, parent_menu_id, menu_url, menu_type_cd, sort_ord, use_yn, reg_by, reg_date) VALUES ('MN000087', 'SITE000001', 'SY_PATH', '표시경로', 'MN000081', '#page=syPathMng', 'PAGE', 6, 'Y', 'SYSTEM', '2026-01-01 00:00:00') ON CONFLICT DO NOTHING;
INSERT INTO shopjoy_2604.sy_menu (menu_id, site_id, menu_code, menu_nm, parent_menu_id, menu_url, menu_type_cd, sort_ord, use_yn, reg_by, reg_date) VALUES ('MN000088', 'SITE000001', 'SYS_GRP_ORG', '조직', 'MN000070', NULL, 'FOLDER', 4, 'Y', 'SYSTEM', '2026-01-01 00:00:00') ON CONFLICT DO NOTHING;
INSERT INTO shopjoy_2604.sy_menu (menu_id, site_id, menu_code, menu_nm, parent_menu_id, menu_url, menu_type_cd, sort_ord, use_yn, reg_by, reg_date) VALUES ('MN000089', 'SITE000001', 'SY_USER', '사용자관리', 'MN000088', '#page=syUserMng', 'PAGE', 1, 'Y', 'SYSTEM', '2026-01-01 00:00:00') ON CONFLICT DO NOTHING;
INSERT INTO shopjoy_2604.sy_menu (menu_id, site_id, menu_code, menu_nm, parent_menu_id, menu_url, menu_type_cd, sort_ord, use_yn, reg_by, reg_date) VALUES ('MN000090', 'SITE000001', 'SY_DEPT', '부서관리', 'MN000088', '#page=syDeptMng', 'PAGE', 2, 'Y', 'SYSTEM', '2026-01-01 00:00:00') ON CONFLICT DO NOTHING;
INSERT INTO shopjoy_2604.sy_menu (menu_id, site_id, menu_code, menu_nm, parent_menu_id, menu_url, menu_type_cd, sort_ord, use_yn, reg_by, reg_date) VALUES ('MN000091', 'SITE000001', 'SYS_GRP_MENU', '메뉴', 'MN000070', NULL, 'FOLDER', 5, 'Y', 'SYSTEM', '2026-01-01 00:00:00') ON CONFLICT DO NOTHING;
INSERT INTO shopjoy_2604.sy_menu (menu_id, site_id, menu_code, menu_nm, parent_menu_id, menu_url, menu_type_cd, sort_ord, use_yn, reg_by, reg_date) VALUES ('MN000092', 'SITE000001', 'SY_MENU', '메뉴관리', 'MN000091', '#page=syMenuMng', 'PAGE', 1, 'Y', 'SYSTEM', '2026-01-01 00:00:00') ON CONFLICT DO NOTHING;
INSERT INTO shopjoy_2604.sy_menu (menu_id, site_id, menu_code, menu_nm, parent_menu_id, menu_url, menu_type_cd, sort_ord, use_yn, reg_by, reg_date) VALUES ('MN000093', 'SITE000001', 'SY_ROLE', '역할관리', 'MN000091', '#page=syRoleMng', 'PAGE', 2, 'Y', 'SYSTEM', '2026-01-01 00:00:00') ON CONFLICT DO NOTHING;
INSERT INTO shopjoy_2604.sy_menu (menu_id, site_id, menu_code, menu_nm, parent_menu_id, menu_url, menu_type_cd, sort_ord, use_yn, reg_by, reg_date) VALUES ('MN000094', 'SITE000001', 'SYS_GRP_HIST', '이력조회', 'MN000070', NULL, 'FOLDER', 6, 'Y', 'SYSTEM', '2026-01-01 00:00:00') ON CONFLICT DO NOTHING;
INSERT INTO shopjoy_2604.sy_menu (menu_id, site_id, menu_code, menu_nm, parent_menu_id, menu_url, menu_type_cd, sort_ord, use_yn, reg_by, reg_date) VALUES ('MN000095', 'SITE000001', 'SY_MEM_LOGIN', '회원로그인이력', 'MN000094', '#page=syMemberLoginHist', 'PAGE', 1, 'Y', 'SYSTEM', '2026-01-01 00:00:00') ON CONFLICT DO NOTHING;
INSERT INTO shopjoy_2604.sy_menu (menu_id, site_id, menu_code, menu_nm, parent_menu_id, menu_url, menu_type_cd, sort_ord, use_yn, reg_by, reg_date) VALUES ('MN000096', 'SITE000001', 'SY_USR_LOGIN', '사용자로그인이력', 'MN000094', '#page=syUserLoginHist', 'PAGE', 2, 'Y', 'SYSTEM', '2026-01-01 00:00:00') ON CONFLICT DO NOTHING;

-- ================================================================
-- 2. sy_user_role — 사용자-역할 매핑
-- ================================================================
INSERT INTO shopjoy_2604.sy_user_role (user_role_id, user_id, role_id, grant_user_id, valid_from, reg_by, reg_date) VALUES ('UR000001', 'US000001', 'RL000001', 'US000001', '2025-01-01', 'SYSTEM', '2026-01-01 00:00:00') ON CONFLICT DO NOTHING;
INSERT INTO shopjoy_2604.sy_user_role (user_role_id, user_id, role_id, grant_user_id, valid_from, reg_by, reg_date) VALUES ('UR000002', 'US000001', 'RL000017', 'US000001', '2025-01-01', 'SYSTEM', '2026-01-01 00:00:00') ON CONFLICT DO NOTHING;
INSERT INTO shopjoy_2604.sy_user_role (user_role_id, user_id, role_id, grant_user_id, valid_from, reg_by, reg_date) VALUES ('UR000003', 'US000002', 'RL000002', 'US000001', '2025-01-01', 'SYSTEM', '2026-01-01 00:00:00') ON CONFLICT DO NOTHING;
INSERT INTO shopjoy_2604.sy_user_role (user_role_id, user_id, role_id, grant_user_id, valid_from, reg_by, reg_date) VALUES ('UR000004', 'US000002', 'RL000012', 'US000001', '2025-01-01', 'SYSTEM', '2026-01-01 00:00:00') ON CONFLICT DO NOTHING;
INSERT INTO shopjoy_2604.sy_user_role (user_role_id, user_id, role_id, grant_user_id, valid_from, reg_by, reg_date) VALUES ('UR000005', 'US000002', 'RL000023', 'US000001', '2025-01-01', 'SYSTEM', '2026-01-01 00:00:00') ON CONFLICT DO NOTHING;
INSERT INTO shopjoy_2604.sy_user_role (user_role_id, user_id, role_id, grant_user_id, valid_from, reg_by, reg_date) VALUES ('UR000006', 'US000003', 'RL000003', 'US000001', '2025-01-01', 'SYSTEM', '2026-01-01 00:00:00') ON CONFLICT DO NOTHING;
INSERT INTO shopjoy_2604.sy_user_role (user_role_id, user_id, role_id, grant_user_id, valid_from, reg_by, reg_date) VALUES ('UR000007', 'US000003', 'RL000004', 'US000001', '2025-01-01', 'SYSTEM', '2026-01-01 00:00:00') ON CONFLICT DO NOTHING;
INSERT INTO shopjoy_2604.sy_user_role (user_role_id, user_id, role_id, grant_user_id, valid_from, reg_by, reg_date) VALUES ('UR000008', 'US000003', 'RL000018', 'US000001', '2025-01-01', 'SYSTEM', '2026-01-01 00:00:00') ON CONFLICT DO NOTHING;
INSERT INTO shopjoy_2604.sy_user_role (user_role_id, user_id, role_id, grant_user_id, valid_from, reg_by, reg_date) VALUES ('UR000009', 'US000004', 'RL000005', 'US000001', '2025-01-01', 'SYSTEM', '2026-01-01 00:00:00') ON CONFLICT DO NOTHING;
INSERT INTO shopjoy_2604.sy_user_role (user_role_id, user_id, role_id, grant_user_id, valid_from, reg_by, reg_date) VALUES ('UR000010', 'US000004', 'RL000022', 'US000001', '2025-01-01', 'SYSTEM', '2026-01-01 00:00:00') ON CONFLICT DO NOTHING;
INSERT INTO shopjoy_2604.sy_user_role (user_role_id, user_id, role_id, grant_user_id, valid_from, reg_by, reg_date) VALUES ('UR000011', 'US000005', 'RL000006', 'US000001', '2025-01-01', 'SYSTEM', '2026-01-01 00:00:00') ON CONFLICT DO NOTHING;
INSERT INTO shopjoy_2604.sy_user_role (user_role_id, user_id, role_id, grant_user_id, valid_from, reg_by, reg_date) VALUES ('UR000012', 'US000005', 'RL000011', 'US000001', '2025-01-01', 'SYSTEM', '2026-01-01 00:00:00') ON CONFLICT DO NOTHING;
INSERT INTO shopjoy_2604.sy_user_role (user_role_id, user_id, role_id, grant_user_id, valid_from, reg_by, reg_date) VALUES ('UR000013', 'US000005', 'RL000017', 'US000001', '2025-01-01', 'SYSTEM', '2026-01-01 00:00:00') ON CONFLICT DO NOTHING;
INSERT INTO shopjoy_2604.sy_user_role (user_role_id, user_id, role_id, grant_user_id, valid_from, reg_by, reg_date) VALUES ('UR000014', 'US000006', 'RL000007', 'US000001', '2025-01-01', 'SYSTEM', '2026-01-01 00:00:00') ON CONFLICT DO NOTHING;
INSERT INTO shopjoy_2604.sy_user_role (user_role_id, user_id, role_id, grant_user_id, valid_from, reg_by, reg_date) VALUES ('UR000015', 'US000006', 'RL000013', 'US000001', '2025-01-01', 'SYSTEM', '2026-01-01 00:00:00') ON CONFLICT DO NOTHING;
INSERT INTO shopjoy_2604.sy_user_role (user_role_id, user_id, role_id, grant_user_id, valid_from, reg_by, reg_date) VALUES ('UR000016', 'US000007', 'RL000008', 'US000001', '2025-01-01', 'SYSTEM', '2026-01-01 00:00:00') ON CONFLICT DO NOTHING;
INSERT INTO shopjoy_2604.sy_user_role (user_role_id, user_id, role_id, grant_user_id, valid_from, reg_by, reg_date) VALUES ('UR000017', 'US000007', 'RL000021', 'US000001', '2025-01-01', 'SYSTEM', '2026-01-01 00:00:00') ON CONFLICT DO NOTHING;
INSERT INTO shopjoy_2604.sy_user_role (user_role_id, user_id, role_id, grant_user_id, valid_from, reg_by, reg_date) VALUES ('UR000018', 'US000007', 'RL000027', 'US000001', '2025-01-01', 'SYSTEM', '2026-01-01 00:00:00') ON CONFLICT DO NOTHING;
INSERT INTO shopjoy_2604.sy_user_role (user_role_id, user_id, role_id, grant_user_id, valid_from, reg_by, reg_date) VALUES ('UR000019', 'US000011', 'RL000002', 'US000001', '2025-01-01', 'SYSTEM', '2026-01-01 00:00:00') ON CONFLICT DO NOTHING;
INSERT INTO shopjoy_2604.sy_user_role (user_role_id, user_id, role_id, grant_user_id, valid_from, reg_by, reg_date) VALUES ('UR000020', 'US000011', 'RL000017', 'US000001', '2025-01-01', 'SYSTEM', '2026-01-01 00:00:00') ON CONFLICT DO NOTHING;
INSERT INTO shopjoy_2604.sy_user_role (user_role_id, user_id, role_id, grant_user_id, valid_from, reg_by, reg_date) VALUES ('UR000021', 'US000011', 'RL000018', 'US000001', '2025-01-01', 'SYSTEM', '2026-01-01 00:00:00') ON CONFLICT DO NOTHING;
INSERT INTO shopjoy_2604.sy_user_role (user_role_id, user_id, role_id, grant_user_id, valid_from, reg_by, reg_date) VALUES ('UR000022', 'US000011', 'RL000003', 'US000001', '2025-01-01', 'SYSTEM', '2026-01-01 00:00:00') ON CONFLICT DO NOTHING;
INSERT INTO shopjoy_2604.sy_user_role (user_role_id, user_id, role_id, grant_user_id, valid_from, reg_by, reg_date) VALUES ('UR000023', 'US000011', 'RL000004', 'US000001', '2025-01-01', 'SYSTEM', '2026-01-01 00:00:00') ON CONFLICT DO NOTHING;
INSERT INTO shopjoy_2604.sy_user_role (user_role_id, user_id, role_id, grant_user_id, valid_from, reg_by, reg_date) VALUES ('UR000024', 'US000011', 'RL000005', 'US000001', '2025-01-01', 'SYSTEM', '2026-01-01 00:00:00') ON CONFLICT DO NOTHING;
INSERT INTO shopjoy_2604.sy_user_role (user_role_id, user_id, role_id, grant_user_id, valid_from, reg_by, reg_date) VALUES ('UR000025', 'US000011', 'RL000006', 'US000001', '2025-01-01', 'SYSTEM', '2026-01-01 00:00:00') ON CONFLICT DO NOTHING;
INSERT INTO shopjoy_2604.sy_user_role (user_role_id, user_id, role_id, grant_user_id, valid_from, reg_by, reg_date) VALUES ('UR000026', 'US000011', 'RL000007', 'US000001', '2025-01-01', 'SYSTEM', '2026-01-01 00:00:00') ON CONFLICT DO NOTHING;
INSERT INTO shopjoy_2604.sy_user_role (user_role_id, user_id, role_id, grant_user_id, valid_from, reg_by, reg_date) VALUES ('UR000027', 'US000011', 'RL000012', 'US000001', '2025-01-01', 'SYSTEM', '2026-01-01 00:00:00') ON CONFLICT DO NOTHING;
INSERT INTO shopjoy_2604.sy_user_role (user_role_id, user_id, role_id, grant_user_id, valid_from, reg_by, reg_date) VALUES ('UR000028', 'US000011', 'RL000023', 'US000001', '2025-01-01', 'SYSTEM', '2026-01-01 00:00:00') ON CONFLICT DO NOTHING;
INSERT INTO shopjoy_2604.sy_user_role (user_role_id, user_id, role_id, grant_user_id, valid_from, reg_by, reg_date) VALUES ('UR000029', 'US000012', 'RL000031', 'US000001', '2025-01-01', 'SYSTEM', '2026-01-01 00:00:00') ON CONFLICT DO NOTHING;
INSERT INTO shopjoy_2604.sy_user_role (user_role_id, user_id, role_id, grant_user_id, valid_from, reg_by, reg_date) VALUES ('UR000030', 'US000013', 'RL000030', 'US000001', '2025-01-01', 'SYSTEM', '2026-01-01 00:00:00') ON CONFLICT DO NOTHING;
INSERT INTO shopjoy_2604.sy_user_role (user_role_id, user_id, role_id, grant_user_id, valid_from, reg_by, reg_date) VALUES ('UR000031', 'US000014', 'RL000016', 'US000001', '2025-01-01', 'SYSTEM', '2026-01-01 00:00:00') ON CONFLICT DO NOTHING;
INSERT INTO shopjoy_2604.sy_user_role (user_role_id, user_id, role_id, grant_user_id, valid_from, reg_by, reg_date) VALUES ('UR000032', 'US000014', 'RL000017', 'US000001', '2025-01-01', 'SYSTEM', '2026-01-01 00:00:00') ON CONFLICT DO NOTHING;
INSERT INTO shopjoy_2604.sy_user_role (user_role_id, user_id, role_id, grant_user_id, valid_from, reg_by, reg_date) VALUES ('UR000033', 'US000014', 'RL000003', 'US000001', '2025-01-01', 'SYSTEM', '2026-01-01 00:00:00') ON CONFLICT DO NOTHING;
INSERT INTO shopjoy_2604.sy_user_role (user_role_id, user_id, role_id, grant_user_id, valid_from, reg_by, reg_date) VALUES ('UR000034', 'US000015', 'RL000017', 'US000001', '2025-01-01', 'SYSTEM', '2026-01-01 00:00:00') ON CONFLICT DO NOTHING;
INSERT INTO shopjoy_2604.sy_user_role (user_role_id, user_id, role_id, grant_user_id, valid_from, reg_by, reg_date) VALUES ('UR000035', 'US000015', 'RL000004', 'US000001', '2025-01-01', 'SYSTEM', '2026-01-01 00:00:00') ON CONFLICT DO NOTHING;
INSERT INTO shopjoy_2604.sy_user_role (user_role_id, user_id, role_id, grant_user_id, valid_from, reg_by, reg_date) VALUES ('UR000036', 'US000015', 'RL000005', 'US000001', '2025-01-01', 'SYSTEM', '2026-01-01 00:00:00') ON CONFLICT DO NOTHING;
INSERT INTO shopjoy_2604.sy_user_role (user_role_id, user_id, role_id, grant_user_id, valid_from, reg_by, reg_date) VALUES ('UR000037', 'US000016', 'RL000018', 'US000001', '2025-01-01', 'SYSTEM', '2026-01-01 00:00:00') ON CONFLICT DO NOTHING;
INSERT INTO shopjoy_2604.sy_user_role (user_role_id, user_id, role_id, grant_user_id, valid_from, reg_by, reg_date) VALUES ('UR000038', 'US000016', 'RL000003', 'US000001', '2025-01-01', 'SYSTEM', '2026-01-01 00:00:00') ON CONFLICT DO NOTHING;
INSERT INTO shopjoy_2604.sy_user_role (user_role_id, user_id, role_id, grant_user_id, valid_from, reg_by, reg_date) VALUES ('UR000039', 'US000016', 'RL000004', 'US000001', '2025-01-01', 'SYSTEM', '2026-01-01 00:00:00') ON CONFLICT DO NOTHING;
INSERT INTO shopjoy_2604.sy_user_role (user_role_id, user_id, role_id, grant_user_id, valid_from, reg_by, reg_date) VALUES ('UR000040', 'US000017', 'RL000003', 'US000001', '2025-01-01', 'SYSTEM', '2026-01-01 00:00:00') ON CONFLICT DO NOTHING;
INSERT INTO shopjoy_2604.sy_user_role (user_role_id, user_id, role_id, grant_user_id, valid_from, reg_by, reg_date) VALUES ('UR000041', 'US000017', 'RL000017', 'US000001', '2025-01-01', 'SYSTEM', '2026-01-01 00:00:00') ON CONFLICT DO NOTHING;
INSERT INTO shopjoy_2604.sy_user_role (user_role_id, user_id, role_id, grant_user_id, valid_from, reg_by, reg_date) VALUES ('UR000042', 'US000017', 'RL000018', 'US000001', '2025-01-01', 'SYSTEM', '2026-01-01 00:00:00') ON CONFLICT DO NOTHING;
INSERT INTO shopjoy_2604.sy_user_role (user_role_id, user_id, role_id, grant_user_id, valid_from, reg_by, reg_date) VALUES ('UR000043', 'US000018', 'RL000004', 'US000001', '2025-01-01', 'SYSTEM', '2026-01-01 00:00:00') ON CONFLICT DO NOTHING;
INSERT INTO shopjoy_2604.sy_user_role (user_role_id, user_id, role_id, grant_user_id, valid_from, reg_by, reg_date) VALUES ('UR000044', 'US000018', 'RL000017', 'US000001', '2025-01-01', 'SYSTEM', '2026-01-01 00:00:00') ON CONFLICT DO NOTHING;
INSERT INTO shopjoy_2604.sy_user_role (user_role_id, user_id, role_id, grant_user_id, valid_from, reg_by, reg_date) VALUES ('UR000045', 'US000018', 'RL000005', 'US000001', '2025-01-01', 'SYSTEM', '2026-01-01 00:00:00') ON CONFLICT DO NOTHING;
INSERT INTO shopjoy_2604.sy_user_role (user_role_id, user_id, role_id, grant_user_id, valid_from, reg_by, reg_date) VALUES ('UR000046', 'US000019', 'RL000005', 'US000001', '2025-01-01', 'SYSTEM', '2026-01-01 00:00:00') ON CONFLICT DO NOTHING;
INSERT INTO shopjoy_2604.sy_user_role (user_role_id, user_id, role_id, grant_user_id, valid_from, reg_by, reg_date) VALUES ('UR000047', 'US000019', 'RL000018', 'US000001', '2025-01-01', 'SYSTEM', '2026-01-01 00:00:00') ON CONFLICT DO NOTHING;
INSERT INTO shopjoy_2604.sy_user_role (user_role_id, user_id, role_id, grant_user_id, valid_from, reg_by, reg_date) VALUES ('UR000048', 'US000019', 'RL000004', 'US000001', '2025-01-01', 'SYSTEM', '2026-01-01 00:00:00') ON CONFLICT DO NOTHING;
INSERT INTO shopjoy_2604.sy_user_role (user_role_id, user_id, role_id, grant_user_id, valid_from, reg_by, reg_date) VALUES ('UR000049', 'US000020', 'RL000006', 'US000001', '2025-01-01', 'SYSTEM', '2026-01-01 00:00:00') ON CONFLICT DO NOTHING;
INSERT INTO shopjoy_2604.sy_user_role (user_role_id, user_id, role_id, grant_user_id, valid_from, reg_by, reg_date) VALUES ('UR000050', 'US000020', 'RL000017', 'US000001', '2025-01-01', 'SYSTEM', '2026-01-01 00:00:00') ON CONFLICT DO NOTHING;
INSERT INTO shopjoy_2604.sy_user_role (user_role_id, user_id, role_id, grant_user_id, valid_from, reg_by, reg_date) VALUES ('UR000051', 'US000020', 'RL000018', 'US000001', '2025-01-01', 'SYSTEM', '2026-01-01 00:00:00') ON CONFLICT DO NOTHING;
INSERT INTO shopjoy_2604.sy_user_role (user_role_id, user_id, role_id, grant_user_id, valid_from, reg_by, reg_date) VALUES ('UR000052', 'US000021', 'RL000027', 'US000001', '2025-01-01', 'SYSTEM', '2026-01-01 00:00:00') ON CONFLICT DO NOTHING;
INSERT INTO shopjoy_2604.sy_user_role (user_role_id, user_id, role_id, grant_user_id, valid_from, reg_by, reg_date) VALUES ('UR000053', 'US000021', 'RL000018', 'US000001', '2025-01-01', 'SYSTEM', '2026-01-01 00:00:00') ON CONFLICT DO NOTHING;
INSERT INTO shopjoy_2604.sy_user_role (user_role_id, user_id, role_id, grant_user_id, valid_from, reg_by, reg_date) VALUES ('UR000054', 'US000021', 'RL000005', 'US000001', '2025-01-01', 'SYSTEM', '2026-01-01 00:00:00') ON CONFLICT DO NOTHING;
INSERT INTO shopjoy_2604.sy_user_role (user_role_id, user_id, role_id, grant_user_id, valid_from, reg_by, reg_date) VALUES ('UR000055', 'US000022', 'RL000007', 'US000001', '2025-01-01', 'SYSTEM', '2026-01-01 00:00:00') ON CONFLICT DO NOTHING;
INSERT INTO shopjoy_2604.sy_user_role (user_role_id, user_id, role_id, grant_user_id, valid_from, reg_by, reg_date) VALUES ('UR000056', 'US000022', 'RL000018', 'US000001', '2025-01-01', 'SYSTEM', '2026-01-01 00:00:00') ON CONFLICT DO NOTHING;
INSERT INTO shopjoy_2604.sy_user_role (user_role_id, user_id, role_id, grant_user_id, valid_from, reg_by, reg_date) VALUES ('UR000057', 'US000022', 'RL000027', 'US000001', '2025-01-01', 'SYSTEM', '2026-01-01 00:00:00') ON CONFLICT DO NOTHING;
INSERT INTO shopjoy_2604.sy_user_role (user_role_id, user_id, role_id, grant_user_id, valid_from, reg_by, reg_date) VALUES ('UR000058', 'US000023', 'RL000008', 'US000001', '2025-01-01', 'SYSTEM', '2026-01-01 00:00:00') ON CONFLICT DO NOTHING;
INSERT INTO shopjoy_2604.sy_user_role (user_role_id, user_id, role_id, grant_user_id, valid_from, reg_by, reg_date) VALUES ('UR000059', 'US000023', 'RL000007', 'US000001', '2025-01-01', 'SYSTEM', '2026-01-01 00:00:00') ON CONFLICT DO NOTHING;
INSERT INTO shopjoy_2604.sy_user_role (user_role_id, user_id, role_id, grant_user_id, valid_from, reg_by, reg_date) VALUES ('UR000060', 'US000023', 'RL000027', 'US000001', '2025-01-01', 'SYSTEM', '2026-01-01 00:00:00') ON CONFLICT DO NOTHING;
INSERT INTO shopjoy_2604.sy_user_role (user_role_id, user_id, role_id, grant_user_id, valid_from, reg_by, reg_date) VALUES ('UR000061', 'US000024', 'RL000010', 'US000001', '2025-01-01', 'SYSTEM', '2026-01-01 00:00:00') ON CONFLICT DO NOTHING;
INSERT INTO shopjoy_2604.sy_user_role (user_role_id, user_id, role_id, grant_user_id, valid_from, reg_by, reg_date) VALUES ('UR000062', 'US000024', 'RL000011', 'US000001', '2025-01-01', 'SYSTEM', '2026-01-01 00:00:00') ON CONFLICT DO NOTHING;
INSERT INTO shopjoy_2604.sy_user_role (user_role_id, user_id, role_id, grant_user_id, valid_from, reg_by, reg_date) VALUES ('UR000063', 'US000025', 'RL000011', 'US000001', '2025-01-01', 'SYSTEM', '2026-01-01 00:00:00') ON CONFLICT DO NOTHING;
INSERT INTO shopjoy_2604.sy_user_role (user_role_id, user_id, role_id, grant_user_id, valid_from, reg_by, reg_date) VALUES ('UR000064', 'US000025', 'RL000012', 'US000001', '2025-01-01', 'SYSTEM', '2026-01-01 00:00:00') ON CONFLICT DO NOTHING;
INSERT INTO shopjoy_2604.sy_user_role (user_role_id, user_id, role_id, grant_user_id, valid_from, reg_by, reg_date) VALUES ('UR000065', 'US000026', 'RL000012', 'US000001', '2025-01-01', 'SYSTEM', '2026-01-01 00:00:00') ON CONFLICT DO NOTHING;
INSERT INTO shopjoy_2604.sy_user_role (user_role_id, user_id, role_id, grant_user_id, valid_from, reg_by, reg_date) VALUES ('UR000066', 'US000026', 'RL000013', 'US000001', '2025-01-01', 'SYSTEM', '2026-01-01 00:00:00') ON CONFLICT DO NOTHING;
INSERT INTO shopjoy_2604.sy_user_role (user_role_id, user_id, role_id, grant_user_id, valid_from, reg_by, reg_date) VALUES ('UR000067', 'US000027', 'RL000013', 'US000001', '2025-01-01', 'SYSTEM', '2026-01-01 00:00:00') ON CONFLICT DO NOTHING;
INSERT INTO shopjoy_2604.sy_user_role (user_role_id, user_id, role_id, grant_user_id, valid_from, reg_by, reg_date) VALUES ('UR000068', 'US000027', 'RL000028', 'US000001', '2025-01-01', 'SYSTEM', '2026-01-01 00:00:00') ON CONFLICT DO NOTHING;
INSERT INTO shopjoy_2604.sy_user_role (user_role_id, user_id, role_id, grant_user_id, valid_from, reg_by, reg_date) VALUES ('UR000069', 'US000028', 'RL000028', 'US000001', '2025-01-01', 'SYSTEM', '2026-01-01 00:00:00') ON CONFLICT DO NOTHING;
INSERT INTO shopjoy_2604.sy_user_role (user_role_id, user_id, role_id, grant_user_id, valid_from, reg_by, reg_date) VALUES ('UR000070', 'US000028', 'RL000014', 'US000001', '2025-01-01', 'SYSTEM', '2026-01-01 00:00:00') ON CONFLICT DO NOTHING;
INSERT INTO shopjoy_2604.sy_user_role (user_role_id, user_id, role_id, grant_user_id, valid_from, reg_by, reg_date) VALUES ('UR000071', 'US000029', 'RL000014', 'US000001', '2025-01-01', 'SYSTEM', '2026-01-01 00:00:00') ON CONFLICT DO NOTHING;
INSERT INTO shopjoy_2604.sy_user_role (user_role_id, user_id, role_id, grant_user_id, valid_from, reg_by, reg_date) VALUES ('UR000072', 'US000030', 'RL000019', 'US000001', '2025-01-01', 'SYSTEM', '2026-01-01 00:00:00') ON CONFLICT DO NOTHING;
INSERT INTO shopjoy_2604.sy_user_role (user_role_id, user_id, role_id, grant_user_id, valid_from, reg_by, reg_date) VALUES ('UR000073', 'US000031', 'RL000021', 'US000001', '2025-01-01', 'SYSTEM', '2026-01-01 00:00:00') ON CONFLICT DO NOTHING;
INSERT INTO shopjoy_2604.sy_user_role (user_role_id, user_id, role_id, grant_user_id, valid_from, reg_by, reg_date) VALUES ('UR000074', 'US000031', 'RL000022', 'US000001', '2025-01-01', 'SYSTEM', '2026-01-01 00:00:00') ON CONFLICT DO NOTHING;
INSERT INTO shopjoy_2604.sy_user_role (user_role_id, user_id, role_id, grant_user_id, valid_from, reg_by, reg_date) VALUES ('UR000075', 'US000032', 'RL000022', 'US000001', '2025-01-01', 'SYSTEM', '2026-01-01 00:00:00') ON CONFLICT DO NOTHING;
INSERT INTO shopjoy_2604.sy_user_role (user_role_id, user_id, role_id, grant_user_id, valid_from, reg_by, reg_date) VALUES ('UR000076', 'US000032', 'RL000023', 'US000001', '2025-01-01', 'SYSTEM', '2026-01-01 00:00:00') ON CONFLICT DO NOTHING;
INSERT INTO shopjoy_2604.sy_user_role (user_role_id, user_id, role_id, grant_user_id, valid_from, reg_by, reg_date) VALUES ('UR000077', 'US000033', 'RL000023', 'US000001', '2025-01-01', 'SYSTEM', '2026-01-01 00:00:00') ON CONFLICT DO NOTHING;
INSERT INTO shopjoy_2604.sy_user_role (user_role_id, user_id, role_id, grant_user_id, valid_from, reg_by, reg_date) VALUES ('UR000078', 'US000033', 'RL000024', 'US000001', '2025-01-01', 'SYSTEM', '2026-01-01 00:00:00') ON CONFLICT DO NOTHING;
INSERT INTO shopjoy_2604.sy_user_role (user_role_id, user_id, role_id, grant_user_id, valid_from, reg_by, reg_date) VALUES ('UR000079', 'US000034', 'RL000024', 'US000001', '2025-01-01', 'SYSTEM', '2026-01-01 00:00:00') ON CONFLICT DO NOTHING;
INSERT INTO shopjoy_2604.sy_user_role (user_role_id, user_id, role_id, grant_user_id, valid_from, reg_by, reg_date) VALUES ('UR000080', 'US000034', 'RL000029', 'US000001', '2025-01-01', 'SYSTEM', '2026-01-01 00:00:00') ON CONFLICT DO NOTHING;
INSERT INTO shopjoy_2604.sy_user_role (user_role_id, user_id, role_id, grant_user_id, valid_from, reg_by, reg_date) VALUES ('UR000081', 'US000035', 'RL000029', 'US000001', '2025-01-01', 'SYSTEM', '2026-01-01 00:00:00') ON CONFLICT DO NOTHING;
INSERT INTO shopjoy_2604.sy_user_role (user_role_id, user_id, role_id, grant_user_id, valid_from, reg_by, reg_date) VALUES ('UR000082', 'US000035', 'RL000025', 'US000001', '2025-01-01', 'SYSTEM', '2026-01-01 00:00:00') ON CONFLICT DO NOTHING;
INSERT INTO shopjoy_2604.sy_user_role (user_role_id, user_id, role_id, grant_user_id, valid_from, reg_by, reg_date) VALUES ('UR000083', 'US000036', 'RL000025', 'US000001', '2025-01-01', 'SYSTEM', '2026-01-01 00:00:00') ON CONFLICT DO NOTHING;
INSERT INTO shopjoy_2604.sy_user_role (user_role_id, user_id, role_id, grant_user_id, valid_from, reg_by, reg_date) VALUES ('UR000084', 'US000037', 'RL000026', 'US000001', '2025-01-01', 'SYSTEM', '2026-01-01 00:00:00') ON CONFLICT DO NOTHING;
INSERT INTO shopjoy_2604.sy_user_role (user_role_id, user_id, role_id, grant_user_id, valid_from, reg_by, reg_date) VALUES ('UR000085', 'US000038', 'RL000033', 'US000001', '2025-01-01', 'SYSTEM', '2026-01-01 00:00:00') ON CONFLICT DO NOTHING;
INSERT INTO shopjoy_2604.sy_user_role (user_role_id, user_id, role_id, grant_user_id, valid_from, reg_by, reg_date) VALUES ('UR000086', 'US000038', 'RL000034', 'US000001', '2025-01-01', 'SYSTEM', '2026-01-01 00:00:00') ON CONFLICT DO NOTHING;
INSERT INTO shopjoy_2604.sy_user_role (user_role_id, user_id, role_id, grant_user_id, valid_from, reg_by, reg_date) VALUES ('UR000087', 'US000039', 'RL000033', 'US000001', '2025-01-01', 'SYSTEM', '2026-01-01 00:00:00') ON CONFLICT DO NOTHING;
INSERT INTO shopjoy_2604.sy_user_role (user_role_id, user_id, role_id, grant_user_id, valid_from, reg_by, reg_date) VALUES ('UR000088', 'US000039', 'RL000035', 'US000001', '2025-01-01', 'SYSTEM', '2026-01-01 00:00:00') ON CONFLICT DO NOTHING;
INSERT INTO shopjoy_2604.sy_user_role (user_role_id, user_id, role_id, grant_user_id, valid_from, reg_by, reg_date) VALUES ('UR000089', 'US000040', 'RL000034', 'US000001', '2025-01-01', 'SYSTEM', '2026-01-01 00:00:00') ON CONFLICT DO NOTHING;
INSERT INTO shopjoy_2604.sy_user_role (user_role_id, user_id, role_id, grant_user_id, valid_from, reg_by, reg_date) VALUES ('UR000090', 'US000040', 'RL000035', 'US000001', '2025-01-01', 'SYSTEM', '2026-01-01 00:00:00') ON CONFLICT DO NOTHING;
INSERT INTO shopjoy_2604.sy_user_role (user_role_id, user_id, role_id, grant_user_id, valid_from, reg_by, reg_date) VALUES ('UR000091', 'US000041', 'RL000035', 'US000001', '2025-01-01', 'SYSTEM', '2026-01-01 00:00:00') ON CONFLICT DO NOTHING;
INSERT INTO shopjoy_2604.sy_user_role (user_role_id, user_id, role_id, grant_user_id, valid_from, reg_by, reg_date) VALUES ('UR000092', 'US000042', 'RL000036', 'US000001', '2025-01-01', 'SYSTEM', '2026-01-01 00:00:00') ON CONFLICT DO NOTHING;
INSERT INTO shopjoy_2604.sy_user_role (user_role_id, user_id, role_id, grant_user_id, valid_from, reg_by, reg_date) VALUES ('UR000093', 'US000043', 'RL000042', 'US000001', '2025-01-01', 'SYSTEM', '2026-01-01 00:00:00') ON CONFLICT DO NOTHING;
INSERT INTO shopjoy_2604.sy_user_role (user_role_id, user_id, role_id, grant_user_id, valid_from, reg_by, reg_date) VALUES ('UR000094', 'US000044', 'RL000044', 'US000001', '2025-01-01', 'SYSTEM', '2026-01-01 00:00:00') ON CONFLICT DO NOTHING;
INSERT INTO shopjoy_2604.sy_user_role (user_role_id, user_id, role_id, grant_user_id, valid_from, reg_by, reg_date) VALUES ('UR000095', 'US000044', 'RL000045', 'US000001', '2025-01-01', 'SYSTEM', '2026-01-01 00:00:00') ON CONFLICT DO NOTHING;
INSERT INTO shopjoy_2604.sy_user_role (user_role_id, user_id, role_id, grant_user_id, valid_from, reg_by, reg_date) VALUES ('UR000096', 'US000045', 'RL000044', 'US000001', '2025-01-01', 'SYSTEM', '2026-01-01 00:00:00') ON CONFLICT DO NOTHING;
INSERT INTO shopjoy_2604.sy_user_role (user_role_id, user_id, role_id, grant_user_id, valid_from, reg_by, reg_date) VALUES ('UR000097', 'US000045', 'RL000046', 'US000001', '2025-01-01', 'SYSTEM', '2026-01-01 00:00:00') ON CONFLICT DO NOTHING;
INSERT INTO shopjoy_2604.sy_user_role (user_role_id, user_id, role_id, grant_user_id, valid_from, reg_by, reg_date) VALUES ('UR000098', 'US000046', 'RL000045', 'US000001', '2025-01-01', 'SYSTEM', '2026-01-01 00:00:00') ON CONFLICT DO NOTHING;
INSERT INTO shopjoy_2604.sy_user_role (user_role_id, user_id, role_id, grant_user_id, valid_from, reg_by, reg_date) VALUES ('UR000099', 'US000047', 'RL000046', 'US000001', '2025-01-01', 'SYSTEM', '2026-01-01 00:00:00') ON CONFLICT DO NOTHING;
INSERT INTO shopjoy_2604.sy_user_role (user_role_id, user_id, role_id, grant_user_id, valid_from, reg_by, reg_date) VALUES ('UR000100', 'US000048', 'RL000038', 'US000001', '2025-01-01', 'SYSTEM', '2026-01-01 00:00:00') ON CONFLICT DO NOTHING;
INSERT INTO shopjoy_2604.sy_user_role (user_role_id, user_id, role_id, grant_user_id, valid_from, reg_by, reg_date) VALUES ('UR000101', 'US000048', 'RL000039', 'US000001', '2025-01-01', 'SYSTEM', '2026-01-01 00:00:00') ON CONFLICT DO NOTHING;
INSERT INTO shopjoy_2604.sy_user_role (user_role_id, user_id, role_id, grant_user_id, valid_from, reg_by, reg_date) VALUES ('UR000102', 'US000049', 'RL000039', 'US000001', '2025-01-01', 'SYSTEM', '2026-01-01 00:00:00') ON CONFLICT DO NOTHING;
INSERT INTO shopjoy_2604.sy_user_role (user_role_id, user_id, role_id, grant_user_id, valid_from, reg_by, reg_date) VALUES ('UR000103', 'US000049', 'RL000040', 'US000001', '2025-01-01', 'SYSTEM', '2026-01-01 00:00:00') ON CONFLICT DO NOTHING;
INSERT INTO shopjoy_2604.sy_user_role (user_role_id, user_id, role_id, grant_user_id, valid_from, reg_by, reg_date) VALUES ('UR000104', 'US000050', 'RL000040', 'US000001', '2025-01-01', 'SYSTEM', '2026-01-01 00:00:00') ON CONFLICT DO NOTHING;
INSERT INTO shopjoy_2604.sy_user_role (user_role_id, user_id, role_id, grant_user_id, valid_from, reg_by, reg_date) VALUES ('UR000105', 'US000051', 'RL000041', 'US000001', '2025-01-01', 'SYSTEM', '2026-01-01 00:00:00') ON CONFLICT DO NOTHING;
INSERT INTO shopjoy_2604.sy_user_role (user_role_id, user_id, role_id, grant_user_id, valid_from, reg_by, reg_date) VALUES ('UR000106', 'US000052', 'RL000048', 'US000001', '2025-01-01', 'SYSTEM', '2026-01-01 00:00:00') ON CONFLICT DO NOTHING;

-- ================================================================
-- 3. sy_role_menu — 역할-메뉴 권한
-- ================================================================
INSERT INTO shopjoy_2604.sy_role_menu (role_menu_id, site_id, role_id, menu_id, perm_level, reg_by, reg_date) VALUES ('RM000001', 'SITE000001', 'RL000001', 'MN000001', 3, 'SYSTEM', '2026-01-01 00:00:00') ON CONFLICT DO NOTHING;
INSERT INTO shopjoy_2604.sy_role_menu (role_menu_id, site_id, role_id, menu_id, perm_level, reg_by, reg_date) VALUES ('RM000002', 'SITE000001', 'RL000001', 'MN000002', 3, 'SYSTEM', '2026-01-01 00:00:00') ON CONFLICT DO NOTHING;
INSERT INTO shopjoy_2604.sy_role_menu (role_menu_id, site_id, role_id, menu_id, perm_level, reg_by, reg_date) VALUES ('RM000003', 'SITE000001', 'RL000001', 'MN000010', 3, 'SYSTEM', '2026-01-01 00:00:00') ON CONFLICT DO NOTHING;
INSERT INTO shopjoy_2604.sy_role_menu (role_menu_id, site_id, role_id, menu_id, perm_level, reg_by, reg_date) VALUES ('RM000004', 'SITE000001', 'RL000001', 'MN000011', 3, 'SYSTEM', '2026-01-01 00:00:00') ON CONFLICT DO NOTHING;
INSERT INTO shopjoy_2604.sy_role_menu (role_menu_id, site_id, role_id, menu_id, perm_level, reg_by, reg_date) VALUES ('RM000005', 'SITE000001', 'RL000001', 'MN000012', 3, 'SYSTEM', '2026-01-01 00:00:00') ON CONFLICT DO NOTHING;
INSERT INTO shopjoy_2604.sy_role_menu (role_menu_id, site_id, role_id, menu_id, perm_level, reg_by, reg_date) VALUES ('RM000006', 'SITE000001', 'RL000001', 'MN000020', 3, 'SYSTEM', '2026-01-01 00:00:00') ON CONFLICT DO NOTHING;
INSERT INTO shopjoy_2604.sy_role_menu (role_menu_id, site_id, role_id, menu_id, perm_level, reg_by, reg_date) VALUES ('RM000007', 'SITE000001', 'RL000001', 'MN000021', 3, 'SYSTEM', '2026-01-01 00:00:00') ON CONFLICT DO NOTHING;
INSERT INTO shopjoy_2604.sy_role_menu (role_menu_id, site_id, role_id, menu_id, perm_level, reg_by, reg_date) VALUES ('RM000008', 'SITE000001', 'RL000001', 'MN000022', 3, 'SYSTEM', '2026-01-01 00:00:00') ON CONFLICT DO NOTHING;
INSERT INTO shopjoy_2604.sy_role_menu (role_menu_id, site_id, role_id, menu_id, perm_level, reg_by, reg_date) VALUES ('RM000009', 'SITE000001', 'RL000001', 'MN000023', 3, 'SYSTEM', '2026-01-01 00:00:00') ON CONFLICT DO NOTHING;
INSERT INTO shopjoy_2604.sy_role_menu (role_menu_id, site_id, role_id, menu_id, perm_level, reg_by, reg_date) VALUES ('RM000010', 'SITE000001', 'RL000001', 'MN000030', 3, 'SYSTEM', '2026-01-01 00:00:00') ON CONFLICT DO NOTHING;
INSERT INTO shopjoy_2604.sy_role_menu (role_menu_id, site_id, role_id, menu_id, perm_level, reg_by, reg_date) VALUES ('RM000011', 'SITE000001', 'RL000001', 'MN000031', 3, 'SYSTEM', '2026-01-01 00:00:00') ON CONFLICT DO NOTHING;
INSERT INTO shopjoy_2604.sy_role_menu (role_menu_id, site_id, role_id, menu_id, perm_level, reg_by, reg_date) VALUES ('RM000012', 'SITE000001', 'RL000001', 'MN000032', 3, 'SYSTEM', '2026-01-01 00:00:00') ON CONFLICT DO NOTHING;
INSERT INTO shopjoy_2604.sy_role_menu (role_menu_id, site_id, role_id, menu_id, perm_level, reg_by, reg_date) VALUES ('RM000013', 'SITE000001', 'RL000001', 'MN000033', 3, 'SYSTEM', '2026-01-01 00:00:00') ON CONFLICT DO NOTHING;
INSERT INTO shopjoy_2604.sy_role_menu (role_menu_id, site_id, role_id, menu_id, perm_level, reg_by, reg_date) VALUES ('RM000014', 'SITE000001', 'RL000001', 'MN000040', 3, 'SYSTEM', '2026-01-01 00:00:00') ON CONFLICT DO NOTHING;
INSERT INTO shopjoy_2604.sy_role_menu (role_menu_id, site_id, role_id, menu_id, perm_level, reg_by, reg_date) VALUES ('RM000015', 'SITE000001', 'RL000001', 'MN000041', 3, 'SYSTEM', '2026-01-01 00:00:00') ON CONFLICT DO NOTHING;
INSERT INTO shopjoy_2604.sy_role_menu (role_menu_id, site_id, role_id, menu_id, perm_level, reg_by, reg_date) VALUES ('RM000016', 'SITE000001', 'RL000001', 'MN000042', 3, 'SYSTEM', '2026-01-01 00:00:00') ON CONFLICT DO NOTHING;
INSERT INTO shopjoy_2604.sy_role_menu (role_menu_id, site_id, role_id, menu_id, perm_level, reg_by, reg_date) VALUES ('RM000017', 'SITE000001', 'RL000001', 'MN000043', 3, 'SYSTEM', '2026-01-01 00:00:00') ON CONFLICT DO NOTHING;
INSERT INTO shopjoy_2604.sy_role_menu (role_menu_id, site_id, role_id, menu_id, perm_level, reg_by, reg_date) VALUES ('RM000018', 'SITE000001', 'RL000001', 'MN000044', 3, 'SYSTEM', '2026-01-01 00:00:00') ON CONFLICT DO NOTHING;
INSERT INTO shopjoy_2604.sy_role_menu (role_menu_id, site_id, role_id, menu_id, perm_level, reg_by, reg_date) VALUES ('RM000019', 'SITE000001', 'RL000001', 'MN000045', 3, 'SYSTEM', '2026-01-01 00:00:00') ON CONFLICT DO NOTHING;
INSERT INTO shopjoy_2604.sy_role_menu (role_menu_id, site_id, role_id, menu_id, perm_level, reg_by, reg_date) VALUES ('RM000020', 'SITE000001', 'RL000001', 'MN000046', 3, 'SYSTEM', '2026-01-01 00:00:00') ON CONFLICT DO NOTHING;
INSERT INTO shopjoy_2604.sy_role_menu (role_menu_id, site_id, role_id, menu_id, perm_level, reg_by, reg_date) VALUES ('RM000021', 'SITE000001', 'RL000001', 'MN000047', 3, 'SYSTEM', '2026-01-01 00:00:00') ON CONFLICT DO NOTHING;
INSERT INTO shopjoy_2604.sy_role_menu (role_menu_id, site_id, role_id, menu_id, perm_level, reg_by, reg_date) VALUES ('RM000022', 'SITE000001', 'RL000001', 'MN000048', 3, 'SYSTEM', '2026-01-01 00:00:00') ON CONFLICT DO NOTHING;
INSERT INTO shopjoy_2604.sy_role_menu (role_menu_id, site_id, role_id, menu_id, perm_level, reg_by, reg_date) VALUES ('RM000023', 'SITE000001', 'RL000001', 'MN000049', 3, 'SYSTEM', '2026-01-01 00:00:00') ON CONFLICT DO NOTHING;
INSERT INTO shopjoy_2604.sy_role_menu (role_menu_id, site_id, role_id, menu_id, perm_level, reg_by, reg_date) VALUES ('RM000024', 'SITE000001', 'RL000001', 'MN000050', 3, 'SYSTEM', '2026-01-01 00:00:00') ON CONFLICT DO NOTHING;
INSERT INTO shopjoy_2604.sy_role_menu (role_menu_id, site_id, role_id, menu_id, perm_level, reg_by, reg_date) VALUES ('RM000025', 'SITE000001', 'RL000001', 'MN000051', 3, 'SYSTEM', '2026-01-01 00:00:00') ON CONFLICT DO NOTHING;
INSERT INTO shopjoy_2604.sy_role_menu (role_menu_id, site_id, role_id, menu_id, perm_level, reg_by, reg_date) VALUES ('RM000026', 'SITE000001', 'RL000001', 'MN000052', 3, 'SYSTEM', '2026-01-01 00:00:00') ON CONFLICT DO NOTHING;
INSERT INTO shopjoy_2604.sy_role_menu (role_menu_id, site_id, role_id, menu_id, perm_level, reg_by, reg_date) VALUES ('RM000027', 'SITE000001', 'RL000001', 'MN000053', 3, 'SYSTEM', '2026-01-01 00:00:00') ON CONFLICT DO NOTHING;
INSERT INTO shopjoy_2604.sy_role_menu (role_menu_id, site_id, role_id, menu_id, perm_level, reg_by, reg_date) VALUES ('RM000028', 'SITE000001', 'RL000001', 'MN000054', 3, 'SYSTEM', '2026-01-01 00:00:00') ON CONFLICT DO NOTHING;
INSERT INTO shopjoy_2604.sy_role_menu (role_menu_id, site_id, role_id, menu_id, perm_level, reg_by, reg_date) VALUES ('RM000029', 'SITE000001', 'RL000001', 'MN000055', 3, 'SYSTEM', '2026-01-01 00:00:00') ON CONFLICT DO NOTHING;
INSERT INTO shopjoy_2604.sy_role_menu (role_menu_id, site_id, role_id, menu_id, perm_level, reg_by, reg_date) VALUES ('RM000030', 'SITE000001', 'RL000001', 'MN000060', 3, 'SYSTEM', '2026-01-01 00:00:00') ON CONFLICT DO NOTHING;
INSERT INTO shopjoy_2604.sy_role_menu (role_menu_id, site_id, role_id, menu_id, perm_level, reg_by, reg_date) VALUES ('RM000031', 'SITE000001', 'RL000001', 'MN000061', 3, 'SYSTEM', '2026-01-01 00:00:00') ON CONFLICT DO NOTHING;
INSERT INTO shopjoy_2604.sy_role_menu (role_menu_id, site_id, role_id, menu_id, perm_level, reg_by, reg_date) VALUES ('RM000032', 'SITE000001', 'RL000001', 'MN000062', 3, 'SYSTEM', '2026-01-01 00:00:00') ON CONFLICT DO NOTHING;
INSERT INTO shopjoy_2604.sy_role_menu (role_menu_id, site_id, role_id, menu_id, perm_level, reg_by, reg_date) VALUES ('RM000033', 'SITE000001', 'RL000001', 'MN000063', 3, 'SYSTEM', '2026-01-01 00:00:00') ON CONFLICT DO NOTHING;
INSERT INTO shopjoy_2604.sy_role_menu (role_menu_id, site_id, role_id, menu_id, perm_level, reg_by, reg_date) VALUES ('RM000034', 'SITE000001', 'RL000001', 'MN000070', 3, 'SYSTEM', '2026-01-01 00:00:00') ON CONFLICT DO NOTHING;
INSERT INTO shopjoy_2604.sy_role_menu (role_menu_id, site_id, role_id, menu_id, perm_level, reg_by, reg_date) VALUES ('RM000035', 'SITE000001', 'RL000001', 'MN000071', 3, 'SYSTEM', '2026-01-01 00:00:00') ON CONFLICT DO NOTHING;
INSERT INTO shopjoy_2604.sy_role_menu (role_menu_id, site_id, role_id, menu_id, perm_level, reg_by, reg_date) VALUES ('RM000036', 'SITE000001', 'RL000001', 'MN000072', 3, 'SYSTEM', '2026-01-01 00:00:00') ON CONFLICT DO NOTHING;
INSERT INTO shopjoy_2604.sy_role_menu (role_menu_id, site_id, role_id, menu_id, perm_level, reg_by, reg_date) VALUES ('RM000037', 'SITE000001', 'RL000001', 'MN000073', 3, 'SYSTEM', '2026-01-01 00:00:00') ON CONFLICT DO NOTHING;
INSERT INTO shopjoy_2604.sy_role_menu (role_menu_id, site_id, role_id, menu_id, perm_level, reg_by, reg_date) VALUES ('RM000038', 'SITE000001', 'RL000001', 'MN000074', 3, 'SYSTEM', '2026-01-01 00:00:00') ON CONFLICT DO NOTHING;
INSERT INTO shopjoy_2604.sy_role_menu (role_menu_id, site_id, role_id, menu_id, perm_level, reg_by, reg_date) VALUES ('RM000039', 'SITE000001', 'RL000001', 'MN000075', 3, 'SYSTEM', '2026-01-01 00:00:00') ON CONFLICT DO NOTHING;
INSERT INTO shopjoy_2604.sy_role_menu (role_menu_id, site_id, role_id, menu_id, perm_level, reg_by, reg_date) VALUES ('RM000040', 'SITE000001', 'RL000001', 'MN000076', 3, 'SYSTEM', '2026-01-01 00:00:00') ON CONFLICT DO NOTHING;
INSERT INTO shopjoy_2604.sy_role_menu (role_menu_id, site_id, role_id, menu_id, perm_level, reg_by, reg_date) VALUES ('RM000041', 'SITE000001', 'RL000001', 'MN000077', 3, 'SYSTEM', '2026-01-01 00:00:00') ON CONFLICT DO NOTHING;
INSERT INTO shopjoy_2604.sy_role_menu (role_menu_id, site_id, role_id, menu_id, perm_level, reg_by, reg_date) VALUES ('RM000042', 'SITE000001', 'RL000001', 'MN000078', 3, 'SYSTEM', '2026-01-01 00:00:00') ON CONFLICT DO NOTHING;
INSERT INTO shopjoy_2604.sy_role_menu (role_menu_id, site_id, role_id, menu_id, perm_level, reg_by, reg_date) VALUES ('RM000043', 'SITE000001', 'RL000001', 'MN000079', 3, 'SYSTEM', '2026-01-01 00:00:00') ON CONFLICT DO NOTHING;
INSERT INTO shopjoy_2604.sy_role_menu (role_menu_id, site_id, role_id, menu_id, perm_level, reg_by, reg_date) VALUES ('RM000044', 'SITE000001', 'RL000001', 'MN000080', 3, 'SYSTEM', '2026-01-01 00:00:00') ON CONFLICT DO NOTHING;
INSERT INTO shopjoy_2604.sy_role_menu (role_menu_id, site_id, role_id, menu_id, perm_level, reg_by, reg_date) VALUES ('RM000045', 'SITE000001', 'RL000001', 'MN000081', 3, 'SYSTEM', '2026-01-01 00:00:00') ON CONFLICT DO NOTHING;
INSERT INTO shopjoy_2604.sy_role_menu (role_menu_id, site_id, role_id, menu_id, perm_level, reg_by, reg_date) VALUES ('RM000046', 'SITE000001', 'RL000001', 'MN000082', 3, 'SYSTEM', '2026-01-01 00:00:00') ON CONFLICT DO NOTHING;
INSERT INTO shopjoy_2604.sy_role_menu (role_menu_id, site_id, role_id, menu_id, perm_level, reg_by, reg_date) VALUES ('RM000047', 'SITE000001', 'RL000001', 'MN000083', 3, 'SYSTEM', '2026-01-01 00:00:00') ON CONFLICT DO NOTHING;
INSERT INTO shopjoy_2604.sy_role_menu (role_menu_id, site_id, role_id, menu_id, perm_level, reg_by, reg_date) VALUES ('RM000048', 'SITE000001', 'RL000001', 'MN000084', 3, 'SYSTEM', '2026-01-01 00:00:00') ON CONFLICT DO NOTHING;
INSERT INTO shopjoy_2604.sy_role_menu (role_menu_id, site_id, role_id, menu_id, perm_level, reg_by, reg_date) VALUES ('RM000049', 'SITE000001', 'RL000001', 'MN000085', 3, 'SYSTEM', '2026-01-01 00:00:00') ON CONFLICT DO NOTHING;
INSERT INTO shopjoy_2604.sy_role_menu (role_menu_id, site_id, role_id, menu_id, perm_level, reg_by, reg_date) VALUES ('RM000050', 'SITE000001', 'RL000001', 'MN000086', 3, 'SYSTEM', '2026-01-01 00:00:00') ON CONFLICT DO NOTHING;
INSERT INTO shopjoy_2604.sy_role_menu (role_menu_id, site_id, role_id, menu_id, perm_level, reg_by, reg_date) VALUES ('RM000051', 'SITE000001', 'RL000001', 'MN000087', 3, 'SYSTEM', '2026-01-01 00:00:00') ON CONFLICT DO NOTHING;
INSERT INTO shopjoy_2604.sy_role_menu (role_menu_id, site_id, role_id, menu_id, perm_level, reg_by, reg_date) VALUES ('RM000052', 'SITE000001', 'RL000001', 'MN000088', 3, 'SYSTEM', '2026-01-01 00:00:00') ON CONFLICT DO NOTHING;
INSERT INTO shopjoy_2604.sy_role_menu (role_menu_id, site_id, role_id, menu_id, perm_level, reg_by, reg_date) VALUES ('RM000053', 'SITE000001', 'RL000001', 'MN000089', 3, 'SYSTEM', '2026-01-01 00:00:00') ON CONFLICT DO NOTHING;
INSERT INTO shopjoy_2604.sy_role_menu (role_menu_id, site_id, role_id, menu_id, perm_level, reg_by, reg_date) VALUES ('RM000054', 'SITE000001', 'RL000001', 'MN000090', 3, 'SYSTEM', '2026-01-01 00:00:00') ON CONFLICT DO NOTHING;
INSERT INTO shopjoy_2604.sy_role_menu (role_menu_id, site_id, role_id, menu_id, perm_level, reg_by, reg_date) VALUES ('RM000055', 'SITE000001', 'RL000001', 'MN000091', 3, 'SYSTEM', '2026-01-01 00:00:00') ON CONFLICT DO NOTHING;
INSERT INTO shopjoy_2604.sy_role_menu (role_menu_id, site_id, role_id, menu_id, perm_level, reg_by, reg_date) VALUES ('RM000056', 'SITE000001', 'RL000001', 'MN000092', 3, 'SYSTEM', '2026-01-01 00:00:00') ON CONFLICT DO NOTHING;
INSERT INTO shopjoy_2604.sy_role_menu (role_menu_id, site_id, role_id, menu_id, perm_level, reg_by, reg_date) VALUES ('RM000057', 'SITE000001', 'RL000001', 'MN000093', 3, 'SYSTEM', '2026-01-01 00:00:00') ON CONFLICT DO NOTHING;
INSERT INTO shopjoy_2604.sy_role_menu (role_menu_id, site_id, role_id, menu_id, perm_level, reg_by, reg_date) VALUES ('RM000058', 'SITE000001', 'RL000001', 'MN000094', 3, 'SYSTEM', '2026-01-01 00:00:00') ON CONFLICT DO NOTHING;
INSERT INTO shopjoy_2604.sy_role_menu (role_menu_id, site_id, role_id, menu_id, perm_level, reg_by, reg_date) VALUES ('RM000059', 'SITE000001', 'RL000001', 'MN000095', 3, 'SYSTEM', '2026-01-01 00:00:00') ON CONFLICT DO NOTHING;
INSERT INTO shopjoy_2604.sy_role_menu (role_menu_id, site_id, role_id, menu_id, perm_level, reg_by, reg_date) VALUES ('RM000060', 'SITE000001', 'RL000001', 'MN000096', 3, 'SYSTEM', '2026-01-01 00:00:00') ON CONFLICT DO NOTHING;
INSERT INTO shopjoy_2604.sy_role_menu (role_menu_id, site_id, role_id, menu_id, perm_level, reg_by, reg_date) VALUES ('RM000061', 'SITE000001', 'RL000002', 'MN000070', 2, 'SYSTEM', '2026-01-01 00:00:00') ON CONFLICT DO NOTHING;
INSERT INTO shopjoy_2604.sy_role_menu (role_menu_id, site_id, role_id, menu_id, perm_level, reg_by, reg_date) VALUES ('RM000062', 'SITE000001', 'RL000002', 'MN000071', 2, 'SYSTEM', '2026-01-01 00:00:00') ON CONFLICT DO NOTHING;
INSERT INTO shopjoy_2604.sy_role_menu (role_menu_id, site_id, role_id, menu_id, perm_level, reg_by, reg_date) VALUES ('RM000063', 'SITE000001', 'RL000002', 'MN000072', 2, 'SYSTEM', '2026-01-01 00:00:00') ON CONFLICT DO NOTHING;
INSERT INTO shopjoy_2604.sy_role_menu (role_menu_id, site_id, role_id, menu_id, perm_level, reg_by, reg_date) VALUES ('RM000064', 'SITE000001', 'RL000002', 'MN000073', 2, 'SYSTEM', '2026-01-01 00:00:00') ON CONFLICT DO NOTHING;
INSERT INTO shopjoy_2604.sy_role_menu (role_menu_id, site_id, role_id, menu_id, perm_level, reg_by, reg_date) VALUES ('RM000065', 'SITE000001', 'RL000002', 'MN000074', 2, 'SYSTEM', '2026-01-01 00:00:00') ON CONFLICT DO NOTHING;
INSERT INTO shopjoy_2604.sy_role_menu (role_menu_id, site_id, role_id, menu_id, perm_level, reg_by, reg_date) VALUES ('RM000066', 'SITE000001', 'RL000002', 'MN000075', 2, 'SYSTEM', '2026-01-01 00:00:00') ON CONFLICT DO NOTHING;
INSERT INTO shopjoy_2604.sy_role_menu (role_menu_id, site_id, role_id, menu_id, perm_level, reg_by, reg_date) VALUES ('RM000067', 'SITE000001', 'RL000002', 'MN000076', 2, 'SYSTEM', '2026-01-01 00:00:00') ON CONFLICT DO NOTHING;
INSERT INTO shopjoy_2604.sy_role_menu (role_menu_id, site_id, role_id, menu_id, perm_level, reg_by, reg_date) VALUES ('RM000068', 'SITE000001', 'RL000002', 'MN000077', 2, 'SYSTEM', '2026-01-01 00:00:00') ON CONFLICT DO NOTHING;
INSERT INTO shopjoy_2604.sy_role_menu (role_menu_id, site_id, role_id, menu_id, perm_level, reg_by, reg_date) VALUES ('RM000069', 'SITE000001', 'RL000002', 'MN000078', 2, 'SYSTEM', '2026-01-01 00:00:00') ON CONFLICT DO NOTHING;
INSERT INTO shopjoy_2604.sy_role_menu (role_menu_id, site_id, role_id, menu_id, perm_level, reg_by, reg_date) VALUES ('RM000070', 'SITE000001', 'RL000002', 'MN000079', 2, 'SYSTEM', '2026-01-01 00:00:00') ON CONFLICT DO NOTHING;
INSERT INTO shopjoy_2604.sy_role_menu (role_menu_id, site_id, role_id, menu_id, perm_level, reg_by, reg_date) VALUES ('RM000071', 'SITE000001', 'RL000002', 'MN000080', 2, 'SYSTEM', '2026-01-01 00:00:00') ON CONFLICT DO NOTHING;
INSERT INTO shopjoy_2604.sy_role_menu (role_menu_id, site_id, role_id, menu_id, perm_level, reg_by, reg_date) VALUES ('RM000072', 'SITE000001', 'RL000002', 'MN000081', 2, 'SYSTEM', '2026-01-01 00:00:00') ON CONFLICT DO NOTHING;
INSERT INTO shopjoy_2604.sy_role_menu (role_menu_id, site_id, role_id, menu_id, perm_level, reg_by, reg_date) VALUES ('RM000073', 'SITE000001', 'RL000002', 'MN000082', 2, 'SYSTEM', '2026-01-01 00:00:00') ON CONFLICT DO NOTHING;
INSERT INTO shopjoy_2604.sy_role_menu (role_menu_id, site_id, role_id, menu_id, perm_level, reg_by, reg_date) VALUES ('RM000074', 'SITE000001', 'RL000002', 'MN000083', 2, 'SYSTEM', '2026-01-01 00:00:00') ON CONFLICT DO NOTHING;
INSERT INTO shopjoy_2604.sy_role_menu (role_menu_id, site_id, role_id, menu_id, perm_level, reg_by, reg_date) VALUES ('RM000075', 'SITE000001', 'RL000002', 'MN000084', 2, 'SYSTEM', '2026-01-01 00:00:00') ON CONFLICT DO NOTHING;
INSERT INTO shopjoy_2604.sy_role_menu (role_menu_id, site_id, role_id, menu_id, perm_level, reg_by, reg_date) VALUES ('RM000076', 'SITE000001', 'RL000002', 'MN000085', 2, 'SYSTEM', '2026-01-01 00:00:00') ON CONFLICT DO NOTHING;
INSERT INTO shopjoy_2604.sy_role_menu (role_menu_id, site_id, role_id, menu_id, perm_level, reg_by, reg_date) VALUES ('RM000077', 'SITE000001', 'RL000002', 'MN000086', 2, 'SYSTEM', '2026-01-01 00:00:00') ON CONFLICT DO NOTHING;
INSERT INTO shopjoy_2604.sy_role_menu (role_menu_id, site_id, role_id, menu_id, perm_level, reg_by, reg_date) VALUES ('RM000078', 'SITE000001', 'RL000002', 'MN000087', 2, 'SYSTEM', '2026-01-01 00:00:00') ON CONFLICT DO NOTHING;
INSERT INTO shopjoy_2604.sy_role_menu (role_menu_id, site_id, role_id, menu_id, perm_level, reg_by, reg_date) VALUES ('RM000079', 'SITE000001', 'RL000002', 'MN000088', 2, 'SYSTEM', '2026-01-01 00:00:00') ON CONFLICT DO NOTHING;
INSERT INTO shopjoy_2604.sy_role_menu (role_menu_id, site_id, role_id, menu_id, perm_level, reg_by, reg_date) VALUES ('RM000080', 'SITE000001', 'RL000002', 'MN000089', 2, 'SYSTEM', '2026-01-01 00:00:00') ON CONFLICT DO NOTHING;
INSERT INTO shopjoy_2604.sy_role_menu (role_menu_id, site_id, role_id, menu_id, perm_level, reg_by, reg_date) VALUES ('RM000081', 'SITE000001', 'RL000002', 'MN000090', 2, 'SYSTEM', '2026-01-01 00:00:00') ON CONFLICT DO NOTHING;
INSERT INTO shopjoy_2604.sy_role_menu (role_menu_id, site_id, role_id, menu_id, perm_level, reg_by, reg_date) VALUES ('RM000082', 'SITE000001', 'RL000002', 'MN000091', 2, 'SYSTEM', '2026-01-01 00:00:00') ON CONFLICT DO NOTHING;
INSERT INTO shopjoy_2604.sy_role_menu (role_menu_id, site_id, role_id, menu_id, perm_level, reg_by, reg_date) VALUES ('RM000083', 'SITE000001', 'RL000002', 'MN000092', 2, 'SYSTEM', '2026-01-01 00:00:00') ON CONFLICT DO NOTHING;
INSERT INTO shopjoy_2604.sy_role_menu (role_menu_id, site_id, role_id, menu_id, perm_level, reg_by, reg_date) VALUES ('RM000084', 'SITE000001', 'RL000002', 'MN000093', 2, 'SYSTEM', '2026-01-01 00:00:00') ON CONFLICT DO NOTHING;
INSERT INTO shopjoy_2604.sy_role_menu (role_menu_id, site_id, role_id, menu_id, perm_level, reg_by, reg_date) VALUES ('RM000085', 'SITE000001', 'RL000002', 'MN000094', 2, 'SYSTEM', '2026-01-01 00:00:00') ON CONFLICT DO NOTHING;
INSERT INTO shopjoy_2604.sy_role_menu (role_menu_id, site_id, role_id, menu_id, perm_level, reg_by, reg_date) VALUES ('RM000086', 'SITE000001', 'RL000002', 'MN000095', 2, 'SYSTEM', '2026-01-01 00:00:00') ON CONFLICT DO NOTHING;
INSERT INTO shopjoy_2604.sy_role_menu (role_menu_id, site_id, role_id, menu_id, perm_level, reg_by, reg_date) VALUES ('RM000087', 'SITE000001', 'RL000002', 'MN000096', 2, 'SYSTEM', '2026-01-01 00:00:00') ON CONFLICT DO NOTHING;
INSERT INTO shopjoy_2604.sy_role_menu (role_menu_id, site_id, role_id, menu_id, perm_level, reg_by, reg_date) VALUES ('RM000088', 'SITE000001', 'RL000002', 'MN000088', 2, 'SYSTEM', '2026-01-01 00:00:00') ON CONFLICT DO NOTHING;
INSERT INTO shopjoy_2604.sy_role_menu (role_menu_id, site_id, role_id, menu_id, perm_level, reg_by, reg_date) VALUES ('RM000089', 'SITE000001', 'RL000002', 'MN000089', 2, 'SYSTEM', '2026-01-01 00:00:00') ON CONFLICT DO NOTHING;
INSERT INTO shopjoy_2604.sy_role_menu (role_menu_id, site_id, role_id, menu_id, perm_level, reg_by, reg_date) VALUES ('RM000090', 'SITE000001', 'RL000002', 'MN000090', 2, 'SYSTEM', '2026-01-01 00:00:00') ON CONFLICT DO NOTHING;
INSERT INTO shopjoy_2604.sy_role_menu (role_menu_id, site_id, role_id, menu_id, perm_level, reg_by, reg_date) VALUES ('RM000091', 'SITE000001', 'RL000002', 'MN000091', 2, 'SYSTEM', '2026-01-01 00:00:00') ON CONFLICT DO NOTHING;
INSERT INTO shopjoy_2604.sy_role_menu (role_menu_id, site_id, role_id, menu_id, perm_level, reg_by, reg_date) VALUES ('RM000092', 'SITE000001', 'RL000002', 'MN000092', 2, 'SYSTEM', '2026-01-01 00:00:00') ON CONFLICT DO NOTHING;
INSERT INTO shopjoy_2604.sy_role_menu (role_menu_id, site_id, role_id, menu_id, perm_level, reg_by, reg_date) VALUES ('RM000093', 'SITE000001', 'RL000002', 'MN000093', 2, 'SYSTEM', '2026-01-01 00:00:00') ON CONFLICT DO NOTHING;
INSERT INTO shopjoy_2604.sy_role_menu (role_menu_id, site_id, role_id, menu_id, perm_level, reg_by, reg_date) VALUES ('RM000094', 'SITE000001', 'RL000002', 'MN000074', 2, 'SYSTEM', '2026-01-01 00:00:00') ON CONFLICT DO NOTHING;
INSERT INTO shopjoy_2604.sy_role_menu (role_menu_id, site_id, role_id, menu_id, perm_level, reg_by, reg_date) VALUES ('RM000095', 'SITE000001', 'RL000002', 'MN000075', 2, 'SYSTEM', '2026-01-01 00:00:00') ON CONFLICT DO NOTHING;
INSERT INTO shopjoy_2604.sy_role_menu (role_menu_id, site_id, role_id, menu_id, perm_level, reg_by, reg_date) VALUES ('RM000096', 'SITE000001', 'RL000002', 'MN000076', 2, 'SYSTEM', '2026-01-01 00:00:00') ON CONFLICT DO NOTHING;
INSERT INTO shopjoy_2604.sy_role_menu (role_menu_id, site_id, role_id, menu_id, perm_level, reg_by, reg_date) VALUES ('RM000097', 'SITE000001', 'RL000016', 'MN000001', 2, 'SYSTEM', '2026-01-01 00:00:00') ON CONFLICT DO NOTHING;
INSERT INTO shopjoy_2604.sy_role_menu (role_menu_id, site_id, role_id, menu_id, perm_level, reg_by, reg_date) VALUES ('RM000098', 'SITE000001', 'RL000016', 'MN000002', 2, 'SYSTEM', '2026-01-01 00:00:00') ON CONFLICT DO NOTHING;
INSERT INTO shopjoy_2604.sy_role_menu (role_menu_id, site_id, role_id, menu_id, perm_level, reg_by, reg_date) VALUES ('RM000099', 'SITE000001', 'RL000016', 'MN000010', 2, 'SYSTEM', '2026-01-01 00:00:00') ON CONFLICT DO NOTHING;
INSERT INTO shopjoy_2604.sy_role_menu (role_menu_id, site_id, role_id, menu_id, perm_level, reg_by, reg_date) VALUES ('RM000100', 'SITE000001', 'RL000016', 'MN000011', 2, 'SYSTEM', '2026-01-01 00:00:00') ON CONFLICT DO NOTHING;
INSERT INTO shopjoy_2604.sy_role_menu (role_menu_id, site_id, role_id, menu_id, perm_level, reg_by, reg_date) VALUES ('RM000101', 'SITE000001', 'RL000016', 'MN000012', 2, 'SYSTEM', '2026-01-01 00:00:00') ON CONFLICT DO NOTHING;
INSERT INTO shopjoy_2604.sy_role_menu (role_menu_id, site_id, role_id, menu_id, perm_level, reg_by, reg_date) VALUES ('RM000102', 'SITE000001', 'RL000016', 'MN000020', 2, 'SYSTEM', '2026-01-01 00:00:00') ON CONFLICT DO NOTHING;
INSERT INTO shopjoy_2604.sy_role_menu (role_menu_id, site_id, role_id, menu_id, perm_level, reg_by, reg_date) VALUES ('RM000103', 'SITE000001', 'RL000016', 'MN000021', 2, 'SYSTEM', '2026-01-01 00:00:00') ON CONFLICT DO NOTHING;
INSERT INTO shopjoy_2604.sy_role_menu (role_menu_id, site_id, role_id, menu_id, perm_level, reg_by, reg_date) VALUES ('RM000104', 'SITE000001', 'RL000016', 'MN000022', 2, 'SYSTEM', '2026-01-01 00:00:00') ON CONFLICT DO NOTHING;
INSERT INTO shopjoy_2604.sy_role_menu (role_menu_id, site_id, role_id, menu_id, perm_level, reg_by, reg_date) VALUES ('RM000105', 'SITE000001', 'RL000016', 'MN000023', 2, 'SYSTEM', '2026-01-01 00:00:00') ON CONFLICT DO NOTHING;
INSERT INTO shopjoy_2604.sy_role_menu (role_menu_id, site_id, role_id, menu_id, perm_level, reg_by, reg_date) VALUES ('RM000106', 'SITE000001', 'RL000016', 'MN000030', 2, 'SYSTEM', '2026-01-01 00:00:00') ON CONFLICT DO NOTHING;
INSERT INTO shopjoy_2604.sy_role_menu (role_menu_id, site_id, role_id, menu_id, perm_level, reg_by, reg_date) VALUES ('RM000107', 'SITE000001', 'RL000016', 'MN000031', 2, 'SYSTEM', '2026-01-01 00:00:00') ON CONFLICT DO NOTHING;
INSERT INTO shopjoy_2604.sy_role_menu (role_menu_id, site_id, role_id, menu_id, perm_level, reg_by, reg_date) VALUES ('RM000108', 'SITE000001', 'RL000016', 'MN000032', 2, 'SYSTEM', '2026-01-01 00:00:00') ON CONFLICT DO NOTHING;
INSERT INTO shopjoy_2604.sy_role_menu (role_menu_id, site_id, role_id, menu_id, perm_level, reg_by, reg_date) VALUES ('RM000109', 'SITE000001', 'RL000016', 'MN000033', 2, 'SYSTEM', '2026-01-01 00:00:00') ON CONFLICT DO NOTHING;
INSERT INTO shopjoy_2604.sy_role_menu (role_menu_id, site_id, role_id, menu_id, perm_level, reg_by, reg_date) VALUES ('RM000110', 'SITE000001', 'RL000016', 'MN000040', 2, 'SYSTEM', '2026-01-01 00:00:00') ON CONFLICT DO NOTHING;
INSERT INTO shopjoy_2604.sy_role_menu (role_menu_id, site_id, role_id, menu_id, perm_level, reg_by, reg_date) VALUES ('RM000111', 'SITE000001', 'RL000016', 'MN000041', 2, 'SYSTEM', '2026-01-01 00:00:00') ON CONFLICT DO NOTHING;
INSERT INTO shopjoy_2604.sy_role_menu (role_menu_id, site_id, role_id, menu_id, perm_level, reg_by, reg_date) VALUES ('RM000112', 'SITE000001', 'RL000016', 'MN000042', 2, 'SYSTEM', '2026-01-01 00:00:00') ON CONFLICT DO NOTHING;
INSERT INTO shopjoy_2604.sy_role_menu (role_menu_id, site_id, role_id, menu_id, perm_level, reg_by, reg_date) VALUES ('RM000113', 'SITE000001', 'RL000016', 'MN000043', 2, 'SYSTEM', '2026-01-01 00:00:00') ON CONFLICT DO NOTHING;
INSERT INTO shopjoy_2604.sy_role_menu (role_menu_id, site_id, role_id, menu_id, perm_level, reg_by, reg_date) VALUES ('RM000114', 'SITE000001', 'RL000016', 'MN000044', 2, 'SYSTEM', '2026-01-01 00:00:00') ON CONFLICT DO NOTHING;
INSERT INTO shopjoy_2604.sy_role_menu (role_menu_id, site_id, role_id, menu_id, perm_level, reg_by, reg_date) VALUES ('RM000115', 'SITE000001', 'RL000016', 'MN000045', 2, 'SYSTEM', '2026-01-01 00:00:00') ON CONFLICT DO NOTHING;
INSERT INTO shopjoy_2604.sy_role_menu (role_menu_id, site_id, role_id, menu_id, perm_level, reg_by, reg_date) VALUES ('RM000116', 'SITE000001', 'RL000016', 'MN000046', 2, 'SYSTEM', '2026-01-01 00:00:00') ON CONFLICT DO NOTHING;
INSERT INTO shopjoy_2604.sy_role_menu (role_menu_id, site_id, role_id, menu_id, perm_level, reg_by, reg_date) VALUES ('RM000117', 'SITE000001', 'RL000016', 'MN000047', 2, 'SYSTEM', '2026-01-01 00:00:00') ON CONFLICT DO NOTHING;
INSERT INTO shopjoy_2604.sy_role_menu (role_menu_id, site_id, role_id, menu_id, perm_level, reg_by, reg_date) VALUES ('RM000118', 'SITE000001', 'RL000016', 'MN000048', 2, 'SYSTEM', '2026-01-01 00:00:00') ON CONFLICT DO NOTHING;
INSERT INTO shopjoy_2604.sy_role_menu (role_menu_id, site_id, role_id, menu_id, perm_level, reg_by, reg_date) VALUES ('RM000119', 'SITE000001', 'RL000016', 'MN000049', 2, 'SYSTEM', '2026-01-01 00:00:00') ON CONFLICT DO NOTHING;
INSERT INTO shopjoy_2604.sy_role_menu (role_menu_id, site_id, role_id, menu_id, perm_level, reg_by, reg_date) VALUES ('RM000120', 'SITE000001', 'RL000016', 'MN000050', 2, 'SYSTEM', '2026-01-01 00:00:00') ON CONFLICT DO NOTHING;
INSERT INTO shopjoy_2604.sy_role_menu (role_menu_id, site_id, role_id, menu_id, perm_level, reg_by, reg_date) VALUES ('RM000121', 'SITE000001', 'RL000016', 'MN000051', 2, 'SYSTEM', '2026-01-01 00:00:00') ON CONFLICT DO NOTHING;
INSERT INTO shopjoy_2604.sy_role_menu (role_menu_id, site_id, role_id, menu_id, perm_level, reg_by, reg_date) VALUES ('RM000122', 'SITE000001', 'RL000016', 'MN000052', 2, 'SYSTEM', '2026-01-01 00:00:00') ON CONFLICT DO NOTHING;
INSERT INTO shopjoy_2604.sy_role_menu (role_menu_id, site_id, role_id, menu_id, perm_level, reg_by, reg_date) VALUES ('RM000123', 'SITE000001', 'RL000016', 'MN000053', 2, 'SYSTEM', '2026-01-01 00:00:00') ON CONFLICT DO NOTHING;
INSERT INTO shopjoy_2604.sy_role_menu (role_menu_id, site_id, role_id, menu_id, perm_level, reg_by, reg_date) VALUES ('RM000124', 'SITE000001', 'RL000016', 'MN000054', 2, 'SYSTEM', '2026-01-01 00:00:00') ON CONFLICT DO NOTHING;
INSERT INTO shopjoy_2604.sy_role_menu (role_menu_id, site_id, role_id, menu_id, perm_level, reg_by, reg_date) VALUES ('RM000125', 'SITE000001', 'RL000016', 'MN000055', 2, 'SYSTEM', '2026-01-01 00:00:00') ON CONFLICT DO NOTHING;
INSERT INTO shopjoy_2604.sy_role_menu (role_menu_id, site_id, role_id, menu_id, perm_level, reg_by, reg_date) VALUES ('RM000126', 'SITE000001', 'RL000016', 'MN000060', 2, 'SYSTEM', '2026-01-01 00:00:00') ON CONFLICT DO NOTHING;
INSERT INTO shopjoy_2604.sy_role_menu (role_menu_id, site_id, role_id, menu_id, perm_level, reg_by, reg_date) VALUES ('RM000127', 'SITE000001', 'RL000016', 'MN000061', 2, 'SYSTEM', '2026-01-01 00:00:00') ON CONFLICT DO NOTHING;
INSERT INTO shopjoy_2604.sy_role_menu (role_menu_id, site_id, role_id, menu_id, perm_level, reg_by, reg_date) VALUES ('RM000128', 'SITE000001', 'RL000016', 'MN000062', 2, 'SYSTEM', '2026-01-01 00:00:00') ON CONFLICT DO NOTHING;
INSERT INTO shopjoy_2604.sy_role_menu (role_menu_id, site_id, role_id, menu_id, perm_level, reg_by, reg_date) VALUES ('RM000129', 'SITE000001', 'RL000016', 'MN000063', 2, 'SYSTEM', '2026-01-01 00:00:00') ON CONFLICT DO NOTHING;
INSERT INTO shopjoy_2604.sy_role_menu (role_menu_id, site_id, role_id, menu_id, perm_level, reg_by, reg_date) VALUES ('RM000130', 'SITE000001', 'RL000017', 'MN000010', 2, 'SYSTEM', '2026-01-01 00:00:00') ON CONFLICT DO NOTHING;
INSERT INTO shopjoy_2604.sy_role_menu (role_menu_id, site_id, role_id, menu_id, perm_level, reg_by, reg_date) VALUES ('RM000131', 'SITE000001', 'RL000017', 'MN000011', 2, 'SYSTEM', '2026-01-01 00:00:00') ON CONFLICT DO NOTHING;
INSERT INTO shopjoy_2604.sy_role_menu (role_menu_id, site_id, role_id, menu_id, perm_level, reg_by, reg_date) VALUES ('RM000132', 'SITE000001', 'RL000017', 'MN000012', 2, 'SYSTEM', '2026-01-01 00:00:00') ON CONFLICT DO NOTHING;
INSERT INTO shopjoy_2604.sy_role_menu (role_menu_id, site_id, role_id, menu_id, perm_level, reg_by, reg_date) VALUES ('RM000133', 'SITE000001', 'RL000017', 'MN000020', 2, 'SYSTEM', '2026-01-01 00:00:00') ON CONFLICT DO NOTHING;
INSERT INTO shopjoy_2604.sy_role_menu (role_menu_id, site_id, role_id, menu_id, perm_level, reg_by, reg_date) VALUES ('RM000134', 'SITE000001', 'RL000017', 'MN000021', 2, 'SYSTEM', '2026-01-01 00:00:00') ON CONFLICT DO NOTHING;
INSERT INTO shopjoy_2604.sy_role_menu (role_menu_id, site_id, role_id, menu_id, perm_level, reg_by, reg_date) VALUES ('RM000135', 'SITE000001', 'RL000017', 'MN000022', 2, 'SYSTEM', '2026-01-01 00:00:00') ON CONFLICT DO NOTHING;
INSERT INTO shopjoy_2604.sy_role_menu (role_menu_id, site_id, role_id, menu_id, perm_level, reg_by, reg_date) VALUES ('RM000136', 'SITE000001', 'RL000017', 'MN000023', 2, 'SYSTEM', '2026-01-01 00:00:00') ON CONFLICT DO NOTHING;
INSERT INTO shopjoy_2604.sy_role_menu (role_menu_id, site_id, role_id, menu_id, perm_level, reg_by, reg_date) VALUES ('RM000137', 'SITE000001', 'RL000017', 'MN000040', 2, 'SYSTEM', '2026-01-01 00:00:00') ON CONFLICT DO NOTHING;
INSERT INTO shopjoy_2604.sy_role_menu (role_menu_id, site_id, role_id, menu_id, perm_level, reg_by, reg_date) VALUES ('RM000138', 'SITE000001', 'RL000017', 'MN000041', 2, 'SYSTEM', '2026-01-01 00:00:00') ON CONFLICT DO NOTHING;
INSERT INTO shopjoy_2604.sy_role_menu (role_menu_id, site_id, role_id, menu_id, perm_level, reg_by, reg_date) VALUES ('RM000139', 'SITE000001', 'RL000017', 'MN000042', 2, 'SYSTEM', '2026-01-01 00:00:00') ON CONFLICT DO NOTHING;
INSERT INTO shopjoy_2604.sy_role_menu (role_menu_id, site_id, role_id, menu_id, perm_level, reg_by, reg_date) VALUES ('RM000140', 'SITE000001', 'RL000017', 'MN000043', 2, 'SYSTEM', '2026-01-01 00:00:00') ON CONFLICT DO NOTHING;
INSERT INTO shopjoy_2604.sy_role_menu (role_menu_id, site_id, role_id, menu_id, perm_level, reg_by, reg_date) VALUES ('RM000141', 'SITE000001', 'RL000017', 'MN000044', 2, 'SYSTEM', '2026-01-01 00:00:00') ON CONFLICT DO NOTHING;
INSERT INTO shopjoy_2604.sy_role_menu (role_menu_id, site_id, role_id, menu_id, perm_level, reg_by, reg_date) VALUES ('RM000142', 'SITE000001', 'RL000017', 'MN000045', 2, 'SYSTEM', '2026-01-01 00:00:00') ON CONFLICT DO NOTHING;
INSERT INTO shopjoy_2604.sy_role_menu (role_menu_id, site_id, role_id, menu_id, perm_level, reg_by, reg_date) VALUES ('RM000143', 'SITE000001', 'RL000017', 'MN000046', 2, 'SYSTEM', '2026-01-01 00:00:00') ON CONFLICT DO NOTHING;
INSERT INTO shopjoy_2604.sy_role_menu (role_menu_id, site_id, role_id, menu_id, perm_level, reg_by, reg_date) VALUES ('RM000144', 'SITE000001', 'RL000017', 'MN000047', 2, 'SYSTEM', '2026-01-01 00:00:00') ON CONFLICT DO NOTHING;
INSERT INTO shopjoy_2604.sy_role_menu (role_menu_id, site_id, role_id, menu_id, perm_level, reg_by, reg_date) VALUES ('RM000145', 'SITE000001', 'RL000017', 'MN000048', 2, 'SYSTEM', '2026-01-01 00:00:00') ON CONFLICT DO NOTHING;
INSERT INTO shopjoy_2604.sy_role_menu (role_menu_id, site_id, role_id, menu_id, perm_level, reg_by, reg_date) VALUES ('RM000146', 'SITE000001', 'RL000017', 'MN000049', 2, 'SYSTEM', '2026-01-01 00:00:00') ON CONFLICT DO NOTHING;
INSERT INTO shopjoy_2604.sy_role_menu (role_menu_id, site_id, role_id, menu_id, perm_level, reg_by, reg_date) VALUES ('RM000147', 'SITE000001', 'RL000017', 'MN000050', 2, 'SYSTEM', '2026-01-01 00:00:00') ON CONFLICT DO NOTHING;
INSERT INTO shopjoy_2604.sy_role_menu (role_menu_id, site_id, role_id, menu_id, perm_level, reg_by, reg_date) VALUES ('RM000148', 'SITE000001', 'RL000017', 'MN000051', 2, 'SYSTEM', '2026-01-01 00:00:00') ON CONFLICT DO NOTHING;
INSERT INTO shopjoy_2604.sy_role_menu (role_menu_id, site_id, role_id, menu_id, perm_level, reg_by, reg_date) VALUES ('RM000149', 'SITE000001', 'RL000017', 'MN000052', 2, 'SYSTEM', '2026-01-01 00:00:00') ON CONFLICT DO NOTHING;
INSERT INTO shopjoy_2604.sy_role_menu (role_menu_id, site_id, role_id, menu_id, perm_level, reg_by, reg_date) VALUES ('RM000150', 'SITE000001', 'RL000017', 'MN000053', 2, 'SYSTEM', '2026-01-01 00:00:00') ON CONFLICT DO NOTHING;
INSERT INTO shopjoy_2604.sy_role_menu (role_menu_id, site_id, role_id, menu_id, perm_level, reg_by, reg_date) VALUES ('RM000151', 'SITE000001', 'RL000017', 'MN000054', 2, 'SYSTEM', '2026-01-01 00:00:00') ON CONFLICT DO NOTHING;
INSERT INTO shopjoy_2604.sy_role_menu (role_menu_id, site_id, role_id, menu_id, perm_level, reg_by, reg_date) VALUES ('RM000152', 'SITE000001', 'RL000017', 'MN000055', 2, 'SYSTEM', '2026-01-01 00:00:00') ON CONFLICT DO NOTHING;
INSERT INTO shopjoy_2604.sy_role_menu (role_menu_id, site_id, role_id, menu_id, perm_level, reg_by, reg_date) VALUES ('RM000153', 'SITE000001', 'RL000017', 'MN000060', 2, 'SYSTEM', '2026-01-01 00:00:00') ON CONFLICT DO NOTHING;
INSERT INTO shopjoy_2604.sy_role_menu (role_menu_id, site_id, role_id, menu_id, perm_level, reg_by, reg_date) VALUES ('RM000154', 'SITE000001', 'RL000017', 'MN000061', 2, 'SYSTEM', '2026-01-01 00:00:00') ON CONFLICT DO NOTHING;
INSERT INTO shopjoy_2604.sy_role_menu (role_menu_id, site_id, role_id, menu_id, perm_level, reg_by, reg_date) VALUES ('RM000155', 'SITE000001', 'RL000017', 'MN000062', 2, 'SYSTEM', '2026-01-01 00:00:00') ON CONFLICT DO NOTHING;
INSERT INTO shopjoy_2604.sy_role_menu (role_menu_id, site_id, role_id, menu_id, perm_level, reg_by, reg_date) VALUES ('RM000156', 'SITE000001', 'RL000017', 'MN000063', 2, 'SYSTEM', '2026-01-01 00:00:00') ON CONFLICT DO NOTHING;
INSERT INTO shopjoy_2604.sy_role_menu (role_menu_id, site_id, role_id, menu_id, perm_level, reg_by, reg_date) VALUES ('RM000157', 'SITE000001', 'RL000018', 'MN000010', 2, 'SYSTEM', '2026-01-01 00:00:00') ON CONFLICT DO NOTHING;
INSERT INTO shopjoy_2604.sy_role_menu (role_menu_id, site_id, role_id, menu_id, perm_level, reg_by, reg_date) VALUES ('RM000158', 'SITE000001', 'RL000018', 'MN000011', 2, 'SYSTEM', '2026-01-01 00:00:00') ON CONFLICT DO NOTHING;
INSERT INTO shopjoy_2604.sy_role_menu (role_menu_id, site_id, role_id, menu_id, perm_level, reg_by, reg_date) VALUES ('RM000159', 'SITE000001', 'RL000018', 'MN000012', 2, 'SYSTEM', '2026-01-01 00:00:00') ON CONFLICT DO NOTHING;
INSERT INTO shopjoy_2604.sy_role_menu (role_menu_id, site_id, role_id, menu_id, perm_level, reg_by, reg_date) VALUES ('RM000160', 'SITE000001', 'RL000018', 'MN000020', 2, 'SYSTEM', '2026-01-01 00:00:00') ON CONFLICT DO NOTHING;
INSERT INTO shopjoy_2604.sy_role_menu (role_menu_id, site_id, role_id, menu_id, perm_level, reg_by, reg_date) VALUES ('RM000161', 'SITE000001', 'RL000018', 'MN000021', 2, 'SYSTEM', '2026-01-01 00:00:00') ON CONFLICT DO NOTHING;
INSERT INTO shopjoy_2604.sy_role_menu (role_menu_id, site_id, role_id, menu_id, perm_level, reg_by, reg_date) VALUES ('RM000162', 'SITE000001', 'RL000018', 'MN000022', 2, 'SYSTEM', '2026-01-01 00:00:00') ON CONFLICT DO NOTHING;
INSERT INTO shopjoy_2604.sy_role_menu (role_menu_id, site_id, role_id, menu_id, perm_level, reg_by, reg_date) VALUES ('RM000163', 'SITE000001', 'RL000018', 'MN000023', 2, 'SYSTEM', '2026-01-01 00:00:00') ON CONFLICT DO NOTHING;
INSERT INTO shopjoy_2604.sy_role_menu (role_menu_id, site_id, role_id, menu_id, perm_level, reg_by, reg_date) VALUES ('RM000164', 'SITE000001', 'RL000018', 'MN000040', 2, 'SYSTEM', '2026-01-01 00:00:00') ON CONFLICT DO NOTHING;
INSERT INTO shopjoy_2604.sy_role_menu (role_menu_id, site_id, role_id, menu_id, perm_level, reg_by, reg_date) VALUES ('RM000165', 'SITE000001', 'RL000018', 'MN000041', 2, 'SYSTEM', '2026-01-01 00:00:00') ON CONFLICT DO NOTHING;
INSERT INTO shopjoy_2604.sy_role_menu (role_menu_id, site_id, role_id, menu_id, perm_level, reg_by, reg_date) VALUES ('RM000166', 'SITE000001', 'RL000018', 'MN000042', 2, 'SYSTEM', '2026-01-01 00:00:00') ON CONFLICT DO NOTHING;
INSERT INTO shopjoy_2604.sy_role_menu (role_menu_id, site_id, role_id, menu_id, perm_level, reg_by, reg_date) VALUES ('RM000167', 'SITE000001', 'RL000018', 'MN000043', 2, 'SYSTEM', '2026-01-01 00:00:00') ON CONFLICT DO NOTHING;
INSERT INTO shopjoy_2604.sy_role_menu (role_menu_id, site_id, role_id, menu_id, perm_level, reg_by, reg_date) VALUES ('RM000168', 'SITE000001', 'RL000018', 'MN000044', 2, 'SYSTEM', '2026-01-01 00:00:00') ON CONFLICT DO NOTHING;
INSERT INTO shopjoy_2604.sy_role_menu (role_menu_id, site_id, role_id, menu_id, perm_level, reg_by, reg_date) VALUES ('RM000169', 'SITE000001', 'RL000018', 'MN000045', 2, 'SYSTEM', '2026-01-01 00:00:00') ON CONFLICT DO NOTHING;
INSERT INTO shopjoy_2604.sy_role_menu (role_menu_id, site_id, role_id, menu_id, perm_level, reg_by, reg_date) VALUES ('RM000170', 'SITE000001', 'RL000018', 'MN000046', 2, 'SYSTEM', '2026-01-01 00:00:00') ON CONFLICT DO NOTHING;
INSERT INTO shopjoy_2604.sy_role_menu (role_menu_id, site_id, role_id, menu_id, perm_level, reg_by, reg_date) VALUES ('RM000171', 'SITE000001', 'RL000018', 'MN000047', 2, 'SYSTEM', '2026-01-01 00:00:00') ON CONFLICT DO NOTHING;
INSERT INTO shopjoy_2604.sy_role_menu (role_menu_id, site_id, role_id, menu_id, perm_level, reg_by, reg_date) VALUES ('RM000172', 'SITE000001', 'RL000018', 'MN000048', 2, 'SYSTEM', '2026-01-01 00:00:00') ON CONFLICT DO NOTHING;
INSERT INTO shopjoy_2604.sy_role_menu (role_menu_id, site_id, role_id, menu_id, perm_level, reg_by, reg_date) VALUES ('RM000173', 'SITE000001', 'RL000018', 'MN000049', 2, 'SYSTEM', '2026-01-01 00:00:00') ON CONFLICT DO NOTHING;
INSERT INTO shopjoy_2604.sy_role_menu (role_menu_id, site_id, role_id, menu_id, perm_level, reg_by, reg_date) VALUES ('RM000174', 'SITE000001', 'RL000018', 'MN000050', 2, 'SYSTEM', '2026-01-01 00:00:00') ON CONFLICT DO NOTHING;
INSERT INTO shopjoy_2604.sy_role_menu (role_menu_id, site_id, role_id, menu_id, perm_level, reg_by, reg_date) VALUES ('RM000175', 'SITE000001', 'RL000018', 'MN000051', 2, 'SYSTEM', '2026-01-01 00:00:00') ON CONFLICT DO NOTHING;
INSERT INTO shopjoy_2604.sy_role_menu (role_menu_id, site_id, role_id, menu_id, perm_level, reg_by, reg_date) VALUES ('RM000176', 'SITE000001', 'RL000018', 'MN000052', 2, 'SYSTEM', '2026-01-01 00:00:00') ON CONFLICT DO NOTHING;
INSERT INTO shopjoy_2604.sy_role_menu (role_menu_id, site_id, role_id, menu_id, perm_level, reg_by, reg_date) VALUES ('RM000177', 'SITE000001', 'RL000018', 'MN000053', 2, 'SYSTEM', '2026-01-01 00:00:00') ON CONFLICT DO NOTHING;
INSERT INTO shopjoy_2604.sy_role_menu (role_menu_id, site_id, role_id, menu_id, perm_level, reg_by, reg_date) VALUES ('RM000178', 'SITE000001', 'RL000018', 'MN000054', 2, 'SYSTEM', '2026-01-01 00:00:00') ON CONFLICT DO NOTHING;
INSERT INTO shopjoy_2604.sy_role_menu (role_menu_id, site_id, role_id, menu_id, perm_level, reg_by, reg_date) VALUES ('RM000179', 'SITE000001', 'RL000018', 'MN000055', 2, 'SYSTEM', '2026-01-01 00:00:00') ON CONFLICT DO NOTHING;
INSERT INTO shopjoy_2604.sy_role_menu (role_menu_id, site_id, role_id, menu_id, perm_level, reg_by, reg_date) VALUES ('RM000180', 'SITE000001', 'RL000003', 'MN000010', 2, 'SYSTEM', '2026-01-01 00:00:00') ON CONFLICT DO NOTHING;
INSERT INTO shopjoy_2604.sy_role_menu (role_menu_id, site_id, role_id, menu_id, perm_level, reg_by, reg_date) VALUES ('RM000181', 'SITE000001', 'RL000003', 'MN000011', 2, 'SYSTEM', '2026-01-01 00:00:00') ON CONFLICT DO NOTHING;
INSERT INTO shopjoy_2604.sy_role_menu (role_menu_id, site_id, role_id, menu_id, perm_level, reg_by, reg_date) VALUES ('RM000182', 'SITE000001', 'RL000003', 'MN000012', 2, 'SYSTEM', '2026-01-01 00:00:00') ON CONFLICT DO NOTHING;
INSERT INTO shopjoy_2604.sy_role_menu (role_menu_id, site_id, role_id, menu_id, perm_level, reg_by, reg_date) VALUES ('RM000183', 'SITE000001', 'RL000004', 'MN000020', 2, 'SYSTEM', '2026-01-01 00:00:00') ON CONFLICT DO NOTHING;
INSERT INTO shopjoy_2604.sy_role_menu (role_menu_id, site_id, role_id, menu_id, perm_level, reg_by, reg_date) VALUES ('RM000184', 'SITE000001', 'RL000004', 'MN000021', 2, 'SYSTEM', '2026-01-01 00:00:00') ON CONFLICT DO NOTHING;
INSERT INTO shopjoy_2604.sy_role_menu (role_menu_id, site_id, role_id, menu_id, perm_level, reg_by, reg_date) VALUES ('RM000185', 'SITE000001', 'RL000004', 'MN000022', 2, 'SYSTEM', '2026-01-01 00:00:00') ON CONFLICT DO NOTHING;
INSERT INTO shopjoy_2604.sy_role_menu (role_menu_id, site_id, role_id, menu_id, perm_level, reg_by, reg_date) VALUES ('RM000186', 'SITE000001', 'RL000004', 'MN000023', 2, 'SYSTEM', '2026-01-01 00:00:00') ON CONFLICT DO NOTHING;
INSERT INTO shopjoy_2604.sy_role_menu (role_menu_id, site_id, role_id, menu_id, perm_level, reg_by, reg_date) VALUES ('RM000187', 'SITE000001', 'RL000005', 'MN000060', 2, 'SYSTEM', '2026-01-01 00:00:00') ON CONFLICT DO NOTHING;
INSERT INTO shopjoy_2604.sy_role_menu (role_menu_id, site_id, role_id, menu_id, perm_level, reg_by, reg_date) VALUES ('RM000188', 'SITE000001', 'RL000005', 'MN000061', 2, 'SYSTEM', '2026-01-01 00:00:00') ON CONFLICT DO NOTHING;
INSERT INTO shopjoy_2604.sy_role_menu (role_menu_id, site_id, role_id, menu_id, perm_level, reg_by, reg_date) VALUES ('RM000189', 'SITE000001', 'RL000005', 'MN000062', 2, 'SYSTEM', '2026-01-01 00:00:00') ON CONFLICT DO NOTHING;
INSERT INTO shopjoy_2604.sy_role_menu (role_menu_id, site_id, role_id, menu_id, perm_level, reg_by, reg_date) VALUES ('RM000190', 'SITE000001', 'RL000005', 'MN000063', 2, 'SYSTEM', '2026-01-01 00:00:00') ON CONFLICT DO NOTHING;
INSERT INTO shopjoy_2604.sy_role_menu (role_menu_id, site_id, role_id, menu_id, perm_level, reg_by, reg_date) VALUES ('RM000191', 'SITE000001', 'RL000006', 'MN000030', 2, 'SYSTEM', '2026-01-01 00:00:00') ON CONFLICT DO NOTHING;
INSERT INTO shopjoy_2604.sy_role_menu (role_menu_id, site_id, role_id, menu_id, perm_level, reg_by, reg_date) VALUES ('RM000192', 'SITE000001', 'RL000006', 'MN000031', 2, 'SYSTEM', '2026-01-01 00:00:00') ON CONFLICT DO NOTHING;
INSERT INTO shopjoy_2604.sy_role_menu (role_menu_id, site_id, role_id, menu_id, perm_level, reg_by, reg_date) VALUES ('RM000193', 'SITE000001', 'RL000006', 'MN000032', 2, 'SYSTEM', '2026-01-01 00:00:00') ON CONFLICT DO NOTHING;
INSERT INTO shopjoy_2604.sy_role_menu (role_menu_id, site_id, role_id, menu_id, perm_level, reg_by, reg_date) VALUES ('RM000194', 'SITE000001', 'RL000006', 'MN000033', 2, 'SYSTEM', '2026-01-01 00:00:00') ON CONFLICT DO NOTHING;
INSERT INTO shopjoy_2604.sy_role_menu (role_menu_id, site_id, role_id, menu_id, perm_level, reg_by, reg_date) VALUES ('RM000195', 'SITE000001', 'RL000007', 'MN000001', 1, 'SYSTEM', '2026-01-01 00:00:00') ON CONFLICT DO NOTHING;
INSERT INTO shopjoy_2604.sy_role_menu (role_menu_id, site_id, role_id, menu_id, perm_level, reg_by, reg_date) VALUES ('RM000196', 'SITE000001', 'RL000007', 'MN000002', 1, 'SYSTEM', '2026-01-01 00:00:00') ON CONFLICT DO NOTHING;
INSERT INTO shopjoy_2604.sy_role_menu (role_menu_id, site_id, role_id, menu_id, perm_level, reg_by, reg_date) VALUES ('RM000197', 'SITE000001', 'RL000007', 'MN000010', 1, 'SYSTEM', '2026-01-01 00:00:00') ON CONFLICT DO NOTHING;
INSERT INTO shopjoy_2604.sy_role_menu (role_menu_id, site_id, role_id, menu_id, perm_level, reg_by, reg_date) VALUES ('RM000198', 'SITE000001', 'RL000007', 'MN000011', 1, 'SYSTEM', '2026-01-01 00:00:00') ON CONFLICT DO NOTHING;
INSERT INTO shopjoy_2604.sy_role_menu (role_menu_id, site_id, role_id, menu_id, perm_level, reg_by, reg_date) VALUES ('RM000199', 'SITE000001', 'RL000007', 'MN000012', 1, 'SYSTEM', '2026-01-01 00:00:00') ON CONFLICT DO NOTHING;
INSERT INTO shopjoy_2604.sy_role_menu (role_menu_id, site_id, role_id, menu_id, perm_level, reg_by, reg_date) VALUES ('RM000200', 'SITE000001', 'RL000007', 'MN000020', 1, 'SYSTEM', '2026-01-01 00:00:00') ON CONFLICT DO NOTHING;
INSERT INTO shopjoy_2604.sy_role_menu (role_menu_id, site_id, role_id, menu_id, perm_level, reg_by, reg_date) VALUES ('RM000201', 'SITE000001', 'RL000007', 'MN000021', 1, 'SYSTEM', '2026-01-01 00:00:00') ON CONFLICT DO NOTHING;
INSERT INTO shopjoy_2604.sy_role_menu (role_menu_id, site_id, role_id, menu_id, perm_level, reg_by, reg_date) VALUES ('RM000202', 'SITE000001', 'RL000007', 'MN000022', 1, 'SYSTEM', '2026-01-01 00:00:00') ON CONFLICT DO NOTHING;
INSERT INTO shopjoy_2604.sy_role_menu (role_menu_id, site_id, role_id, menu_id, perm_level, reg_by, reg_date) VALUES ('RM000203', 'SITE000001', 'RL000007', 'MN000023', 1, 'SYSTEM', '2026-01-01 00:00:00') ON CONFLICT DO NOTHING;
INSERT INTO shopjoy_2604.sy_role_menu (role_menu_id, site_id, role_id, menu_id, perm_level, reg_by, reg_date) VALUES ('RM000204', 'SITE000001', 'RL000007', 'MN000030', 1, 'SYSTEM', '2026-01-01 00:00:00') ON CONFLICT DO NOTHING;
INSERT INTO shopjoy_2604.sy_role_menu (role_menu_id, site_id, role_id, menu_id, perm_level, reg_by, reg_date) VALUES ('RM000205', 'SITE000001', 'RL000007', 'MN000031', 1, 'SYSTEM', '2026-01-01 00:00:00') ON CONFLICT DO NOTHING;
INSERT INTO shopjoy_2604.sy_role_menu (role_menu_id, site_id, role_id, menu_id, perm_level, reg_by, reg_date) VALUES ('RM000206', 'SITE000001', 'RL000007', 'MN000032', 1, 'SYSTEM', '2026-01-01 00:00:00') ON CONFLICT DO NOTHING;
INSERT INTO shopjoy_2604.sy_role_menu (role_menu_id, site_id, role_id, menu_id, perm_level, reg_by, reg_date) VALUES ('RM000207', 'SITE000001', 'RL000007', 'MN000033', 1, 'SYSTEM', '2026-01-01 00:00:00') ON CONFLICT DO NOTHING;
INSERT INTO shopjoy_2604.sy_role_menu (role_menu_id, site_id, role_id, menu_id, perm_level, reg_by, reg_date) VALUES ('RM000208', 'SITE000001', 'RL000007', 'MN000040', 1, 'SYSTEM', '2026-01-01 00:00:00') ON CONFLICT DO NOTHING;
INSERT INTO shopjoy_2604.sy_role_menu (role_menu_id, site_id, role_id, menu_id, perm_level, reg_by, reg_date) VALUES ('RM000209', 'SITE000001', 'RL000007', 'MN000041', 1, 'SYSTEM', '2026-01-01 00:00:00') ON CONFLICT DO NOTHING;
INSERT INTO shopjoy_2604.sy_role_menu (role_menu_id, site_id, role_id, menu_id, perm_level, reg_by, reg_date) VALUES ('RM000210', 'SITE000001', 'RL000007', 'MN000042', 1, 'SYSTEM', '2026-01-01 00:00:00') ON CONFLICT DO NOTHING;
INSERT INTO shopjoy_2604.sy_role_menu (role_menu_id, site_id, role_id, menu_id, perm_level, reg_by, reg_date) VALUES ('RM000211', 'SITE000001', 'RL000007', 'MN000043', 1, 'SYSTEM', '2026-01-01 00:00:00') ON CONFLICT DO NOTHING;
INSERT INTO shopjoy_2604.sy_role_menu (role_menu_id, site_id, role_id, menu_id, perm_level, reg_by, reg_date) VALUES ('RM000212', 'SITE000001', 'RL000007', 'MN000044', 1, 'SYSTEM', '2026-01-01 00:00:00') ON CONFLICT DO NOTHING;
INSERT INTO shopjoy_2604.sy_role_menu (role_menu_id, site_id, role_id, menu_id, perm_level, reg_by, reg_date) VALUES ('RM000213', 'SITE000001', 'RL000007', 'MN000045', 1, 'SYSTEM', '2026-01-01 00:00:00') ON CONFLICT DO NOTHING;
INSERT INTO shopjoy_2604.sy_role_menu (role_menu_id, site_id, role_id, menu_id, perm_level, reg_by, reg_date) VALUES ('RM000214', 'SITE000001', 'RL000007', 'MN000046', 1, 'SYSTEM', '2026-01-01 00:00:00') ON CONFLICT DO NOTHING;
INSERT INTO shopjoy_2604.sy_role_menu (role_menu_id, site_id, role_id, menu_id, perm_level, reg_by, reg_date) VALUES ('RM000215', 'SITE000001', 'RL000007', 'MN000047', 1, 'SYSTEM', '2026-01-01 00:00:00') ON CONFLICT DO NOTHING;
INSERT INTO shopjoy_2604.sy_role_menu (role_menu_id, site_id, role_id, menu_id, perm_level, reg_by, reg_date) VALUES ('RM000216', 'SITE000001', 'RL000007', 'MN000048', 1, 'SYSTEM', '2026-01-01 00:00:00') ON CONFLICT DO NOTHING;
INSERT INTO shopjoy_2604.sy_role_menu (role_menu_id, site_id, role_id, menu_id, perm_level, reg_by, reg_date) VALUES ('RM000217', 'SITE000001', 'RL000007', 'MN000049', 1, 'SYSTEM', '2026-01-01 00:00:00') ON CONFLICT DO NOTHING;
INSERT INTO shopjoy_2604.sy_role_menu (role_menu_id, site_id, role_id, menu_id, perm_level, reg_by, reg_date) VALUES ('RM000218', 'SITE000001', 'RL000007', 'MN000050', 1, 'SYSTEM', '2026-01-01 00:00:00') ON CONFLICT DO NOTHING;
INSERT INTO shopjoy_2604.sy_role_menu (role_menu_id, site_id, role_id, menu_id, perm_level, reg_by, reg_date) VALUES ('RM000219', 'SITE000001', 'RL000007', 'MN000051', 1, 'SYSTEM', '2026-01-01 00:00:00') ON CONFLICT DO NOTHING;
INSERT INTO shopjoy_2604.sy_role_menu (role_menu_id, site_id, role_id, menu_id, perm_level, reg_by, reg_date) VALUES ('RM000220', 'SITE000001', 'RL000007', 'MN000052', 1, 'SYSTEM', '2026-01-01 00:00:00') ON CONFLICT DO NOTHING;
INSERT INTO shopjoy_2604.sy_role_menu (role_menu_id, site_id, role_id, menu_id, perm_level, reg_by, reg_date) VALUES ('RM000221', 'SITE000001', 'RL000007', 'MN000053', 1, 'SYSTEM', '2026-01-01 00:00:00') ON CONFLICT DO NOTHING;
INSERT INTO shopjoy_2604.sy_role_menu (role_menu_id, site_id, role_id, menu_id, perm_level, reg_by, reg_date) VALUES ('RM000222', 'SITE000001', 'RL000007', 'MN000054', 1, 'SYSTEM', '2026-01-01 00:00:00') ON CONFLICT DO NOTHING;
INSERT INTO shopjoy_2604.sy_role_menu (role_menu_id, site_id, role_id, menu_id, perm_level, reg_by, reg_date) VALUES ('RM000223', 'SITE000001', 'RL000007', 'MN000055', 1, 'SYSTEM', '2026-01-01 00:00:00') ON CONFLICT DO NOTHING;
INSERT INTO shopjoy_2604.sy_role_menu (role_menu_id, site_id, role_id, menu_id, perm_level, reg_by, reg_date) VALUES ('RM000224', 'SITE000001', 'RL000007', 'MN000060', 1, 'SYSTEM', '2026-01-01 00:00:00') ON CONFLICT DO NOTHING;
INSERT INTO shopjoy_2604.sy_role_menu (role_menu_id, site_id, role_id, menu_id, perm_level, reg_by, reg_date) VALUES ('RM000225', 'SITE000001', 'RL000007', 'MN000061', 1, 'SYSTEM', '2026-01-01 00:00:00') ON CONFLICT DO NOTHING;
INSERT INTO shopjoy_2604.sy_role_menu (role_menu_id, site_id, role_id, menu_id, perm_level, reg_by, reg_date) VALUES ('RM000226', 'SITE000001', 'RL000007', 'MN000062', 1, 'SYSTEM', '2026-01-01 00:00:00') ON CONFLICT DO NOTHING;
INSERT INTO shopjoy_2604.sy_role_menu (role_menu_id, site_id, role_id, menu_id, perm_level, reg_by, reg_date) VALUES ('RM000227', 'SITE000001', 'RL000007', 'MN000063', 1, 'SYSTEM', '2026-01-01 00:00:00') ON CONFLICT DO NOTHING;
INSERT INTO shopjoy_2604.sy_role_menu (role_menu_id, site_id, role_id, menu_id, perm_level, reg_by, reg_date) VALUES ('RM000228', 'SITE000001', 'RL000007', 'MN000070', 1, 'SYSTEM', '2026-01-01 00:00:00') ON CONFLICT DO NOTHING;
INSERT INTO shopjoy_2604.sy_role_menu (role_menu_id, site_id, role_id, menu_id, perm_level, reg_by, reg_date) VALUES ('RM000229', 'SITE000001', 'RL000007', 'MN000071', 1, 'SYSTEM', '2026-01-01 00:00:00') ON CONFLICT DO NOTHING;
INSERT INTO shopjoy_2604.sy_role_menu (role_menu_id, site_id, role_id, menu_id, perm_level, reg_by, reg_date) VALUES ('RM000230', 'SITE000001', 'RL000007', 'MN000072', 1, 'SYSTEM', '2026-01-01 00:00:00') ON CONFLICT DO NOTHING;
INSERT INTO shopjoy_2604.sy_role_menu (role_menu_id, site_id, role_id, menu_id, perm_level, reg_by, reg_date) VALUES ('RM000231', 'SITE000001', 'RL000007', 'MN000073', 1, 'SYSTEM', '2026-01-01 00:00:00') ON CONFLICT DO NOTHING;
INSERT INTO shopjoy_2604.sy_role_menu (role_menu_id, site_id, role_id, menu_id, perm_level, reg_by, reg_date) VALUES ('RM000232', 'SITE000001', 'RL000007', 'MN000074', 1, 'SYSTEM', '2026-01-01 00:00:00') ON CONFLICT DO NOTHING;
INSERT INTO shopjoy_2604.sy_role_menu (role_menu_id, site_id, role_id, menu_id, perm_level, reg_by, reg_date) VALUES ('RM000233', 'SITE000001', 'RL000007', 'MN000075', 1, 'SYSTEM', '2026-01-01 00:00:00') ON CONFLICT DO NOTHING;
INSERT INTO shopjoy_2604.sy_role_menu (role_menu_id, site_id, role_id, menu_id, perm_level, reg_by, reg_date) VALUES ('RM000234', 'SITE000001', 'RL000007', 'MN000076', 1, 'SYSTEM', '2026-01-01 00:00:00') ON CONFLICT DO NOTHING;
INSERT INTO shopjoy_2604.sy_role_menu (role_menu_id, site_id, role_id, menu_id, perm_level, reg_by, reg_date) VALUES ('RM000235', 'SITE000001', 'RL000007', 'MN000077', 1, 'SYSTEM', '2026-01-01 00:00:00') ON CONFLICT DO NOTHING;
INSERT INTO shopjoy_2604.sy_role_menu (role_menu_id, site_id, role_id, menu_id, perm_level, reg_by, reg_date) VALUES ('RM000236', 'SITE000001', 'RL000007', 'MN000078', 1, 'SYSTEM', '2026-01-01 00:00:00') ON CONFLICT DO NOTHING;
INSERT INTO shopjoy_2604.sy_role_menu (role_menu_id, site_id, role_id, menu_id, perm_level, reg_by, reg_date) VALUES ('RM000237', 'SITE000001', 'RL000007', 'MN000079', 1, 'SYSTEM', '2026-01-01 00:00:00') ON CONFLICT DO NOTHING;
INSERT INTO shopjoy_2604.sy_role_menu (role_menu_id, site_id, role_id, menu_id, perm_level, reg_by, reg_date) VALUES ('RM000238', 'SITE000001', 'RL000007', 'MN000080', 1, 'SYSTEM', '2026-01-01 00:00:00') ON CONFLICT DO NOTHING;
INSERT INTO shopjoy_2604.sy_role_menu (role_menu_id, site_id, role_id, menu_id, perm_level, reg_by, reg_date) VALUES ('RM000239', 'SITE000001', 'RL000007', 'MN000081', 1, 'SYSTEM', '2026-01-01 00:00:00') ON CONFLICT DO NOTHING;
INSERT INTO shopjoy_2604.sy_role_menu (role_menu_id, site_id, role_id, menu_id, perm_level, reg_by, reg_date) VALUES ('RM000240', 'SITE000001', 'RL000007', 'MN000082', 1, 'SYSTEM', '2026-01-01 00:00:00') ON CONFLICT DO NOTHING;
INSERT INTO shopjoy_2604.sy_role_menu (role_menu_id, site_id, role_id, menu_id, perm_level, reg_by, reg_date) VALUES ('RM000241', 'SITE000001', 'RL000007', 'MN000083', 1, 'SYSTEM', '2026-01-01 00:00:00') ON CONFLICT DO NOTHING;
INSERT INTO shopjoy_2604.sy_role_menu (role_menu_id, site_id, role_id, menu_id, perm_level, reg_by, reg_date) VALUES ('RM000242', 'SITE000001', 'RL000007', 'MN000084', 1, 'SYSTEM', '2026-01-01 00:00:00') ON CONFLICT DO NOTHING;
INSERT INTO shopjoy_2604.sy_role_menu (role_menu_id, site_id, role_id, menu_id, perm_level, reg_by, reg_date) VALUES ('RM000243', 'SITE000001', 'RL000007', 'MN000085', 1, 'SYSTEM', '2026-01-01 00:00:00') ON CONFLICT DO NOTHING;
INSERT INTO shopjoy_2604.sy_role_menu (role_menu_id, site_id, role_id, menu_id, perm_level, reg_by, reg_date) VALUES ('RM000244', 'SITE000001', 'RL000007', 'MN000086', 1, 'SYSTEM', '2026-01-01 00:00:00') ON CONFLICT DO NOTHING;
INSERT INTO shopjoy_2604.sy_role_menu (role_menu_id, site_id, role_id, menu_id, perm_level, reg_by, reg_date) VALUES ('RM000245', 'SITE000001', 'RL000007', 'MN000087', 1, 'SYSTEM', '2026-01-01 00:00:00') ON CONFLICT DO NOTHING;
INSERT INTO shopjoy_2604.sy_role_menu (role_menu_id, site_id, role_id, menu_id, perm_level, reg_by, reg_date) VALUES ('RM000246', 'SITE000001', 'RL000007', 'MN000088', 1, 'SYSTEM', '2026-01-01 00:00:00') ON CONFLICT DO NOTHING;
INSERT INTO shopjoy_2604.sy_role_menu (role_menu_id, site_id, role_id, menu_id, perm_level, reg_by, reg_date) VALUES ('RM000247', 'SITE000001', 'RL000007', 'MN000089', 1, 'SYSTEM', '2026-01-01 00:00:00') ON CONFLICT DO NOTHING;
INSERT INTO shopjoy_2604.sy_role_menu (role_menu_id, site_id, role_id, menu_id, perm_level, reg_by, reg_date) VALUES ('RM000248', 'SITE000001', 'RL000007', 'MN000090', 1, 'SYSTEM', '2026-01-01 00:00:00') ON CONFLICT DO NOTHING;
INSERT INTO shopjoy_2604.sy_role_menu (role_menu_id, site_id, role_id, menu_id, perm_level, reg_by, reg_date) VALUES ('RM000249', 'SITE000001', 'RL000007', 'MN000091', 1, 'SYSTEM', '2026-01-01 00:00:00') ON CONFLICT DO NOTHING;
INSERT INTO shopjoy_2604.sy_role_menu (role_menu_id, site_id, role_id, menu_id, perm_level, reg_by, reg_date) VALUES ('RM000250', 'SITE000001', 'RL000007', 'MN000092', 1, 'SYSTEM', '2026-01-01 00:00:00') ON CONFLICT DO NOTHING;
INSERT INTO shopjoy_2604.sy_role_menu (role_menu_id, site_id, role_id, menu_id, perm_level, reg_by, reg_date) VALUES ('RM000251', 'SITE000001', 'RL000007', 'MN000093', 1, 'SYSTEM', '2026-01-01 00:00:00') ON CONFLICT DO NOTHING;
INSERT INTO shopjoy_2604.sy_role_menu (role_menu_id, site_id, role_id, menu_id, perm_level, reg_by, reg_date) VALUES ('RM000252', 'SITE000001', 'RL000007', 'MN000094', 1, 'SYSTEM', '2026-01-01 00:00:00') ON CONFLICT DO NOTHING;
INSERT INTO shopjoy_2604.sy_role_menu (role_menu_id, site_id, role_id, menu_id, perm_level, reg_by, reg_date) VALUES ('RM000253', 'SITE000001', 'RL000007', 'MN000095', 1, 'SYSTEM', '2026-01-01 00:00:00') ON CONFLICT DO NOTHING;
INSERT INTO shopjoy_2604.sy_role_menu (role_menu_id, site_id, role_id, menu_id, perm_level, reg_by, reg_date) VALUES ('RM000254', 'SITE000001', 'RL000007', 'MN000096', 1, 'SYSTEM', '2026-01-01 00:00:00') ON CONFLICT DO NOTHING;
INSERT INTO shopjoy_2604.sy_role_menu (role_menu_id, site_id, role_id, menu_id, perm_level, reg_by, reg_date) VALUES ('RM000255', 'SITE000001', 'RL000027', 'MN000060', 1, 'SYSTEM', '2026-01-01 00:00:00') ON CONFLICT DO NOTHING;
INSERT INTO shopjoy_2604.sy_role_menu (role_menu_id, site_id, role_id, menu_id, perm_level, reg_by, reg_date) VALUES ('RM000256', 'SITE000001', 'RL000027', 'MN000061', 1, 'SYSTEM', '2026-01-01 00:00:00') ON CONFLICT DO NOTHING;
INSERT INTO shopjoy_2604.sy_role_menu (role_menu_id, site_id, role_id, menu_id, perm_level, reg_by, reg_date) VALUES ('RM000257', 'SITE000001', 'RL000027', 'MN000062', 1, 'SYSTEM', '2026-01-01 00:00:00') ON CONFLICT DO NOTHING;
INSERT INTO shopjoy_2604.sy_role_menu (role_menu_id, site_id, role_id, menu_id, perm_level, reg_by, reg_date) VALUES ('RM000258', 'SITE000001', 'RL000027', 'MN000063', 1, 'SYSTEM', '2026-01-01 00:00:00') ON CONFLICT DO NOTHING;
INSERT INTO shopjoy_2604.sy_role_menu (role_menu_id, site_id, role_id, menu_id, perm_level, reg_by, reg_date) VALUES ('RM000259', 'SITE000001', 'RL000010', 'MN000010', 1, 'SYSTEM', '2026-01-01 00:00:00') ON CONFLICT DO NOTHING;
INSERT INTO shopjoy_2604.sy_role_menu (role_menu_id, site_id, role_id, menu_id, perm_level, reg_by, reg_date) VALUES ('RM000260', 'SITE000001', 'RL000010', 'MN000011', 1, 'SYSTEM', '2026-01-01 00:00:00') ON CONFLICT DO NOTHING;
INSERT INTO shopjoy_2604.sy_role_menu (role_menu_id, site_id, role_id, menu_id, perm_level, reg_by, reg_date) VALUES ('RM000261', 'SITE000001', 'RL000010', 'MN000012', 1, 'SYSTEM', '2026-01-01 00:00:00') ON CONFLICT DO NOTHING;
INSERT INTO shopjoy_2604.sy_role_menu (role_menu_id, site_id, role_id, menu_id, perm_level, reg_by, reg_date) VALUES ('RM000262', 'SITE000001', 'RL000010', 'MN000020', 1, 'SYSTEM', '2026-01-01 00:00:00') ON CONFLICT DO NOTHING;
INSERT INTO shopjoy_2604.sy_role_menu (role_menu_id, site_id, role_id, menu_id, perm_level, reg_by, reg_date) VALUES ('RM000263', 'SITE000001', 'RL000010', 'MN000021', 1, 'SYSTEM', '2026-01-01 00:00:00') ON CONFLICT DO NOTHING;
INSERT INTO shopjoy_2604.sy_role_menu (role_menu_id, site_id, role_id, menu_id, perm_level, reg_by, reg_date) VALUES ('RM000264', 'SITE000001', 'RL000010', 'MN000022', 1, 'SYSTEM', '2026-01-01 00:00:00') ON CONFLICT DO NOTHING;
INSERT INTO shopjoy_2604.sy_role_menu (role_menu_id, site_id, role_id, menu_id, perm_level, reg_by, reg_date) VALUES ('RM000265', 'SITE000001', 'RL000010', 'MN000023', 1, 'SYSTEM', '2026-01-01 00:00:00') ON CONFLICT DO NOTHING;
INSERT INTO shopjoy_2604.sy_role_menu (role_menu_id, site_id, role_id, menu_id, perm_level, reg_by, reg_date) VALUES ('RM000266', 'SITE000001', 'RL000010', 'MN000030', 1, 'SYSTEM', '2026-01-01 00:00:00') ON CONFLICT DO NOTHING;
INSERT INTO shopjoy_2604.sy_role_menu (role_menu_id, site_id, role_id, menu_id, perm_level, reg_by, reg_date) VALUES ('RM000267', 'SITE000001', 'RL000010', 'MN000031', 1, 'SYSTEM', '2026-01-01 00:00:00') ON CONFLICT DO NOTHING;
INSERT INTO shopjoy_2604.sy_role_menu (role_menu_id, site_id, role_id, menu_id, perm_level, reg_by, reg_date) VALUES ('RM000268', 'SITE000001', 'RL000010', 'MN000032', 1, 'SYSTEM', '2026-01-01 00:00:00') ON CONFLICT DO NOTHING;
INSERT INTO shopjoy_2604.sy_role_menu (role_menu_id, site_id, role_id, menu_id, perm_level, reg_by, reg_date) VALUES ('RM000269', 'SITE000001', 'RL000010', 'MN000033', 1, 'SYSTEM', '2026-01-01 00:00:00') ON CONFLICT DO NOTHING;
INSERT INTO shopjoy_2604.sy_role_menu (role_menu_id, site_id, role_id, menu_id, perm_level, reg_by, reg_date) VALUES ('RM000270', 'SITE000001', 'RL000011', 'MN000010', 1, 'SYSTEM', '2026-01-01 00:00:00') ON CONFLICT DO NOTHING;
INSERT INTO shopjoy_2604.sy_role_menu (role_menu_id, site_id, role_id, menu_id, perm_level, reg_by, reg_date) VALUES ('RM000271', 'SITE000001', 'RL000011', 'MN000011', 1, 'SYSTEM', '2026-01-01 00:00:00') ON CONFLICT DO NOTHING;
INSERT INTO shopjoy_2604.sy_role_menu (role_menu_id, site_id, role_id, menu_id, perm_level, reg_by, reg_date) VALUES ('RM000272', 'SITE000001', 'RL000011', 'MN000012', 1, 'SYSTEM', '2026-01-01 00:00:00') ON CONFLICT DO NOTHING;
INSERT INTO shopjoy_2604.sy_role_menu (role_menu_id, site_id, role_id, menu_id, perm_level, reg_by, reg_date) VALUES ('RM000273', 'SITE000001', 'RL000011', 'MN000020', 1, 'SYSTEM', '2026-01-01 00:00:00') ON CONFLICT DO NOTHING;
INSERT INTO shopjoy_2604.sy_role_menu (role_menu_id, site_id, role_id, menu_id, perm_level, reg_by, reg_date) VALUES ('RM000274', 'SITE000001', 'RL000011', 'MN000021', 1, 'SYSTEM', '2026-01-01 00:00:00') ON CONFLICT DO NOTHING;
INSERT INTO shopjoy_2604.sy_role_menu (role_menu_id, site_id, role_id, menu_id, perm_level, reg_by, reg_date) VALUES ('RM000275', 'SITE000001', 'RL000011', 'MN000022', 1, 'SYSTEM', '2026-01-01 00:00:00') ON CONFLICT DO NOTHING;
INSERT INTO shopjoy_2604.sy_role_menu (role_menu_id, site_id, role_id, menu_id, perm_level, reg_by, reg_date) VALUES ('RM000276', 'SITE000001', 'RL000011', 'MN000023', 1, 'SYSTEM', '2026-01-01 00:00:00') ON CONFLICT DO NOTHING;
INSERT INTO shopjoy_2604.sy_role_menu (role_menu_id, site_id, role_id, menu_id, perm_level, reg_by, reg_date) VALUES ('RM000277', 'SITE000001', 'RL000012', 'MN000010', 2, 'SYSTEM', '2026-01-01 00:00:00') ON CONFLICT DO NOTHING;
INSERT INTO shopjoy_2604.sy_role_menu (role_menu_id, site_id, role_id, menu_id, perm_level, reg_by, reg_date) VALUES ('RM000278', 'SITE000001', 'RL000012', 'MN000011', 2, 'SYSTEM', '2026-01-01 00:00:00') ON CONFLICT DO NOTHING;
INSERT INTO shopjoy_2604.sy_role_menu (role_menu_id, site_id, role_id, menu_id, perm_level, reg_by, reg_date) VALUES ('RM000279', 'SITE000001', 'RL000012', 'MN000012', 2, 'SYSTEM', '2026-01-01 00:00:00') ON CONFLICT DO NOTHING;
INSERT INTO shopjoy_2604.sy_role_menu (role_menu_id, site_id, role_id, menu_id, perm_level, reg_by, reg_date) VALUES ('RM000280', 'SITE000001', 'RL000012', 'MN000020', 2, 'SYSTEM', '2026-01-01 00:00:00') ON CONFLICT DO NOTHING;
INSERT INTO shopjoy_2604.sy_role_menu (role_menu_id, site_id, role_id, menu_id, perm_level, reg_by, reg_date) VALUES ('RM000281', 'SITE000001', 'RL000012', 'MN000021', 2, 'SYSTEM', '2026-01-01 00:00:00') ON CONFLICT DO NOTHING;
INSERT INTO shopjoy_2604.sy_role_menu (role_menu_id, site_id, role_id, menu_id, perm_level, reg_by, reg_date) VALUES ('RM000282', 'SITE000001', 'RL000012', 'MN000022', 2, 'SYSTEM', '2026-01-01 00:00:00') ON CONFLICT DO NOTHING;
INSERT INTO shopjoy_2604.sy_role_menu (role_menu_id, site_id, role_id, menu_id, perm_level, reg_by, reg_date) VALUES ('RM000283', 'SITE000001', 'RL000012', 'MN000023', 2, 'SYSTEM', '2026-01-01 00:00:00') ON CONFLICT DO NOTHING;
INSERT INTO shopjoy_2604.sy_role_menu (role_menu_id, site_id, role_id, menu_id, perm_level, reg_by, reg_date) VALUES ('RM000284', 'SITE000001', 'RL000012', 'MN000040', 2, 'SYSTEM', '2026-01-01 00:00:00') ON CONFLICT DO NOTHING;
INSERT INTO shopjoy_2604.sy_role_menu (role_menu_id, site_id, role_id, menu_id, perm_level, reg_by, reg_date) VALUES ('RM000285', 'SITE000001', 'RL000012', 'MN000041', 2, 'SYSTEM', '2026-01-01 00:00:00') ON CONFLICT DO NOTHING;
INSERT INTO shopjoy_2604.sy_role_menu (role_menu_id, site_id, role_id, menu_id, perm_level, reg_by, reg_date) VALUES ('RM000286', 'SITE000001', 'RL000012', 'MN000042', 2, 'SYSTEM', '2026-01-01 00:00:00') ON CONFLICT DO NOTHING;
INSERT INTO shopjoy_2604.sy_role_menu (role_menu_id, site_id, role_id, menu_id, perm_level, reg_by, reg_date) VALUES ('RM000287', 'SITE000001', 'RL000012', 'MN000043', 2, 'SYSTEM', '2026-01-01 00:00:00') ON CONFLICT DO NOTHING;
INSERT INTO shopjoy_2604.sy_role_menu (role_menu_id, site_id, role_id, menu_id, perm_level, reg_by, reg_date) VALUES ('RM000288', 'SITE000001', 'RL000012', 'MN000044', 2, 'SYSTEM', '2026-01-01 00:00:00') ON CONFLICT DO NOTHING;
INSERT INTO shopjoy_2604.sy_role_menu (role_menu_id, site_id, role_id, menu_id, perm_level, reg_by, reg_date) VALUES ('RM000289', 'SITE000001', 'RL000012', 'MN000045', 2, 'SYSTEM', '2026-01-01 00:00:00') ON CONFLICT DO NOTHING;
INSERT INTO shopjoy_2604.sy_role_menu (role_menu_id, site_id, role_id, menu_id, perm_level, reg_by, reg_date) VALUES ('RM000290', 'SITE000001', 'RL000012', 'MN000046', 2, 'SYSTEM', '2026-01-01 00:00:00') ON CONFLICT DO NOTHING;
INSERT INTO shopjoy_2604.sy_role_menu (role_menu_id, site_id, role_id, menu_id, perm_level, reg_by, reg_date) VALUES ('RM000291', 'SITE000001', 'RL000012', 'MN000047', 2, 'SYSTEM', '2026-01-01 00:00:00') ON CONFLICT DO NOTHING;
INSERT INTO shopjoy_2604.sy_role_menu (role_menu_id, site_id, role_id, menu_id, perm_level, reg_by, reg_date) VALUES ('RM000292', 'SITE000001', 'RL000012', 'MN000048', 2, 'SYSTEM', '2026-01-01 00:00:00') ON CONFLICT DO NOTHING;
INSERT INTO shopjoy_2604.sy_role_menu (role_menu_id, site_id, role_id, menu_id, perm_level, reg_by, reg_date) VALUES ('RM000293', 'SITE000001', 'RL000012', 'MN000049', 2, 'SYSTEM', '2026-01-01 00:00:00') ON CONFLICT DO NOTHING;
INSERT INTO shopjoy_2604.sy_role_menu (role_menu_id, site_id, role_id, menu_id, perm_level, reg_by, reg_date) VALUES ('RM000294', 'SITE000001', 'RL000012', 'MN000050', 2, 'SYSTEM', '2026-01-01 00:00:00') ON CONFLICT DO NOTHING;
INSERT INTO shopjoy_2604.sy_role_menu (role_menu_id, site_id, role_id, menu_id, perm_level, reg_by, reg_date) VALUES ('RM000295', 'SITE000001', 'RL000012', 'MN000051', 2, 'SYSTEM', '2026-01-01 00:00:00') ON CONFLICT DO NOTHING;
INSERT INTO shopjoy_2604.sy_role_menu (role_menu_id, site_id, role_id, menu_id, perm_level, reg_by, reg_date) VALUES ('RM000296', 'SITE000001', 'RL000012', 'MN000052', 2, 'SYSTEM', '2026-01-01 00:00:00') ON CONFLICT DO NOTHING;
INSERT INTO shopjoy_2604.sy_role_menu (role_menu_id, site_id, role_id, menu_id, perm_level, reg_by, reg_date) VALUES ('RM000297', 'SITE000001', 'RL000012', 'MN000053', 2, 'SYSTEM', '2026-01-01 00:00:00') ON CONFLICT DO NOTHING;
INSERT INTO shopjoy_2604.sy_role_menu (role_menu_id, site_id, role_id, menu_id, perm_level, reg_by, reg_date) VALUES ('RM000298', 'SITE000001', 'RL000012', 'MN000054', 2, 'SYSTEM', '2026-01-01 00:00:00') ON CONFLICT DO NOTHING;
INSERT INTO shopjoy_2604.sy_role_menu (role_menu_id, site_id, role_id, menu_id, perm_level, reg_by, reg_date) VALUES ('RM000299', 'SITE000001', 'RL000012', 'MN000055', 2, 'SYSTEM', '2026-01-01 00:00:00') ON CONFLICT DO NOTHING;
INSERT INTO shopjoy_2604.sy_role_menu (role_menu_id, site_id, role_id, menu_id, perm_level, reg_by, reg_date) VALUES ('RM000300', 'SITE000001', 'RL000013', 'MN000010', 2, 'SYSTEM', '2026-01-01 00:00:00') ON CONFLICT DO NOTHING;
INSERT INTO shopjoy_2604.sy_role_menu (role_menu_id, site_id, role_id, menu_id, perm_level, reg_by, reg_date) VALUES ('RM000301', 'SITE000001', 'RL000013', 'MN000011', 2, 'SYSTEM', '2026-01-01 00:00:00') ON CONFLICT DO NOTHING;
INSERT INTO shopjoy_2604.sy_role_menu (role_menu_id, site_id, role_id, menu_id, perm_level, reg_by, reg_date) VALUES ('RM000302', 'SITE000001', 'RL000013', 'MN000012', 2, 'SYSTEM', '2026-01-01 00:00:00') ON CONFLICT DO NOTHING;
INSERT INTO shopjoy_2604.sy_role_menu (role_menu_id, site_id, role_id, menu_id, perm_level, reg_by, reg_date) VALUES ('RM000303', 'SITE000001', 'RL000013', 'MN000040', 2, 'SYSTEM', '2026-01-01 00:00:00') ON CONFLICT DO NOTHING;
INSERT INTO shopjoy_2604.sy_role_menu (role_menu_id, site_id, role_id, menu_id, perm_level, reg_by, reg_date) VALUES ('RM000304', 'SITE000001', 'RL000013', 'MN000041', 2, 'SYSTEM', '2026-01-01 00:00:00') ON CONFLICT DO NOTHING;
INSERT INTO shopjoy_2604.sy_role_menu (role_menu_id, site_id, role_id, menu_id, perm_level, reg_by, reg_date) VALUES ('RM000305', 'SITE000001', 'RL000013', 'MN000042', 2, 'SYSTEM', '2026-01-01 00:00:00') ON CONFLICT DO NOTHING;
INSERT INTO shopjoy_2604.sy_role_menu (role_menu_id, site_id, role_id, menu_id, perm_level, reg_by, reg_date) VALUES ('RM000306', 'SITE000001', 'RL000013', 'MN000043', 2, 'SYSTEM', '2026-01-01 00:00:00') ON CONFLICT DO NOTHING;
INSERT INTO shopjoy_2604.sy_role_menu (role_menu_id, site_id, role_id, menu_id, perm_level, reg_by, reg_date) VALUES ('RM000307', 'SITE000001', 'RL000013', 'MN000044', 2, 'SYSTEM', '2026-01-01 00:00:00') ON CONFLICT DO NOTHING;
INSERT INTO shopjoy_2604.sy_role_menu (role_menu_id, site_id, role_id, menu_id, perm_level, reg_by, reg_date) VALUES ('RM000308', 'SITE000001', 'RL000013', 'MN000045', 2, 'SYSTEM', '2026-01-01 00:00:00') ON CONFLICT DO NOTHING;
INSERT INTO shopjoy_2604.sy_role_menu (role_menu_id, site_id, role_id, menu_id, perm_level, reg_by, reg_date) VALUES ('RM000309', 'SITE000001', 'RL000013', 'MN000046', 2, 'SYSTEM', '2026-01-01 00:00:00') ON CONFLICT DO NOTHING;
INSERT INTO shopjoy_2604.sy_role_menu (role_menu_id, site_id, role_id, menu_id, perm_level, reg_by, reg_date) VALUES ('RM000310', 'SITE000001', 'RL000013', 'MN000047', 2, 'SYSTEM', '2026-01-01 00:00:00') ON CONFLICT DO NOTHING;
INSERT INTO shopjoy_2604.sy_role_menu (role_menu_id, site_id, role_id, menu_id, perm_level, reg_by, reg_date) VALUES ('RM000311', 'SITE000001', 'RL000013', 'MN000048', 2, 'SYSTEM', '2026-01-01 00:00:00') ON CONFLICT DO NOTHING;
INSERT INTO shopjoy_2604.sy_role_menu (role_menu_id, site_id, role_id, menu_id, perm_level, reg_by, reg_date) VALUES ('RM000312', 'SITE000001', 'RL000013', 'MN000049', 2, 'SYSTEM', '2026-01-01 00:00:00') ON CONFLICT DO NOTHING;
INSERT INTO shopjoy_2604.sy_role_menu (role_menu_id, site_id, role_id, menu_id, perm_level, reg_by, reg_date) VALUES ('RM000313', 'SITE000001', 'RL000013', 'MN000050', 2, 'SYSTEM', '2026-01-01 00:00:00') ON CONFLICT DO NOTHING;
INSERT INTO shopjoy_2604.sy_role_menu (role_menu_id, site_id, role_id, menu_id, perm_level, reg_by, reg_date) VALUES ('RM000314', 'SITE000001', 'RL000013', 'MN000051', 2, 'SYSTEM', '2026-01-01 00:00:00') ON CONFLICT DO NOTHING;
INSERT INTO shopjoy_2604.sy_role_menu (role_menu_id, site_id, role_id, menu_id, perm_level, reg_by, reg_date) VALUES ('RM000315', 'SITE000001', 'RL000013', 'MN000052', 2, 'SYSTEM', '2026-01-01 00:00:00') ON CONFLICT DO NOTHING;
INSERT INTO shopjoy_2604.sy_role_menu (role_menu_id, site_id, role_id, menu_id, perm_level, reg_by, reg_date) VALUES ('RM000316', 'SITE000001', 'RL000013', 'MN000053', 2, 'SYSTEM', '2026-01-01 00:00:00') ON CONFLICT DO NOTHING;
INSERT INTO shopjoy_2604.sy_role_menu (role_menu_id, site_id, role_id, menu_id, perm_level, reg_by, reg_date) VALUES ('RM000317', 'SITE000001', 'RL000013', 'MN000054', 2, 'SYSTEM', '2026-01-01 00:00:00') ON CONFLICT DO NOTHING;
INSERT INTO shopjoy_2604.sy_role_menu (role_menu_id, site_id, role_id, menu_id, perm_level, reg_by, reg_date) VALUES ('RM000318', 'SITE000001', 'RL000013', 'MN000055', 2, 'SYSTEM', '2026-01-01 00:00:00') ON CONFLICT DO NOTHING;
INSERT INTO shopjoy_2604.sy_role_menu (role_menu_id, site_id, role_id, menu_id, perm_level, reg_by, reg_date) VALUES ('RM000319', 'SITE000001', 'RL000014', 'MN000010', 1, 'SYSTEM', '2026-01-01 00:00:00') ON CONFLICT DO NOTHING;
INSERT INTO shopjoy_2604.sy_role_menu (role_menu_id, site_id, role_id, menu_id, perm_level, reg_by, reg_date) VALUES ('RM000320', 'SITE000001', 'RL000014', 'MN000011', 1, 'SYSTEM', '2026-01-01 00:00:00') ON CONFLICT DO NOTHING;
INSERT INTO shopjoy_2604.sy_role_menu (role_menu_id, site_id, role_id, menu_id, perm_level, reg_by, reg_date) VALUES ('RM000321', 'SITE000001', 'RL000014', 'MN000012', 1, 'SYSTEM', '2026-01-01 00:00:00') ON CONFLICT DO NOTHING;
INSERT INTO shopjoy_2604.sy_role_menu (role_menu_id, site_id, role_id, menu_id, perm_level, reg_by, reg_date) VALUES ('RM000322', 'SITE000001', 'RL000014', 'MN000020', 1, 'SYSTEM', '2026-01-01 00:00:00') ON CONFLICT DO NOTHING;
INSERT INTO shopjoy_2604.sy_role_menu (role_menu_id, site_id, role_id, menu_id, perm_level, reg_by, reg_date) VALUES ('RM000323', 'SITE000001', 'RL000014', 'MN000021', 1, 'SYSTEM', '2026-01-01 00:00:00') ON CONFLICT DO NOTHING;
INSERT INTO shopjoy_2604.sy_role_menu (role_menu_id, site_id, role_id, menu_id, perm_level, reg_by, reg_date) VALUES ('RM000324', 'SITE000001', 'RL000014', 'MN000022', 1, 'SYSTEM', '2026-01-01 00:00:00') ON CONFLICT DO NOTHING;
INSERT INTO shopjoy_2604.sy_role_menu (role_menu_id, site_id, role_id, menu_id, perm_level, reg_by, reg_date) VALUES ('RM000325', 'SITE000001', 'RL000014', 'MN000023', 1, 'SYSTEM', '2026-01-01 00:00:00') ON CONFLICT DO NOTHING;
INSERT INTO shopjoy_2604.sy_role_menu (role_menu_id, site_id, role_id, menu_id, perm_level, reg_by, reg_date) VALUES ('RM000326', 'SITE000001', 'RL000028', 'MN000060', 1, 'SYSTEM', '2026-01-01 00:00:00') ON CONFLICT DO NOTHING;
INSERT INTO shopjoy_2604.sy_role_menu (role_menu_id, site_id, role_id, menu_id, perm_level, reg_by, reg_date) VALUES ('RM000327', 'SITE000001', 'RL000028', 'MN000061', 1, 'SYSTEM', '2026-01-01 00:00:00') ON CONFLICT DO NOTHING;
INSERT INTO shopjoy_2604.sy_role_menu (role_menu_id, site_id, role_id, menu_id, perm_level, reg_by, reg_date) VALUES ('RM000328', 'SITE000001', 'RL000028', 'MN000062', 1, 'SYSTEM', '2026-01-01 00:00:00') ON CONFLICT DO NOTHING;
INSERT INTO shopjoy_2604.sy_role_menu (role_menu_id, site_id, role_id, menu_id, perm_level, reg_by, reg_date) VALUES ('RM000329', 'SITE000001', 'RL000028', 'MN000063', 1, 'SYSTEM', '2026-01-01 00:00:00') ON CONFLICT DO NOTHING;
INSERT INTO shopjoy_2604.sy_role_menu (role_menu_id, site_id, role_id, menu_id, perm_level, reg_by, reg_date) VALUES ('RM000330', 'SITE000001', 'RL000028', 'MN000020', 1, 'SYSTEM', '2026-01-01 00:00:00') ON CONFLICT DO NOTHING;
INSERT INTO shopjoy_2604.sy_role_menu (role_menu_id, site_id, role_id, menu_id, perm_level, reg_by, reg_date) VALUES ('RM000331', 'SITE000001', 'RL000028', 'MN000021', 1, 'SYSTEM', '2026-01-01 00:00:00') ON CONFLICT DO NOTHING;
INSERT INTO shopjoy_2604.sy_role_menu (role_menu_id, site_id, role_id, menu_id, perm_level, reg_by, reg_date) VALUES ('RM000332', 'SITE000001', 'RL000028', 'MN000022', 1, 'SYSTEM', '2026-01-01 00:00:00') ON CONFLICT DO NOTHING;
INSERT INTO shopjoy_2604.sy_role_menu (role_menu_id, site_id, role_id, menu_id, perm_level, reg_by, reg_date) VALUES ('RM000333', 'SITE000001', 'RL000028', 'MN000023', 1, 'SYSTEM', '2026-01-01 00:00:00') ON CONFLICT DO NOTHING;
INSERT INTO shopjoy_2604.sy_role_menu (role_menu_id, site_id, role_id, menu_id, perm_level, reg_by, reg_date) VALUES ('RM000334', 'SITE000001', 'RL000021', 'MN000020', 1, 'SYSTEM', '2026-01-01 00:00:00') ON CONFLICT DO NOTHING;
INSERT INTO shopjoy_2604.sy_role_menu (role_menu_id, site_id, role_id, menu_id, perm_level, reg_by, reg_date) VALUES ('RM000335', 'SITE000001', 'RL000021', 'MN000021', 1, 'SYSTEM', '2026-01-01 00:00:00') ON CONFLICT DO NOTHING;
INSERT INTO shopjoy_2604.sy_role_menu (role_menu_id, site_id, role_id, menu_id, perm_level, reg_by, reg_date) VALUES ('RM000336', 'SITE000001', 'RL000021', 'MN000022', 1, 'SYSTEM', '2026-01-01 00:00:00') ON CONFLICT DO NOTHING;
INSERT INTO shopjoy_2604.sy_role_menu (role_menu_id, site_id, role_id, menu_id, perm_level, reg_by, reg_date) VALUES ('RM000337', 'SITE000001', 'RL000021', 'MN000023', 1, 'SYSTEM', '2026-01-01 00:00:00') ON CONFLICT DO NOTHING;
INSERT INTO shopjoy_2604.sy_role_menu (role_menu_id, site_id, role_id, menu_id, perm_level, reg_by, reg_date) VALUES ('RM000338', 'SITE000001', 'RL000022', 'MN000020', 1, 'SYSTEM', '2026-01-01 00:00:00') ON CONFLICT DO NOTHING;
INSERT INTO shopjoy_2604.sy_role_menu (role_menu_id, site_id, role_id, menu_id, perm_level, reg_by, reg_date) VALUES ('RM000339', 'SITE000001', 'RL000022', 'MN000023', 1, 'SYSTEM', '2026-01-01 00:00:00') ON CONFLICT DO NOTHING;
INSERT INTO shopjoy_2604.sy_role_menu (role_menu_id, site_id, role_id, menu_id, perm_level, reg_by, reg_date) VALUES ('RM000340', 'SITE000001', 'RL000023', 'MN000020', 2, 'SYSTEM', '2026-01-01 00:00:00') ON CONFLICT DO NOTHING;
INSERT INTO shopjoy_2604.sy_role_menu (role_menu_id, site_id, role_id, menu_id, perm_level, reg_by, reg_date) VALUES ('RM000341', 'SITE000001', 'RL000023', 'MN000021', 2, 'SYSTEM', '2026-01-01 00:00:00') ON CONFLICT DO NOTHING;
INSERT INTO shopjoy_2604.sy_role_menu (role_menu_id, site_id, role_id, menu_id, perm_level, reg_by, reg_date) VALUES ('RM000342', 'SITE000001', 'RL000023', 'MN000022', 2, 'SYSTEM', '2026-01-01 00:00:00') ON CONFLICT DO NOTHING;
INSERT INTO shopjoy_2604.sy_role_menu (role_menu_id, site_id, role_id, menu_id, perm_level, reg_by, reg_date) VALUES ('RM000343', 'SITE000001', 'RL000023', 'MN000023', 2, 'SYSTEM', '2026-01-01 00:00:00') ON CONFLICT DO NOTHING;
INSERT INTO shopjoy_2604.sy_role_menu (role_menu_id, site_id, role_id, menu_id, perm_level, reg_by, reg_date) VALUES ('RM000344', 'SITE000001', 'RL000024', 'MN000020', 2, 'SYSTEM', '2026-01-01 00:00:00') ON CONFLICT DO NOTHING;
INSERT INTO shopjoy_2604.sy_role_menu (role_menu_id, site_id, role_id, menu_id, perm_level, reg_by, reg_date) VALUES ('RM000345', 'SITE000001', 'RL000024', 'MN000023', 2, 'SYSTEM', '2026-01-01 00:00:00') ON CONFLICT DO NOTHING;
INSERT INTO shopjoy_2604.sy_role_menu (role_menu_id, site_id, role_id, menu_id, perm_level, reg_by, reg_date) VALUES ('RM000346', 'SITE000001', 'RL000025', 'MN000020', 1, 'SYSTEM', '2026-01-01 00:00:00') ON CONFLICT DO NOTHING;
INSERT INTO shopjoy_2604.sy_role_menu (role_menu_id, site_id, role_id, menu_id, perm_level, reg_by, reg_date) VALUES ('RM000347', 'SITE000001', 'RL000025', 'MN000023', 1, 'SYSTEM', '2026-01-01 00:00:00') ON CONFLICT DO NOTHING;
INSERT INTO shopjoy_2604.sy_role_menu (role_menu_id, site_id, role_id, menu_id, perm_level, reg_by, reg_date) VALUES ('RM000348', 'SITE000001', 'RL000029', 'MN000020', 1, 'SYSTEM', '2026-01-01 00:00:00') ON CONFLICT DO NOTHING;
INSERT INTO shopjoy_2604.sy_role_menu (role_menu_id, site_id, role_id, menu_id, perm_level, reg_by, reg_date) VALUES ('RM000349', 'SITE000001', 'RL000029', 'MN000021', 1, 'SYSTEM', '2026-01-01 00:00:00') ON CONFLICT DO NOTHING;
INSERT INTO shopjoy_2604.sy_role_menu (role_menu_id, site_id, role_id, menu_id, perm_level, reg_by, reg_date) VALUES ('RM000350', 'SITE000001', 'RL000029', 'MN000023', 1, 'SYSTEM', '2026-01-01 00:00:00') ON CONFLICT DO NOTHING;
INSERT INTO shopjoy_2604.sy_role_menu (role_menu_id, site_id, role_id, menu_id, perm_level, reg_by, reg_date) VALUES ('RM000351', 'SITE000001', 'RL000033', 'MN000060', 2, 'SYSTEM', '2026-01-01 00:00:00') ON CONFLICT DO NOTHING;
INSERT INTO shopjoy_2604.sy_role_menu (role_menu_id, site_id, role_id, menu_id, perm_level, reg_by, reg_date) VALUES ('RM000352', 'SITE000001', 'RL000033', 'MN000061', 2, 'SYSTEM', '2026-01-01 00:00:00') ON CONFLICT DO NOTHING;
INSERT INTO shopjoy_2604.sy_role_menu (role_menu_id, site_id, role_id, menu_id, perm_level, reg_by, reg_date) VALUES ('RM000353', 'SITE000001', 'RL000033', 'MN000062', 2, 'SYSTEM', '2026-01-01 00:00:00') ON CONFLICT DO NOTHING;
INSERT INTO shopjoy_2604.sy_role_menu (role_menu_id, site_id, role_id, menu_id, perm_level, reg_by, reg_date) VALUES ('RM000354', 'SITE000001', 'RL000033', 'MN000063', 2, 'SYSTEM', '2026-01-01 00:00:00') ON CONFLICT DO NOTHING;
INSERT INTO shopjoy_2604.sy_role_menu (role_menu_id, site_id, role_id, menu_id, perm_level, reg_by, reg_date) VALUES ('RM000355', 'SITE000001', 'RL000034', 'MN000060', 2, 'SYSTEM', '2026-01-01 00:00:00') ON CONFLICT DO NOTHING;
INSERT INTO shopjoy_2604.sy_role_menu (role_menu_id, site_id, role_id, menu_id, perm_level, reg_by, reg_date) VALUES ('RM000356', 'SITE000001', 'RL000034', 'MN000061', 2, 'SYSTEM', '2026-01-01 00:00:00') ON CONFLICT DO NOTHING;
INSERT INTO shopjoy_2604.sy_role_menu (role_menu_id, site_id, role_id, menu_id, perm_level, reg_by, reg_date) VALUES ('RM000357', 'SITE000001', 'RL000034', 'MN000062', 2, 'SYSTEM', '2026-01-01 00:00:00') ON CONFLICT DO NOTHING;
INSERT INTO shopjoy_2604.sy_role_menu (role_menu_id, site_id, role_id, menu_id, perm_level, reg_by, reg_date) VALUES ('RM000358', 'SITE000001', 'RL000034', 'MN000063', 2, 'SYSTEM', '2026-01-01 00:00:00') ON CONFLICT DO NOTHING;
INSERT INTO shopjoy_2604.sy_role_menu (role_menu_id, site_id, role_id, menu_id, perm_level, reg_by, reg_date) VALUES ('RM000359', 'SITE000001', 'RL000035', 'MN000060', 2, 'SYSTEM', '2026-01-01 00:00:00') ON CONFLICT DO NOTHING;
INSERT INTO shopjoy_2604.sy_role_menu (role_menu_id, site_id, role_id, menu_id, perm_level, reg_by, reg_date) VALUES ('RM000360', 'SITE000001', 'RL000035', 'MN000061', 2, 'SYSTEM', '2026-01-01 00:00:00') ON CONFLICT DO NOTHING;
INSERT INTO shopjoy_2604.sy_role_menu (role_menu_id, site_id, role_id, menu_id, perm_level, reg_by, reg_date) VALUES ('RM000361', 'SITE000001', 'RL000035', 'MN000062', 2, 'SYSTEM', '2026-01-01 00:00:00') ON CONFLICT DO NOTHING;
INSERT INTO shopjoy_2604.sy_role_menu (role_menu_id, site_id, role_id, menu_id, perm_level, reg_by, reg_date) VALUES ('RM000362', 'SITE000001', 'RL000035', 'MN000063', 2, 'SYSTEM', '2026-01-01 00:00:00') ON CONFLICT DO NOTHING;
INSERT INTO shopjoy_2604.sy_role_menu (role_menu_id, site_id, role_id, menu_id, perm_level, reg_by, reg_date) VALUES ('RM000363', 'SITE000001', 'RL000036', 'MN000060', 1, 'SYSTEM', '2026-01-01 00:00:00') ON CONFLICT DO NOTHING;
INSERT INTO shopjoy_2604.sy_role_menu (role_menu_id, site_id, role_id, menu_id, perm_level, reg_by, reg_date) VALUES ('RM000364', 'SITE000001', 'RL000036', 'MN000061', 1, 'SYSTEM', '2026-01-01 00:00:00') ON CONFLICT DO NOTHING;
INSERT INTO shopjoy_2604.sy_role_menu (role_menu_id, site_id, role_id, menu_id, perm_level, reg_by, reg_date) VALUES ('RM000365', 'SITE000001', 'RL000036', 'MN000062', 1, 'SYSTEM', '2026-01-01 00:00:00') ON CONFLICT DO NOTHING;
INSERT INTO shopjoy_2604.sy_role_menu (role_menu_id, site_id, role_id, menu_id, perm_level, reg_by, reg_date) VALUES ('RM000366', 'SITE000001', 'RL000036', 'MN000063', 1, 'SYSTEM', '2026-01-01 00:00:00') ON CONFLICT DO NOTHING;
INSERT INTO shopjoy_2604.sy_role_menu (role_menu_id, site_id, role_id, menu_id, perm_level, reg_by, reg_date) VALUES ('RM000367', 'SITE000001', 'RL000044', 'MN000040', 2, 'SYSTEM', '2026-01-01 00:00:00') ON CONFLICT DO NOTHING;
INSERT INTO shopjoy_2604.sy_role_menu (role_menu_id, site_id, role_id, menu_id, perm_level, reg_by, reg_date) VALUES ('RM000368', 'SITE000001', 'RL000044', 'MN000041', 2, 'SYSTEM', '2026-01-01 00:00:00') ON CONFLICT DO NOTHING;
INSERT INTO shopjoy_2604.sy_role_menu (role_menu_id, site_id, role_id, menu_id, perm_level, reg_by, reg_date) VALUES ('RM000369', 'SITE000001', 'RL000044', 'MN000042', 2, 'SYSTEM', '2026-01-01 00:00:00') ON CONFLICT DO NOTHING;
INSERT INTO shopjoy_2604.sy_role_menu (role_menu_id, site_id, role_id, menu_id, perm_level, reg_by, reg_date) VALUES ('RM000370', 'SITE000001', 'RL000044', 'MN000043', 2, 'SYSTEM', '2026-01-01 00:00:00') ON CONFLICT DO NOTHING;
INSERT INTO shopjoy_2604.sy_role_menu (role_menu_id, site_id, role_id, menu_id, perm_level, reg_by, reg_date) VALUES ('RM000371', 'SITE000001', 'RL000044', 'MN000044', 2, 'SYSTEM', '2026-01-01 00:00:00') ON CONFLICT DO NOTHING;
INSERT INTO shopjoy_2604.sy_role_menu (role_menu_id, site_id, role_id, menu_id, perm_level, reg_by, reg_date) VALUES ('RM000372', 'SITE000001', 'RL000044', 'MN000045', 2, 'SYSTEM', '2026-01-01 00:00:00') ON CONFLICT DO NOTHING;
INSERT INTO shopjoy_2604.sy_role_menu (role_menu_id, site_id, role_id, menu_id, perm_level, reg_by, reg_date) VALUES ('RM000373', 'SITE000001', 'RL000044', 'MN000046', 2, 'SYSTEM', '2026-01-01 00:00:00') ON CONFLICT DO NOTHING;
INSERT INTO shopjoy_2604.sy_role_menu (role_menu_id, site_id, role_id, menu_id, perm_level, reg_by, reg_date) VALUES ('RM000374', 'SITE000001', 'RL000044', 'MN000047', 2, 'SYSTEM', '2026-01-01 00:00:00') ON CONFLICT DO NOTHING;
INSERT INTO shopjoy_2604.sy_role_menu (role_menu_id, site_id, role_id, menu_id, perm_level, reg_by, reg_date) VALUES ('RM000375', 'SITE000001', 'RL000044', 'MN000048', 2, 'SYSTEM', '2026-01-01 00:00:00') ON CONFLICT DO NOTHING;
INSERT INTO shopjoy_2604.sy_role_menu (role_menu_id, site_id, role_id, menu_id, perm_level, reg_by, reg_date) VALUES ('RM000376', 'SITE000001', 'RL000044', 'MN000049', 2, 'SYSTEM', '2026-01-01 00:00:00') ON CONFLICT DO NOTHING;
INSERT INTO shopjoy_2604.sy_role_menu (role_menu_id, site_id, role_id, menu_id, perm_level, reg_by, reg_date) VALUES ('RM000377', 'SITE000001', 'RL000044', 'MN000050', 2, 'SYSTEM', '2026-01-01 00:00:00') ON CONFLICT DO NOTHING;
INSERT INTO shopjoy_2604.sy_role_menu (role_menu_id, site_id, role_id, menu_id, perm_level, reg_by, reg_date) VALUES ('RM000378', 'SITE000001', 'RL000044', 'MN000051', 2, 'SYSTEM', '2026-01-01 00:00:00') ON CONFLICT DO NOTHING;
INSERT INTO shopjoy_2604.sy_role_menu (role_menu_id, site_id, role_id, menu_id, perm_level, reg_by, reg_date) VALUES ('RM000379', 'SITE000001', 'RL000044', 'MN000052', 2, 'SYSTEM', '2026-01-01 00:00:00') ON CONFLICT DO NOTHING;
INSERT INTO shopjoy_2604.sy_role_menu (role_menu_id, site_id, role_id, menu_id, perm_level, reg_by, reg_date) VALUES ('RM000380', 'SITE000001', 'RL000044', 'MN000053', 2, 'SYSTEM', '2026-01-01 00:00:00') ON CONFLICT DO NOTHING;
INSERT INTO shopjoy_2604.sy_role_menu (role_menu_id, site_id, role_id, menu_id, perm_level, reg_by, reg_date) VALUES ('RM000381', 'SITE000001', 'RL000044', 'MN000054', 2, 'SYSTEM', '2026-01-01 00:00:00') ON CONFLICT DO NOTHING;
INSERT INTO shopjoy_2604.sy_role_menu (role_menu_id, site_id, role_id, menu_id, perm_level, reg_by, reg_date) VALUES ('RM000382', 'SITE000001', 'RL000044', 'MN000055', 2, 'SYSTEM', '2026-01-01 00:00:00') ON CONFLICT DO NOTHING;
INSERT INTO shopjoy_2604.sy_role_menu (role_menu_id, site_id, role_id, menu_id, perm_level, reg_by, reg_date) VALUES ('RM000383', 'SITE000001', 'RL000044', 'MN000010', 2, 'SYSTEM', '2026-01-01 00:00:00') ON CONFLICT DO NOTHING;
INSERT INTO shopjoy_2604.sy_role_menu (role_menu_id, site_id, role_id, menu_id, perm_level, reg_by, reg_date) VALUES ('RM000384', 'SITE000001', 'RL000044', 'MN000011', 2, 'SYSTEM', '2026-01-01 00:00:00') ON CONFLICT DO NOTHING;
INSERT INTO shopjoy_2604.sy_role_menu (role_menu_id, site_id, role_id, menu_id, perm_level, reg_by, reg_date) VALUES ('RM000385', 'SITE000001', 'RL000044', 'MN000012', 2, 'SYSTEM', '2026-01-01 00:00:00') ON CONFLICT DO NOTHING;
INSERT INTO shopjoy_2604.sy_role_menu (role_menu_id, site_id, role_id, menu_id, perm_level, reg_by, reg_date) VALUES ('RM000386', 'SITE000001', 'RL000044', 'MN000077', 2, 'SYSTEM', '2026-01-01 00:00:00') ON CONFLICT DO NOTHING;
INSERT INTO shopjoy_2604.sy_role_menu (role_menu_id, site_id, role_id, menu_id, perm_level, reg_by, reg_date) VALUES ('RM000387', 'SITE000001', 'RL000044', 'MN000078', 2, 'SYSTEM', '2026-01-01 00:00:00') ON CONFLICT DO NOTHING;
INSERT INTO shopjoy_2604.sy_role_menu (role_menu_id, site_id, role_id, menu_id, perm_level, reg_by, reg_date) VALUES ('RM000388', 'SITE000001', 'RL000044', 'MN000079', 2, 'SYSTEM', '2026-01-01 00:00:00') ON CONFLICT DO NOTHING;
INSERT INTO shopjoy_2604.sy_role_menu (role_menu_id, site_id, role_id, menu_id, perm_level, reg_by, reg_date) VALUES ('RM000389', 'SITE000001', 'RL000044', 'MN000080', 2, 'SYSTEM', '2026-01-01 00:00:00') ON CONFLICT DO NOTHING;
INSERT INTO shopjoy_2604.sy_role_menu (role_menu_id, site_id, role_id, menu_id, perm_level, reg_by, reg_date) VALUES ('RM000390', 'SITE000001', 'RL000045', 'MN000040', 2, 'SYSTEM', '2026-01-01 00:00:00') ON CONFLICT DO NOTHING;
INSERT INTO shopjoy_2604.sy_role_menu (role_menu_id, site_id, role_id, menu_id, perm_level, reg_by, reg_date) VALUES ('RM000391', 'SITE000001', 'RL000045', 'MN000041', 2, 'SYSTEM', '2026-01-01 00:00:00') ON CONFLICT DO NOTHING;
INSERT INTO shopjoy_2604.sy_role_menu (role_menu_id, site_id, role_id, menu_id, perm_level, reg_by, reg_date) VALUES ('RM000392', 'SITE000001', 'RL000045', 'MN000042', 2, 'SYSTEM', '2026-01-01 00:00:00') ON CONFLICT DO NOTHING;
INSERT INTO shopjoy_2604.sy_role_menu (role_menu_id, site_id, role_id, menu_id, perm_level, reg_by, reg_date) VALUES ('RM000393', 'SITE000001', 'RL000045', 'MN000043', 2, 'SYSTEM', '2026-01-01 00:00:00') ON CONFLICT DO NOTHING;
INSERT INTO shopjoy_2604.sy_role_menu (role_menu_id, site_id, role_id, menu_id, perm_level, reg_by, reg_date) VALUES ('RM000394', 'SITE000001', 'RL000045', 'MN000044', 2, 'SYSTEM', '2026-01-01 00:00:00') ON CONFLICT DO NOTHING;
INSERT INTO shopjoy_2604.sy_role_menu (role_menu_id, site_id, role_id, menu_id, perm_level, reg_by, reg_date) VALUES ('RM000395', 'SITE000001', 'RL000045', 'MN000045', 2, 'SYSTEM', '2026-01-01 00:00:00') ON CONFLICT DO NOTHING;
INSERT INTO shopjoy_2604.sy_role_menu (role_menu_id, site_id, role_id, menu_id, perm_level, reg_by, reg_date) VALUES ('RM000396', 'SITE000001', 'RL000045', 'MN000046', 2, 'SYSTEM', '2026-01-01 00:00:00') ON CONFLICT DO NOTHING;
INSERT INTO shopjoy_2604.sy_role_menu (role_menu_id, site_id, role_id, menu_id, perm_level, reg_by, reg_date) VALUES ('RM000397', 'SITE000001', 'RL000045', 'MN000047', 2, 'SYSTEM', '2026-01-01 00:00:00') ON CONFLICT DO NOTHING;
INSERT INTO shopjoy_2604.sy_role_menu (role_menu_id, site_id, role_id, menu_id, perm_level, reg_by, reg_date) VALUES ('RM000398', 'SITE000001', 'RL000045', 'MN000048', 2, 'SYSTEM', '2026-01-01 00:00:00') ON CONFLICT DO NOTHING;
INSERT INTO shopjoy_2604.sy_role_menu (role_menu_id, site_id, role_id, menu_id, perm_level, reg_by, reg_date) VALUES ('RM000399', 'SITE000001', 'RL000045', 'MN000049', 2, 'SYSTEM', '2026-01-01 00:00:00') ON CONFLICT DO NOTHING;
INSERT INTO shopjoy_2604.sy_role_menu (role_menu_id, site_id, role_id, menu_id, perm_level, reg_by, reg_date) VALUES ('RM000400', 'SITE000001', 'RL000045', 'MN000050', 2, 'SYSTEM', '2026-01-01 00:00:00') ON CONFLICT DO NOTHING;
INSERT INTO shopjoy_2604.sy_role_menu (role_menu_id, site_id, role_id, menu_id, perm_level, reg_by, reg_date) VALUES ('RM000401', 'SITE000001', 'RL000045', 'MN000051', 2, 'SYSTEM', '2026-01-01 00:00:00') ON CONFLICT DO NOTHING;
INSERT INTO shopjoy_2604.sy_role_menu (role_menu_id, site_id, role_id, menu_id, perm_level, reg_by, reg_date) VALUES ('RM000402', 'SITE000001', 'RL000045', 'MN000052', 2, 'SYSTEM', '2026-01-01 00:00:00') ON CONFLICT DO NOTHING;
INSERT INTO shopjoy_2604.sy_role_menu (role_menu_id, site_id, role_id, menu_id, perm_level, reg_by, reg_date) VALUES ('RM000403', 'SITE000001', 'RL000045', 'MN000053', 2, 'SYSTEM', '2026-01-01 00:00:00') ON CONFLICT DO NOTHING;
INSERT INTO shopjoy_2604.sy_role_menu (role_menu_id, site_id, role_id, menu_id, perm_level, reg_by, reg_date) VALUES ('RM000404', 'SITE000001', 'RL000045', 'MN000054', 2, 'SYSTEM', '2026-01-01 00:00:00') ON CONFLICT DO NOTHING;
INSERT INTO shopjoy_2604.sy_role_menu (role_menu_id, site_id, role_id, menu_id, perm_level, reg_by, reg_date) VALUES ('RM000405', 'SITE000001', 'RL000045', 'MN000055', 2, 'SYSTEM', '2026-01-01 00:00:00') ON CONFLICT DO NOTHING;
INSERT INTO shopjoy_2604.sy_role_menu (role_menu_id, site_id, role_id, menu_id, perm_level, reg_by, reg_date) VALUES ('RM000406', 'SITE000001', 'RL000045', 'MN000010', 2, 'SYSTEM', '2026-01-01 00:00:00') ON CONFLICT DO NOTHING;
INSERT INTO shopjoy_2604.sy_role_menu (role_menu_id, site_id, role_id, menu_id, perm_level, reg_by, reg_date) VALUES ('RM000407', 'SITE000001', 'RL000045', 'MN000011', 2, 'SYSTEM', '2026-01-01 00:00:00') ON CONFLICT DO NOTHING;
INSERT INTO shopjoy_2604.sy_role_menu (role_menu_id, site_id, role_id, menu_id, perm_level, reg_by, reg_date) VALUES ('RM000408', 'SITE000001', 'RL000045', 'MN000012', 2, 'SYSTEM', '2026-01-01 00:00:00') ON CONFLICT DO NOTHING;
INSERT INTO shopjoy_2604.sy_role_menu (role_menu_id, site_id, role_id, menu_id, perm_level, reg_by, reg_date) VALUES ('RM000409', 'SITE000001', 'RL000046', 'MN000040', 2, 'SYSTEM', '2026-01-01 00:00:00') ON CONFLICT DO NOTHING;
INSERT INTO shopjoy_2604.sy_role_menu (role_menu_id, site_id, role_id, menu_id, perm_level, reg_by, reg_date) VALUES ('RM000410', 'SITE000001', 'RL000046', 'MN000041', 2, 'SYSTEM', '2026-01-01 00:00:00') ON CONFLICT DO NOTHING;
INSERT INTO shopjoy_2604.sy_role_menu (role_menu_id, site_id, role_id, menu_id, perm_level, reg_by, reg_date) VALUES ('RM000411', 'SITE000001', 'RL000046', 'MN000042', 2, 'SYSTEM', '2026-01-01 00:00:00') ON CONFLICT DO NOTHING;
INSERT INTO shopjoy_2604.sy_role_menu (role_menu_id, site_id, role_id, menu_id, perm_level, reg_by, reg_date) VALUES ('RM000412', 'SITE000001', 'RL000046', 'MN000043', 2, 'SYSTEM', '2026-01-01 00:00:00') ON CONFLICT DO NOTHING;
INSERT INTO shopjoy_2604.sy_role_menu (role_menu_id, site_id, role_id, menu_id, perm_level, reg_by, reg_date) VALUES ('RM000413', 'SITE000001', 'RL000046', 'MN000044', 2, 'SYSTEM', '2026-01-01 00:00:00') ON CONFLICT DO NOTHING;
INSERT INTO shopjoy_2604.sy_role_menu (role_menu_id, site_id, role_id, menu_id, perm_level, reg_by, reg_date) VALUES ('RM000414', 'SITE000001', 'RL000046', 'MN000045', 2, 'SYSTEM', '2026-01-01 00:00:00') ON CONFLICT DO NOTHING;
INSERT INTO shopjoy_2604.sy_role_menu (role_menu_id, site_id, role_id, menu_id, perm_level, reg_by, reg_date) VALUES ('RM000415', 'SITE000001', 'RL000046', 'MN000046', 2, 'SYSTEM', '2026-01-01 00:00:00') ON CONFLICT DO NOTHING;
INSERT INTO shopjoy_2604.sy_role_menu (role_menu_id, site_id, role_id, menu_id, perm_level, reg_by, reg_date) VALUES ('RM000416', 'SITE000001', 'RL000046', 'MN000047', 2, 'SYSTEM', '2026-01-01 00:00:00') ON CONFLICT DO NOTHING;
INSERT INTO shopjoy_2604.sy_role_menu (role_menu_id, site_id, role_id, menu_id, perm_level, reg_by, reg_date) VALUES ('RM000417', 'SITE000001', 'RL000046', 'MN000048', 2, 'SYSTEM', '2026-01-01 00:00:00') ON CONFLICT DO NOTHING;
INSERT INTO shopjoy_2604.sy_role_menu (role_menu_id, site_id, role_id, menu_id, perm_level, reg_by, reg_date) VALUES ('RM000418', 'SITE000001', 'RL000046', 'MN000049', 2, 'SYSTEM', '2026-01-01 00:00:00') ON CONFLICT DO NOTHING;
INSERT INTO shopjoy_2604.sy_role_menu (role_menu_id, site_id, role_id, menu_id, perm_level, reg_by, reg_date) VALUES ('RM000419', 'SITE000001', 'RL000046', 'MN000050', 2, 'SYSTEM', '2026-01-01 00:00:00') ON CONFLICT DO NOTHING;
INSERT INTO shopjoy_2604.sy_role_menu (role_menu_id, site_id, role_id, menu_id, perm_level, reg_by, reg_date) VALUES ('RM000420', 'SITE000001', 'RL000046', 'MN000051', 2, 'SYSTEM', '2026-01-01 00:00:00') ON CONFLICT DO NOTHING;
INSERT INTO shopjoy_2604.sy_role_menu (role_menu_id, site_id, role_id, menu_id, perm_level, reg_by, reg_date) VALUES ('RM000421', 'SITE000001', 'RL000046', 'MN000052', 2, 'SYSTEM', '2026-01-01 00:00:00') ON CONFLICT DO NOTHING;
INSERT INTO shopjoy_2604.sy_role_menu (role_menu_id, site_id, role_id, menu_id, perm_level, reg_by, reg_date) VALUES ('RM000422', 'SITE000001', 'RL000046', 'MN000053', 2, 'SYSTEM', '2026-01-01 00:00:00') ON CONFLICT DO NOTHING;
INSERT INTO shopjoy_2604.sy_role_menu (role_menu_id, site_id, role_id, menu_id, perm_level, reg_by, reg_date) VALUES ('RM000423', 'SITE000001', 'RL000046', 'MN000054', 2, 'SYSTEM', '2026-01-01 00:00:00') ON CONFLICT DO NOTHING;
INSERT INTO shopjoy_2604.sy_role_menu (role_menu_id, site_id, role_id, menu_id, perm_level, reg_by, reg_date) VALUES ('RM000424', 'SITE000001', 'RL000046', 'MN000055', 2, 'SYSTEM', '2026-01-01 00:00:00') ON CONFLICT DO NOTHING;
INSERT INTO shopjoy_2604.sy_role_menu (role_menu_id, site_id, role_id, menu_id, perm_level, reg_by, reg_date) VALUES ('RM000425', 'SITE000001', 'RL000047', 'MN000040', 1, 'SYSTEM', '2026-01-01 00:00:00') ON CONFLICT DO NOTHING;
INSERT INTO shopjoy_2604.sy_role_menu (role_menu_id, site_id, role_id, menu_id, perm_level, reg_by, reg_date) VALUES ('RM000426', 'SITE000001', 'RL000047', 'MN000041', 1, 'SYSTEM', '2026-01-01 00:00:00') ON CONFLICT DO NOTHING;
INSERT INTO shopjoy_2604.sy_role_menu (role_menu_id, site_id, role_id, menu_id, perm_level, reg_by, reg_date) VALUES ('RM000427', 'SITE000001', 'RL000047', 'MN000042', 1, 'SYSTEM', '2026-01-01 00:00:00') ON CONFLICT DO NOTHING;
INSERT INTO shopjoy_2604.sy_role_menu (role_menu_id, site_id, role_id, menu_id, perm_level, reg_by, reg_date) VALUES ('RM000428', 'SITE000001', 'RL000047', 'MN000043', 1, 'SYSTEM', '2026-01-01 00:00:00') ON CONFLICT DO NOTHING;
INSERT INTO shopjoy_2604.sy_role_menu (role_menu_id, site_id, role_id, menu_id, perm_level, reg_by, reg_date) VALUES ('RM000429', 'SITE000001', 'RL000047', 'MN000044', 1, 'SYSTEM', '2026-01-01 00:00:00') ON CONFLICT DO NOTHING;
INSERT INTO shopjoy_2604.sy_role_menu (role_menu_id, site_id, role_id, menu_id, perm_level, reg_by, reg_date) VALUES ('RM000430', 'SITE000001', 'RL000047', 'MN000045', 1, 'SYSTEM', '2026-01-01 00:00:00') ON CONFLICT DO NOTHING;
INSERT INTO shopjoy_2604.sy_role_menu (role_menu_id, site_id, role_id, menu_id, perm_level, reg_by, reg_date) VALUES ('RM000431', 'SITE000001', 'RL000047', 'MN000046', 1, 'SYSTEM', '2026-01-01 00:00:00') ON CONFLICT DO NOTHING;
INSERT INTO shopjoy_2604.sy_role_menu (role_menu_id, site_id, role_id, menu_id, perm_level, reg_by, reg_date) VALUES ('RM000432', 'SITE000001', 'RL000047', 'MN000047', 1, 'SYSTEM', '2026-01-01 00:00:00') ON CONFLICT DO NOTHING;
INSERT INTO shopjoy_2604.sy_role_menu (role_menu_id, site_id, role_id, menu_id, perm_level, reg_by, reg_date) VALUES ('RM000433', 'SITE000001', 'RL000047', 'MN000048', 1, 'SYSTEM', '2026-01-01 00:00:00') ON CONFLICT DO NOTHING;
INSERT INTO shopjoy_2604.sy_role_menu (role_menu_id, site_id, role_id, menu_id, perm_level, reg_by, reg_date) VALUES ('RM000434', 'SITE000001', 'RL000047', 'MN000049', 1, 'SYSTEM', '2026-01-01 00:00:00') ON CONFLICT DO NOTHING;
INSERT INTO shopjoy_2604.sy_role_menu (role_menu_id, site_id, role_id, menu_id, perm_level, reg_by, reg_date) VALUES ('RM000435', 'SITE000001', 'RL000047', 'MN000050', 1, 'SYSTEM', '2026-01-01 00:00:00') ON CONFLICT DO NOTHING;
INSERT INTO shopjoy_2604.sy_role_menu (role_menu_id, site_id, role_id, menu_id, perm_level, reg_by, reg_date) VALUES ('RM000436', 'SITE000001', 'RL000047', 'MN000051', 1, 'SYSTEM', '2026-01-01 00:00:00') ON CONFLICT DO NOTHING;
INSERT INTO shopjoy_2604.sy_role_menu (role_menu_id, site_id, role_id, menu_id, perm_level, reg_by, reg_date) VALUES ('RM000437', 'SITE000001', 'RL000047', 'MN000052', 1, 'SYSTEM', '2026-01-01 00:00:00') ON CONFLICT DO NOTHING;
INSERT INTO shopjoy_2604.sy_role_menu (role_menu_id, site_id, role_id, menu_id, perm_level, reg_by, reg_date) VALUES ('RM000438', 'SITE000001', 'RL000047', 'MN000053', 1, 'SYSTEM', '2026-01-01 00:00:00') ON CONFLICT DO NOTHING;
INSERT INTO shopjoy_2604.sy_role_menu (role_menu_id, site_id, role_id, menu_id, perm_level, reg_by, reg_date) VALUES ('RM000439', 'SITE000001', 'RL000047', 'MN000054', 1, 'SYSTEM', '2026-01-01 00:00:00') ON CONFLICT DO NOTHING;
INSERT INTO shopjoy_2604.sy_role_menu (role_menu_id, site_id, role_id, menu_id, perm_level, reg_by, reg_date) VALUES ('RM000440', 'SITE000001', 'RL000047', 'MN000055', 1, 'SYSTEM', '2026-01-01 00:00:00') ON CONFLICT DO NOTHING;
INSERT INTO shopjoy_2604.sy_role_menu (role_menu_id, site_id, role_id, menu_id, perm_level, reg_by, reg_date) VALUES ('RM000441', 'SITE000001', 'RL000047', 'MN000010', 1, 'SYSTEM', '2026-01-01 00:00:00') ON CONFLICT DO NOTHING;
INSERT INTO shopjoy_2604.sy_role_menu (role_menu_id, site_id, role_id, menu_id, perm_level, reg_by, reg_date) VALUES ('RM000442', 'SITE000001', 'RL000047', 'MN000011', 1, 'SYSTEM', '2026-01-01 00:00:00') ON CONFLICT DO NOTHING;
INSERT INTO shopjoy_2604.sy_role_menu (role_menu_id, site_id, role_id, menu_id, perm_level, reg_by, reg_date) VALUES ('RM000443', 'SITE000001', 'RL000047', 'MN000012', 1, 'SYSTEM', '2026-01-01 00:00:00') ON CONFLICT DO NOTHING;
INSERT INTO shopjoy_2604.sy_role_menu (role_menu_id, site_id, role_id, menu_id, perm_level, reg_by, reg_date) VALUES ('RM000444', 'SITE000001', 'RL000038', 'MN000001', 2, 'SYSTEM', '2026-01-01 00:00:00') ON CONFLICT DO NOTHING;
INSERT INTO shopjoy_2604.sy_role_menu (role_menu_id, site_id, role_id, menu_id, perm_level, reg_by, reg_date) VALUES ('RM000445', 'SITE000001', 'RL000038', 'MN000002', 2, 'SYSTEM', '2026-01-01 00:00:00') ON CONFLICT DO NOTHING;
INSERT INTO shopjoy_2604.sy_role_menu (role_menu_id, site_id, role_id, menu_id, perm_level, reg_by, reg_date) VALUES ('RM000446', 'SITE000001', 'RL000038', 'MN000010', 2, 'SYSTEM', '2026-01-01 00:00:00') ON CONFLICT DO NOTHING;
INSERT INTO shopjoy_2604.sy_role_menu (role_menu_id, site_id, role_id, menu_id, perm_level, reg_by, reg_date) VALUES ('RM000447', 'SITE000001', 'RL000038', 'MN000011', 2, 'SYSTEM', '2026-01-01 00:00:00') ON CONFLICT DO NOTHING;
INSERT INTO shopjoy_2604.sy_role_menu (role_menu_id, site_id, role_id, menu_id, perm_level, reg_by, reg_date) VALUES ('RM000448', 'SITE000001', 'RL000038', 'MN000012', 2, 'SYSTEM', '2026-01-01 00:00:00') ON CONFLICT DO NOTHING;
INSERT INTO shopjoy_2604.sy_role_menu (role_menu_id, site_id, role_id, menu_id, perm_level, reg_by, reg_date) VALUES ('RM000449', 'SITE000001', 'RL000038', 'MN000020', 2, 'SYSTEM', '2026-01-01 00:00:00') ON CONFLICT DO NOTHING;
INSERT INTO shopjoy_2604.sy_role_menu (role_menu_id, site_id, role_id, menu_id, perm_level, reg_by, reg_date) VALUES ('RM000450', 'SITE000001', 'RL000038', 'MN000021', 2, 'SYSTEM', '2026-01-01 00:00:00') ON CONFLICT DO NOTHING;
INSERT INTO shopjoy_2604.sy_role_menu (role_menu_id, site_id, role_id, menu_id, perm_level, reg_by, reg_date) VALUES ('RM000451', 'SITE000001', 'RL000038', 'MN000022', 2, 'SYSTEM', '2026-01-01 00:00:00') ON CONFLICT DO NOTHING;
INSERT INTO shopjoy_2604.sy_role_menu (role_menu_id, site_id, role_id, menu_id, perm_level, reg_by, reg_date) VALUES ('RM000452', 'SITE000001', 'RL000038', 'MN000023', 2, 'SYSTEM', '2026-01-01 00:00:00') ON CONFLICT DO NOTHING;
INSERT INTO shopjoy_2604.sy_role_menu (role_menu_id, site_id, role_id, menu_id, perm_level, reg_by, reg_date) VALUES ('RM000453', 'SITE000001', 'RL000038', 'MN000030', 2, 'SYSTEM', '2026-01-01 00:00:00') ON CONFLICT DO NOTHING;
INSERT INTO shopjoy_2604.sy_role_menu (role_menu_id, site_id, role_id, menu_id, perm_level, reg_by, reg_date) VALUES ('RM000454', 'SITE000001', 'RL000038', 'MN000031', 2, 'SYSTEM', '2026-01-01 00:00:00') ON CONFLICT DO NOTHING;
INSERT INTO shopjoy_2604.sy_role_menu (role_menu_id, site_id, role_id, menu_id, perm_level, reg_by, reg_date) VALUES ('RM000455', 'SITE000001', 'RL000038', 'MN000032', 2, 'SYSTEM', '2026-01-01 00:00:00') ON CONFLICT DO NOTHING;
INSERT INTO shopjoy_2604.sy_role_menu (role_menu_id, site_id, role_id, menu_id, perm_level, reg_by, reg_date) VALUES ('RM000456', 'SITE000001', 'RL000038', 'MN000033', 2, 'SYSTEM', '2026-01-01 00:00:00') ON CONFLICT DO NOTHING;
INSERT INTO shopjoy_2604.sy_role_menu (role_menu_id, site_id, role_id, menu_id, perm_level, reg_by, reg_date) VALUES ('RM000457', 'SITE000001', 'RL000038', 'MN000040', 2, 'SYSTEM', '2026-01-01 00:00:00') ON CONFLICT DO NOTHING;
INSERT INTO shopjoy_2604.sy_role_menu (role_menu_id, site_id, role_id, menu_id, perm_level, reg_by, reg_date) VALUES ('RM000458', 'SITE000001', 'RL000038', 'MN000041', 2, 'SYSTEM', '2026-01-01 00:00:00') ON CONFLICT DO NOTHING;
INSERT INTO shopjoy_2604.sy_role_menu (role_menu_id, site_id, role_id, menu_id, perm_level, reg_by, reg_date) VALUES ('RM000459', 'SITE000001', 'RL000038', 'MN000042', 2, 'SYSTEM', '2026-01-01 00:00:00') ON CONFLICT DO NOTHING;
INSERT INTO shopjoy_2604.sy_role_menu (role_menu_id, site_id, role_id, menu_id, perm_level, reg_by, reg_date) VALUES ('RM000460', 'SITE000001', 'RL000038', 'MN000043', 2, 'SYSTEM', '2026-01-01 00:00:00') ON CONFLICT DO NOTHING;
INSERT INTO shopjoy_2604.sy_role_menu (role_menu_id, site_id, role_id, menu_id, perm_level, reg_by, reg_date) VALUES ('RM000461', 'SITE000001', 'RL000038', 'MN000044', 2, 'SYSTEM', '2026-01-01 00:00:00') ON CONFLICT DO NOTHING;
INSERT INTO shopjoy_2604.sy_role_menu (role_menu_id, site_id, role_id, menu_id, perm_level, reg_by, reg_date) VALUES ('RM000462', 'SITE000001', 'RL000038', 'MN000045', 2, 'SYSTEM', '2026-01-01 00:00:00') ON CONFLICT DO NOTHING;
INSERT INTO shopjoy_2604.sy_role_menu (role_menu_id, site_id, role_id, menu_id, perm_level, reg_by, reg_date) VALUES ('RM000463', 'SITE000001', 'RL000038', 'MN000046', 2, 'SYSTEM', '2026-01-01 00:00:00') ON CONFLICT DO NOTHING;
INSERT INTO shopjoy_2604.sy_role_menu (role_menu_id, site_id, role_id, menu_id, perm_level, reg_by, reg_date) VALUES ('RM000464', 'SITE000001', 'RL000038', 'MN000047', 2, 'SYSTEM', '2026-01-01 00:00:00') ON CONFLICT DO NOTHING;
INSERT INTO shopjoy_2604.sy_role_menu (role_menu_id, site_id, role_id, menu_id, perm_level, reg_by, reg_date) VALUES ('RM000465', 'SITE000001', 'RL000038', 'MN000048', 2, 'SYSTEM', '2026-01-01 00:00:00') ON CONFLICT DO NOTHING;
INSERT INTO shopjoy_2604.sy_role_menu (role_menu_id, site_id, role_id, menu_id, perm_level, reg_by, reg_date) VALUES ('RM000466', 'SITE000001', 'RL000038', 'MN000049', 2, 'SYSTEM', '2026-01-01 00:00:00') ON CONFLICT DO NOTHING;
INSERT INTO shopjoy_2604.sy_role_menu (role_menu_id, site_id, role_id, menu_id, perm_level, reg_by, reg_date) VALUES ('RM000467', 'SITE000001', 'RL000038', 'MN000050', 2, 'SYSTEM', '2026-01-01 00:00:00') ON CONFLICT DO NOTHING;
INSERT INTO shopjoy_2604.sy_role_menu (role_menu_id, site_id, role_id, menu_id, perm_level, reg_by, reg_date) VALUES ('RM000468', 'SITE000001', 'RL000038', 'MN000051', 2, 'SYSTEM', '2026-01-01 00:00:00') ON CONFLICT DO NOTHING;
INSERT INTO shopjoy_2604.sy_role_menu (role_menu_id, site_id, role_id, menu_id, perm_level, reg_by, reg_date) VALUES ('RM000469', 'SITE000001', 'RL000038', 'MN000052', 2, 'SYSTEM', '2026-01-01 00:00:00') ON CONFLICT DO NOTHING;
INSERT INTO shopjoy_2604.sy_role_menu (role_menu_id, site_id, role_id, menu_id, perm_level, reg_by, reg_date) VALUES ('RM000470', 'SITE000001', 'RL000038', 'MN000053', 2, 'SYSTEM', '2026-01-01 00:00:00') ON CONFLICT DO NOTHING;
INSERT INTO shopjoy_2604.sy_role_menu (role_menu_id, site_id, role_id, menu_id, perm_level, reg_by, reg_date) VALUES ('RM000471', 'SITE000001', 'RL000038', 'MN000054', 2, 'SYSTEM', '2026-01-01 00:00:00') ON CONFLICT DO NOTHING;
INSERT INTO shopjoy_2604.sy_role_menu (role_menu_id, site_id, role_id, menu_id, perm_level, reg_by, reg_date) VALUES ('RM000472', 'SITE000001', 'RL000038', 'MN000055', 2, 'SYSTEM', '2026-01-01 00:00:00') ON CONFLICT DO NOTHING;
INSERT INTO shopjoy_2604.sy_role_menu (role_menu_id, site_id, role_id, menu_id, perm_level, reg_by, reg_date) VALUES ('RM000473', 'SITE000001', 'RL000038', 'MN000060', 2, 'SYSTEM', '2026-01-01 00:00:00') ON CONFLICT DO NOTHING;
INSERT INTO shopjoy_2604.sy_role_menu (role_menu_id, site_id, role_id, menu_id, perm_level, reg_by, reg_date) VALUES ('RM000474', 'SITE000001', 'RL000038', 'MN000061', 2, 'SYSTEM', '2026-01-01 00:00:00') ON CONFLICT DO NOTHING;
INSERT INTO shopjoy_2604.sy_role_menu (role_menu_id, site_id, role_id, menu_id, perm_level, reg_by, reg_date) VALUES ('RM000475', 'SITE000001', 'RL000038', 'MN000062', 2, 'SYSTEM', '2026-01-01 00:00:00') ON CONFLICT DO NOTHING;
INSERT INTO shopjoy_2604.sy_role_menu (role_menu_id, site_id, role_id, menu_id, perm_level, reg_by, reg_date) VALUES ('RM000476', 'SITE000001', 'RL000038', 'MN000063', 2, 'SYSTEM', '2026-01-01 00:00:00') ON CONFLICT DO NOTHING;
INSERT INTO shopjoy_2604.sy_role_menu (role_menu_id, site_id, role_id, menu_id, perm_level, reg_by, reg_date) VALUES ('RM000477', 'SITE000001', 'RL000038', 'MN000070', 2, 'SYSTEM', '2026-01-01 00:00:00') ON CONFLICT DO NOTHING;
INSERT INTO shopjoy_2604.sy_role_menu (role_menu_id, site_id, role_id, menu_id, perm_level, reg_by, reg_date) VALUES ('RM000478', 'SITE000001', 'RL000038', 'MN000071', 2, 'SYSTEM', '2026-01-01 00:00:00') ON CONFLICT DO NOTHING;
INSERT INTO shopjoy_2604.sy_role_menu (role_menu_id, site_id, role_id, menu_id, perm_level, reg_by, reg_date) VALUES ('RM000479', 'SITE000001', 'RL000038', 'MN000072', 2, 'SYSTEM', '2026-01-01 00:00:00') ON CONFLICT DO NOTHING;
INSERT INTO shopjoy_2604.sy_role_menu (role_menu_id, site_id, role_id, menu_id, perm_level, reg_by, reg_date) VALUES ('RM000480', 'SITE000001', 'RL000038', 'MN000073', 2, 'SYSTEM', '2026-01-01 00:00:00') ON CONFLICT DO NOTHING;
INSERT INTO shopjoy_2604.sy_role_menu (role_menu_id, site_id, role_id, menu_id, perm_level, reg_by, reg_date) VALUES ('RM000481', 'SITE000001', 'RL000038', 'MN000074', 2, 'SYSTEM', '2026-01-01 00:00:00') ON CONFLICT DO NOTHING;
INSERT INTO shopjoy_2604.sy_role_menu (role_menu_id, site_id, role_id, menu_id, perm_level, reg_by, reg_date) VALUES ('RM000482', 'SITE000001', 'RL000038', 'MN000075', 2, 'SYSTEM', '2026-01-01 00:00:00') ON CONFLICT DO NOTHING;
INSERT INTO shopjoy_2604.sy_role_menu (role_menu_id, site_id, role_id, menu_id, perm_level, reg_by, reg_date) VALUES ('RM000483', 'SITE000001', 'RL000038', 'MN000076', 2, 'SYSTEM', '2026-01-01 00:00:00') ON CONFLICT DO NOTHING;
INSERT INTO shopjoy_2604.sy_role_menu (role_menu_id, site_id, role_id, menu_id, perm_level, reg_by, reg_date) VALUES ('RM000484', 'SITE000001', 'RL000038', 'MN000077', 2, 'SYSTEM', '2026-01-01 00:00:00') ON CONFLICT DO NOTHING;
INSERT INTO shopjoy_2604.sy_role_menu (role_menu_id, site_id, role_id, menu_id, perm_level, reg_by, reg_date) VALUES ('RM000485', 'SITE000001', 'RL000038', 'MN000078', 2, 'SYSTEM', '2026-01-01 00:00:00') ON CONFLICT DO NOTHING;
INSERT INTO shopjoy_2604.sy_role_menu (role_menu_id, site_id, role_id, menu_id, perm_level, reg_by, reg_date) VALUES ('RM000486', 'SITE000001', 'RL000038', 'MN000079', 2, 'SYSTEM', '2026-01-01 00:00:00') ON CONFLICT DO NOTHING;
INSERT INTO shopjoy_2604.sy_role_menu (role_menu_id, site_id, role_id, menu_id, perm_level, reg_by, reg_date) VALUES ('RM000487', 'SITE000001', 'RL000038', 'MN000080', 2, 'SYSTEM', '2026-01-01 00:00:00') ON CONFLICT DO NOTHING;
INSERT INTO shopjoy_2604.sy_role_menu (role_menu_id, site_id, role_id, menu_id, perm_level, reg_by, reg_date) VALUES ('RM000488', 'SITE000001', 'RL000038', 'MN000081', 2, 'SYSTEM', '2026-01-01 00:00:00') ON CONFLICT DO NOTHING;
INSERT INTO shopjoy_2604.sy_role_menu (role_menu_id, site_id, role_id, menu_id, perm_level, reg_by, reg_date) VALUES ('RM000489', 'SITE000001', 'RL000038', 'MN000082', 2, 'SYSTEM', '2026-01-01 00:00:00') ON CONFLICT DO NOTHING;
INSERT INTO shopjoy_2604.sy_role_menu (role_menu_id, site_id, role_id, menu_id, perm_level, reg_by, reg_date) VALUES ('RM000490', 'SITE000001', 'RL000038', 'MN000083', 2, 'SYSTEM', '2026-01-01 00:00:00') ON CONFLICT DO NOTHING;
INSERT INTO shopjoy_2604.sy_role_menu (role_menu_id, site_id, role_id, menu_id, perm_level, reg_by, reg_date) VALUES ('RM000491', 'SITE000001', 'RL000038', 'MN000084', 2, 'SYSTEM', '2026-01-01 00:00:00') ON CONFLICT DO NOTHING;
INSERT INTO shopjoy_2604.sy_role_menu (role_menu_id, site_id, role_id, menu_id, perm_level, reg_by, reg_date) VALUES ('RM000492', 'SITE000001', 'RL000038', 'MN000085', 2, 'SYSTEM', '2026-01-01 00:00:00') ON CONFLICT DO NOTHING;
INSERT INTO shopjoy_2604.sy_role_menu (role_menu_id, site_id, role_id, menu_id, perm_level, reg_by, reg_date) VALUES ('RM000493', 'SITE000001', 'RL000038', 'MN000086', 2, 'SYSTEM', '2026-01-01 00:00:00') ON CONFLICT DO NOTHING;
INSERT INTO shopjoy_2604.sy_role_menu (role_menu_id, site_id, role_id, menu_id, perm_level, reg_by, reg_date) VALUES ('RM000494', 'SITE000001', 'RL000038', 'MN000087', 2, 'SYSTEM', '2026-01-01 00:00:00') ON CONFLICT DO NOTHING;
INSERT INTO shopjoy_2604.sy_role_menu (role_menu_id, site_id, role_id, menu_id, perm_level, reg_by, reg_date) VALUES ('RM000495', 'SITE000001', 'RL000038', 'MN000088', 2, 'SYSTEM', '2026-01-01 00:00:00') ON CONFLICT DO NOTHING;
INSERT INTO shopjoy_2604.sy_role_menu (role_menu_id, site_id, role_id, menu_id, perm_level, reg_by, reg_date) VALUES ('RM000496', 'SITE000001', 'RL000038', 'MN000089', 2, 'SYSTEM', '2026-01-01 00:00:00') ON CONFLICT DO NOTHING;
INSERT INTO shopjoy_2604.sy_role_menu (role_menu_id, site_id, role_id, menu_id, perm_level, reg_by, reg_date) VALUES ('RM000497', 'SITE000001', 'RL000038', 'MN000090', 2, 'SYSTEM', '2026-01-01 00:00:00') ON CONFLICT DO NOTHING;
INSERT INTO shopjoy_2604.sy_role_menu (role_menu_id, site_id, role_id, menu_id, perm_level, reg_by, reg_date) VALUES ('RM000498', 'SITE000001', 'RL000038', 'MN000091', 2, 'SYSTEM', '2026-01-01 00:00:00') ON CONFLICT DO NOTHING;
INSERT INTO shopjoy_2604.sy_role_menu (role_menu_id, site_id, role_id, menu_id, perm_level, reg_by, reg_date) VALUES ('RM000499', 'SITE000001', 'RL000038', 'MN000092', 2, 'SYSTEM', '2026-01-01 00:00:00') ON CONFLICT DO NOTHING;
INSERT INTO shopjoy_2604.sy_role_menu (role_menu_id, site_id, role_id, menu_id, perm_level, reg_by, reg_date) VALUES ('RM000500', 'SITE000001', 'RL000038', 'MN000093', 2, 'SYSTEM', '2026-01-01 00:00:00') ON CONFLICT DO NOTHING;
INSERT INTO shopjoy_2604.sy_role_menu (role_menu_id, site_id, role_id, menu_id, perm_level, reg_by, reg_date) VALUES ('RM000501', 'SITE000001', 'RL000038', 'MN000094', 2, 'SYSTEM', '2026-01-01 00:00:00') ON CONFLICT DO NOTHING;
INSERT INTO shopjoy_2604.sy_role_menu (role_menu_id, site_id, role_id, menu_id, perm_level, reg_by, reg_date) VALUES ('RM000502', 'SITE000001', 'RL000038', 'MN000095', 2, 'SYSTEM', '2026-01-01 00:00:00') ON CONFLICT DO NOTHING;
INSERT INTO shopjoy_2604.sy_role_menu (role_menu_id, site_id, role_id, menu_id, perm_level, reg_by, reg_date) VALUES ('RM000503', 'SITE000001', 'RL000038', 'MN000096', 2, 'SYSTEM', '2026-01-01 00:00:00') ON CONFLICT DO NOTHING;
INSERT INTO shopjoy_2604.sy_role_menu (role_menu_id, site_id, role_id, menu_id, perm_level, reg_by, reg_date) VALUES ('RM000504', 'SITE000001', 'RL000039', 'MN000070', 2, 'SYSTEM', '2026-01-01 00:00:00') ON CONFLICT DO NOTHING;
INSERT INTO shopjoy_2604.sy_role_menu (role_menu_id, site_id, role_id, menu_id, perm_level, reg_by, reg_date) VALUES ('RM000505', 'SITE000001', 'RL000039', 'MN000071', 2, 'SYSTEM', '2026-01-01 00:00:00') ON CONFLICT DO NOTHING;
INSERT INTO shopjoy_2604.sy_role_menu (role_menu_id, site_id, role_id, menu_id, perm_level, reg_by, reg_date) VALUES ('RM000506', 'SITE000001', 'RL000039', 'MN000072', 2, 'SYSTEM', '2026-01-01 00:00:00') ON CONFLICT DO NOTHING;
INSERT INTO shopjoy_2604.sy_role_menu (role_menu_id, site_id, role_id, menu_id, perm_level, reg_by, reg_date) VALUES ('RM000507', 'SITE000001', 'RL000039', 'MN000073', 2, 'SYSTEM', '2026-01-01 00:00:00') ON CONFLICT DO NOTHING;
INSERT INTO shopjoy_2604.sy_role_menu (role_menu_id, site_id, role_id, menu_id, perm_level, reg_by, reg_date) VALUES ('RM000508', 'SITE000001', 'RL000039', 'MN000074', 2, 'SYSTEM', '2026-01-01 00:00:00') ON CONFLICT DO NOTHING;
INSERT INTO shopjoy_2604.sy_role_menu (role_menu_id, site_id, role_id, menu_id, perm_level, reg_by, reg_date) VALUES ('RM000509', 'SITE000001', 'RL000039', 'MN000075', 2, 'SYSTEM', '2026-01-01 00:00:00') ON CONFLICT DO NOTHING;
INSERT INTO shopjoy_2604.sy_role_menu (role_menu_id, site_id, role_id, menu_id, perm_level, reg_by, reg_date) VALUES ('RM000510', 'SITE000001', 'RL000039', 'MN000076', 2, 'SYSTEM', '2026-01-01 00:00:00') ON CONFLICT DO NOTHING;
INSERT INTO shopjoy_2604.sy_role_menu (role_menu_id, site_id, role_id, menu_id, perm_level, reg_by, reg_date) VALUES ('RM000511', 'SITE000001', 'RL000039', 'MN000077', 2, 'SYSTEM', '2026-01-01 00:00:00') ON CONFLICT DO NOTHING;
INSERT INTO shopjoy_2604.sy_role_menu (role_menu_id, site_id, role_id, menu_id, perm_level, reg_by, reg_date) VALUES ('RM000512', 'SITE000001', 'RL000039', 'MN000078', 2, 'SYSTEM', '2026-01-01 00:00:00') ON CONFLICT DO NOTHING;
INSERT INTO shopjoy_2604.sy_role_menu (role_menu_id, site_id, role_id, menu_id, perm_level, reg_by, reg_date) VALUES ('RM000513', 'SITE000001', 'RL000039', 'MN000079', 2, 'SYSTEM', '2026-01-01 00:00:00') ON CONFLICT DO NOTHING;
INSERT INTO shopjoy_2604.sy_role_menu (role_menu_id, site_id, role_id, menu_id, perm_level, reg_by, reg_date) VALUES ('RM000514', 'SITE000001', 'RL000039', 'MN000080', 2, 'SYSTEM', '2026-01-01 00:00:00') ON CONFLICT DO NOTHING;
INSERT INTO shopjoy_2604.sy_role_menu (role_menu_id, site_id, role_id, menu_id, perm_level, reg_by, reg_date) VALUES ('RM000515', 'SITE000001', 'RL000039', 'MN000081', 2, 'SYSTEM', '2026-01-01 00:00:00') ON CONFLICT DO NOTHING;
INSERT INTO shopjoy_2604.sy_role_menu (role_menu_id, site_id, role_id, menu_id, perm_level, reg_by, reg_date) VALUES ('RM000516', 'SITE000001', 'RL000039', 'MN000082', 2, 'SYSTEM', '2026-01-01 00:00:00') ON CONFLICT DO NOTHING;
INSERT INTO shopjoy_2604.sy_role_menu (role_menu_id, site_id, role_id, menu_id, perm_level, reg_by, reg_date) VALUES ('RM000517', 'SITE000001', 'RL000039', 'MN000083', 2, 'SYSTEM', '2026-01-01 00:00:00') ON CONFLICT DO NOTHING;
INSERT INTO shopjoy_2604.sy_role_menu (role_menu_id, site_id, role_id, menu_id, perm_level, reg_by, reg_date) VALUES ('RM000518', 'SITE000001', 'RL000039', 'MN000084', 2, 'SYSTEM', '2026-01-01 00:00:00') ON CONFLICT DO NOTHING;
INSERT INTO shopjoy_2604.sy_role_menu (role_menu_id, site_id, role_id, menu_id, perm_level, reg_by, reg_date) VALUES ('RM000519', 'SITE000001', 'RL000039', 'MN000085', 2, 'SYSTEM', '2026-01-01 00:00:00') ON CONFLICT DO NOTHING;
INSERT INTO shopjoy_2604.sy_role_menu (role_menu_id, site_id, role_id, menu_id, perm_level, reg_by, reg_date) VALUES ('RM000520', 'SITE000001', 'RL000039', 'MN000086', 2, 'SYSTEM', '2026-01-01 00:00:00') ON CONFLICT DO NOTHING;
INSERT INTO shopjoy_2604.sy_role_menu (role_menu_id, site_id, role_id, menu_id, perm_level, reg_by, reg_date) VALUES ('RM000521', 'SITE000001', 'RL000039', 'MN000087', 2, 'SYSTEM', '2026-01-01 00:00:00') ON CONFLICT DO NOTHING;
INSERT INTO shopjoy_2604.sy_role_menu (role_menu_id, site_id, role_id, menu_id, perm_level, reg_by, reg_date) VALUES ('RM000522', 'SITE000001', 'RL000039', 'MN000088', 2, 'SYSTEM', '2026-01-01 00:00:00') ON CONFLICT DO NOTHING;
INSERT INTO shopjoy_2604.sy_role_menu (role_menu_id, site_id, role_id, menu_id, perm_level, reg_by, reg_date) VALUES ('RM000523', 'SITE000001', 'RL000039', 'MN000089', 2, 'SYSTEM', '2026-01-01 00:00:00') ON CONFLICT DO NOTHING;
INSERT INTO shopjoy_2604.sy_role_menu (role_menu_id, site_id, role_id, menu_id, perm_level, reg_by, reg_date) VALUES ('RM000524', 'SITE000001', 'RL000039', 'MN000090', 2, 'SYSTEM', '2026-01-01 00:00:00') ON CONFLICT DO NOTHING;
INSERT INTO shopjoy_2604.sy_role_menu (role_menu_id, site_id, role_id, menu_id, perm_level, reg_by, reg_date) VALUES ('RM000525', 'SITE000001', 'RL000039', 'MN000091', 2, 'SYSTEM', '2026-01-01 00:00:00') ON CONFLICT DO NOTHING;
INSERT INTO shopjoy_2604.sy_role_menu (role_menu_id, site_id, role_id, menu_id, perm_level, reg_by, reg_date) VALUES ('RM000526', 'SITE000001', 'RL000039', 'MN000092', 2, 'SYSTEM', '2026-01-01 00:00:00') ON CONFLICT DO NOTHING;
INSERT INTO shopjoy_2604.sy_role_menu (role_menu_id, site_id, role_id, menu_id, perm_level, reg_by, reg_date) VALUES ('RM000527', 'SITE000001', 'RL000039', 'MN000093', 2, 'SYSTEM', '2026-01-01 00:00:00') ON CONFLICT DO NOTHING;
INSERT INTO shopjoy_2604.sy_role_menu (role_menu_id, site_id, role_id, menu_id, perm_level, reg_by, reg_date) VALUES ('RM000528', 'SITE000001', 'RL000039', 'MN000094', 2, 'SYSTEM', '2026-01-01 00:00:00') ON CONFLICT DO NOTHING;
INSERT INTO shopjoy_2604.sy_role_menu (role_menu_id, site_id, role_id, menu_id, perm_level, reg_by, reg_date) VALUES ('RM000529', 'SITE000001', 'RL000039', 'MN000095', 2, 'SYSTEM', '2026-01-01 00:00:00') ON CONFLICT DO NOTHING;
INSERT INTO shopjoy_2604.sy_role_menu (role_menu_id, site_id, role_id, menu_id, perm_level, reg_by, reg_date) VALUES ('RM000530', 'SITE000001', 'RL000039', 'MN000096', 2, 'SYSTEM', '2026-01-01 00:00:00') ON CONFLICT DO NOTHING;
INSERT INTO shopjoy_2604.sy_role_menu (role_menu_id, site_id, role_id, menu_id, perm_level, reg_by, reg_date) VALUES ('RM000531', 'SITE000001', 'RL000040', 'MN000070', 1, 'SYSTEM', '2026-01-01 00:00:00') ON CONFLICT DO NOTHING;
INSERT INTO shopjoy_2604.sy_role_menu (role_menu_id, site_id, role_id, menu_id, perm_level, reg_by, reg_date) VALUES ('RM000532', 'SITE000001', 'RL000040', 'MN000071', 1, 'SYSTEM', '2026-01-01 00:00:00') ON CONFLICT DO NOTHING;
INSERT INTO shopjoy_2604.sy_role_menu (role_menu_id, site_id, role_id, menu_id, perm_level, reg_by, reg_date) VALUES ('RM000533', 'SITE000001', 'RL000040', 'MN000072', 1, 'SYSTEM', '2026-01-01 00:00:00') ON CONFLICT DO NOTHING;
INSERT INTO shopjoy_2604.sy_role_menu (role_menu_id, site_id, role_id, menu_id, perm_level, reg_by, reg_date) VALUES ('RM000534', 'SITE000001', 'RL000040', 'MN000073', 1, 'SYSTEM', '2026-01-01 00:00:00') ON CONFLICT DO NOTHING;
INSERT INTO shopjoy_2604.sy_role_menu (role_menu_id, site_id, role_id, menu_id, perm_level, reg_by, reg_date) VALUES ('RM000535', 'SITE000001', 'RL000040', 'MN000074', 1, 'SYSTEM', '2026-01-01 00:00:00') ON CONFLICT DO NOTHING;
INSERT INTO shopjoy_2604.sy_role_menu (role_menu_id, site_id, role_id, menu_id, perm_level, reg_by, reg_date) VALUES ('RM000536', 'SITE000001', 'RL000040', 'MN000075', 1, 'SYSTEM', '2026-01-01 00:00:00') ON CONFLICT DO NOTHING;
INSERT INTO shopjoy_2604.sy_role_menu (role_menu_id, site_id, role_id, menu_id, perm_level, reg_by, reg_date) VALUES ('RM000537', 'SITE000001', 'RL000040', 'MN000076', 1, 'SYSTEM', '2026-01-01 00:00:00') ON CONFLICT DO NOTHING;
INSERT INTO shopjoy_2604.sy_role_menu (role_menu_id, site_id, role_id, menu_id, perm_level, reg_by, reg_date) VALUES ('RM000538', 'SITE000001', 'RL000040', 'MN000077', 1, 'SYSTEM', '2026-01-01 00:00:00') ON CONFLICT DO NOTHING;
INSERT INTO shopjoy_2604.sy_role_menu (role_menu_id, site_id, role_id, menu_id, perm_level, reg_by, reg_date) VALUES ('RM000539', 'SITE000001', 'RL000040', 'MN000078', 1, 'SYSTEM', '2026-01-01 00:00:00') ON CONFLICT DO NOTHING;
INSERT INTO shopjoy_2604.sy_role_menu (role_menu_id, site_id, role_id, menu_id, perm_level, reg_by, reg_date) VALUES ('RM000540', 'SITE000001', 'RL000040', 'MN000079', 1, 'SYSTEM', '2026-01-01 00:00:00') ON CONFLICT DO NOTHING;
INSERT INTO shopjoy_2604.sy_role_menu (role_menu_id, site_id, role_id, menu_id, perm_level, reg_by, reg_date) VALUES ('RM000541', 'SITE000001', 'RL000040', 'MN000080', 1, 'SYSTEM', '2026-01-01 00:00:00') ON CONFLICT DO NOTHING;
INSERT INTO shopjoy_2604.sy_role_menu (role_menu_id, site_id, role_id, menu_id, perm_level, reg_by, reg_date) VALUES ('RM000542', 'SITE000001', 'RL000040', 'MN000081', 1, 'SYSTEM', '2026-01-01 00:00:00') ON CONFLICT DO NOTHING;
INSERT INTO shopjoy_2604.sy_role_menu (role_menu_id, site_id, role_id, menu_id, perm_level, reg_by, reg_date) VALUES ('RM000543', 'SITE000001', 'RL000040', 'MN000082', 1, 'SYSTEM', '2026-01-01 00:00:00') ON CONFLICT DO NOTHING;
INSERT INTO shopjoy_2604.sy_role_menu (role_menu_id, site_id, role_id, menu_id, perm_level, reg_by, reg_date) VALUES ('RM000544', 'SITE000001', 'RL000040', 'MN000083', 1, 'SYSTEM', '2026-01-01 00:00:00') ON CONFLICT DO NOTHING;
INSERT INTO shopjoy_2604.sy_role_menu (role_menu_id, site_id, role_id, menu_id, perm_level, reg_by, reg_date) VALUES ('RM000545', 'SITE000001', 'RL000040', 'MN000084', 1, 'SYSTEM', '2026-01-01 00:00:00') ON CONFLICT DO NOTHING;
INSERT INTO shopjoy_2604.sy_role_menu (role_menu_id, site_id, role_id, menu_id, perm_level, reg_by, reg_date) VALUES ('RM000546', 'SITE000001', 'RL000040', 'MN000085', 1, 'SYSTEM', '2026-01-01 00:00:00') ON CONFLICT DO NOTHING;
INSERT INTO shopjoy_2604.sy_role_menu (role_menu_id, site_id, role_id, menu_id, perm_level, reg_by, reg_date) VALUES ('RM000547', 'SITE000001', 'RL000040', 'MN000086', 1, 'SYSTEM', '2026-01-01 00:00:00') ON CONFLICT DO NOTHING;
INSERT INTO shopjoy_2604.sy_role_menu (role_menu_id, site_id, role_id, menu_id, perm_level, reg_by, reg_date) VALUES ('RM000548', 'SITE000001', 'RL000040', 'MN000087', 1, 'SYSTEM', '2026-01-01 00:00:00') ON CONFLICT DO NOTHING;
INSERT INTO shopjoy_2604.sy_role_menu (role_menu_id, site_id, role_id, menu_id, perm_level, reg_by, reg_date) VALUES ('RM000549', 'SITE000001', 'RL000040', 'MN000088', 1, 'SYSTEM', '2026-01-01 00:00:00') ON CONFLICT DO NOTHING;
INSERT INTO shopjoy_2604.sy_role_menu (role_menu_id, site_id, role_id, menu_id, perm_level, reg_by, reg_date) VALUES ('RM000550', 'SITE000001', 'RL000040', 'MN000089', 1, 'SYSTEM', '2026-01-01 00:00:00') ON CONFLICT DO NOTHING;
INSERT INTO shopjoy_2604.sy_role_menu (role_menu_id, site_id, role_id, menu_id, perm_level, reg_by, reg_date) VALUES ('RM000551', 'SITE000001', 'RL000040', 'MN000090', 1, 'SYSTEM', '2026-01-01 00:00:00') ON CONFLICT DO NOTHING;
INSERT INTO shopjoy_2604.sy_role_menu (role_menu_id, site_id, role_id, menu_id, perm_level, reg_by, reg_date) VALUES ('RM000552', 'SITE000001', 'RL000040', 'MN000091', 1, 'SYSTEM', '2026-01-01 00:00:00') ON CONFLICT DO NOTHING;
INSERT INTO shopjoy_2604.sy_role_menu (role_menu_id, site_id, role_id, menu_id, perm_level, reg_by, reg_date) VALUES ('RM000553', 'SITE000001', 'RL000040', 'MN000092', 1, 'SYSTEM', '2026-01-01 00:00:00') ON CONFLICT DO NOTHING;
INSERT INTO shopjoy_2604.sy_role_menu (role_menu_id, site_id, role_id, menu_id, perm_level, reg_by, reg_date) VALUES ('RM000554', 'SITE000001', 'RL000040', 'MN000093', 1, 'SYSTEM', '2026-01-01 00:00:00') ON CONFLICT DO NOTHING;
INSERT INTO shopjoy_2604.sy_role_menu (role_menu_id, site_id, role_id, menu_id, perm_level, reg_by, reg_date) VALUES ('RM000555', 'SITE000001', 'RL000040', 'MN000094', 1, 'SYSTEM', '2026-01-01 00:00:00') ON CONFLICT DO NOTHING;
INSERT INTO shopjoy_2604.sy_role_menu (role_menu_id, site_id, role_id, menu_id, perm_level, reg_by, reg_date) VALUES ('RM000556', 'SITE000001', 'RL000040', 'MN000095', 1, 'SYSTEM', '2026-01-01 00:00:00') ON CONFLICT DO NOTHING;
INSERT INTO shopjoy_2604.sy_role_menu (role_menu_id, site_id, role_id, menu_id, perm_level, reg_by, reg_date) VALUES ('RM000557', 'SITE000001', 'RL000040', 'MN000096', 1, 'SYSTEM', '2026-01-01 00:00:00') ON CONFLICT DO NOTHING;
INSERT INTO shopjoy_2604.sy_role_menu (role_menu_id, site_id, role_id, menu_id, perm_level, reg_by, reg_date) VALUES ('RM000558', 'SITE000001', 'RL000041', 'MN000094', 1, 'SYSTEM', '2026-01-01 00:00:00') ON CONFLICT DO NOTHING;
INSERT INTO shopjoy_2604.sy_role_menu (role_menu_id, site_id, role_id, menu_id, perm_level, reg_by, reg_date) VALUES ('RM000559', 'SITE000001', 'RL000041', 'MN000095', 1, 'SYSTEM', '2026-01-01 00:00:00') ON CONFLICT DO NOTHING;
INSERT INTO shopjoy_2604.sy_role_menu (role_menu_id, site_id, role_id, menu_id, perm_level, reg_by, reg_date) VALUES ('RM000560', 'SITE000001', 'RL000041', 'MN000096', 1, 'SYSTEM', '2026-01-01 00:00:00') ON CONFLICT DO NOTHING;

-- ================================================================
-- 4. sy_vendor — 추가 업체 (CS/운영/유지보수)
-- ================================================================
INSERT INTO shopjoy_2604.sy_vendor (vendor_id, site_id, vendor_no, vendor_nm, ceo_nm, vendor_phone, vendor_email, vendor_addr, contract_date, vendor_status_cd, reg_by, reg_date) VALUES ('VN000009', 'SITE000001', '901-93-90123', 'ShopJoy CS센터', '박고객', '02-1234-5678', 'cs@shopjoycs.kr', '서울 서초구 서초대로 901', '2025-01-01', 'ACTIVE', 'SYSTEM', '2026-01-01 00:00:00') ON CONFLICT DO NOTHING;
INSERT INTO shopjoy_2604.sy_vendor (vendor_id, site_id, vendor_no, vendor_nm, ceo_nm, vendor_phone, vendor_email, vendor_addr, contract_date, vendor_status_cd, reg_by, reg_date) VALUES ('VN000010', 'SITE000001', '101-11-11111', 'ShopJoy 운영팀', '김운영', '02-2345-6789', 'op@shopjoyop.kr', '서울 마포구 공덕동 102', '2025-06-01', 'ACTIVE', 'SYSTEM', '2026-01-01 00:00:00') ON CONFLICT DO NOTHING;
INSERT INTO shopjoy_2604.sy_vendor (vendor_id, site_id, vendor_no, vendor_nm, ceo_nm, vendor_phone, vendor_email, vendor_addr, contract_date, vendor_status_cd, reg_by, reg_date) VALUES ('VN000011', 'SITE000001', '202-22-22222', 'TechMagic IT', '이기술', '02-3456-7890', 'tech@techmagic.kr', '서울 강남구 역삼동 303', '2025-09-01', 'ACTIVE', 'SYSTEM', '2026-01-01 00:00:00') ON CONFLICT DO NOTHING;

-- ================================================================
-- 5. sy_vendor_user — 업체 담당자
-- ================================================================
INSERT INTO shopjoy_2604.sy_vendor_user (vendor_user_id, site_id, vendor_id, user_id, role_id, member_nm, vendor_user_mobile, vendor_user_email, is_main, auth_yn, join_date, vendor_user_status_cd, reg_by, reg_date) VALUES ('VU000001', 'SITE000001', 'VN000001', 'US000024', 'RL000010', '판매대표', '010-4000-0024', 'salesrep@demo.com', 'Y', 'Y', '2025-01-01', 'ACTIVE', 'SYSTEM', '2026-01-01 00:00:00') ON CONFLICT DO NOTHING;
INSERT INTO shopjoy_2604.sy_vendor_user (vendor_user_id, site_id, vendor_id, user_id, role_id, member_nm, vendor_user_mobile, vendor_user_email, is_main, auth_yn, join_date, vendor_user_status_cd, reg_by, reg_date) VALUES ('VU000002', 'SITE000001', 'VN000001', 'US000025', 'RL000011', '판매경영', '010-4000-0025', 'salesmgt@demo.com', 'N', 'N', '2025-01-01', 'ACTIVE', 'SYSTEM', '2026-01-01 00:00:00') ON CONFLICT DO NOTHING;
INSERT INTO shopjoy_2604.sy_vendor_user (vendor_user_id, site_id, vendor_id, user_id, role_id, member_nm, vendor_user_mobile, vendor_user_email, is_main, auth_yn, join_date, vendor_user_status_cd, reg_by, reg_date) VALUES ('VU000003', 'SITE000001', 'VN000001', 'US000026', 'RL000012', '판매사이트담당', '010-4000-0026', 'salesadmin@demo.com', 'N', 'N', '2025-01-01', 'ACTIVE', 'SYSTEM', '2026-01-01 00:00:00') ON CONFLICT DO NOTHING;
INSERT INTO shopjoy_2604.sy_vendor_user (vendor_user_id, site_id, vendor_id, user_id, role_id, member_nm, vendor_user_mobile, vendor_user_email, is_main, auth_yn, join_date, vendor_user_status_cd, reg_by, reg_date) VALUES ('VU000004', 'SITE000001', 'VN000001', 'US000027', 'RL000013', '판매사이트운영', '010-4000-0027', 'salesoper@demo.com', 'N', 'N', '2025-01-01', 'ACTIVE', 'SYSTEM', '2026-01-01 00:00:00') ON CONFLICT DO NOTHING;
INSERT INTO shopjoy_2604.sy_vendor_user (vendor_user_id, site_id, vendor_id, user_id, role_id, member_nm, vendor_user_mobile, vendor_user_email, is_main, auth_yn, join_date, vendor_user_status_cd, reg_by, reg_date) VALUES ('VU000005', 'SITE000001', 'VN000001', 'US000028', 'RL000028', '판매콜센터', '010-4000-0028', 'salescall@demo.com', 'N', 'N', '2025-01-01', 'ACTIVE', 'SYSTEM', '2026-01-01 00:00:00') ON CONFLICT DO NOTHING;
INSERT INTO shopjoy_2604.sy_vendor_user (vendor_user_id, site_id, vendor_id, user_id, role_id, member_nm, vendor_user_mobile, vendor_user_email, is_main, auth_yn, join_date, vendor_user_status_cd, reg_by, reg_date) VALUES ('VU000006', 'SITE000001', 'VN000001', 'US000029', 'RL000014', '판매뷰어', '010-4000-0029', 'salesview@demo.com', 'N', 'N', '2025-01-01', 'ACTIVE', 'SYSTEM', '2026-01-01 00:00:00') ON CONFLICT DO NOTHING;
INSERT INTO shopjoy_2604.sy_vendor_user (vendor_user_id, site_id, vendor_id, user_id, role_id, member_nm, vendor_user_mobile, vendor_user_email, is_main, auth_yn, join_date, vendor_user_status_cd, reg_by, reg_date) VALUES ('VU000007', 'SITE000001', 'VN000001', 'US000030', 'RL000019', '판매차단', '010-4000-0030', 'salesblck@demo.com', 'N', 'N', '2025-01-01', 'SUSPENDED', 'SYSTEM', '2026-01-01 00:00:00') ON CONFLICT DO NOTHING;
INSERT INTO shopjoy_2604.sy_vendor_user (vendor_user_id, site_id, vendor_id, user_id, role_id, member_nm, vendor_user_mobile, vendor_user_email, is_main, auth_yn, join_date, vendor_user_status_cd, reg_by, reg_date) VALUES ('VU000008', 'SITE000001', 'VN000002', 'US000025', 'RL000011', '판매경영', '010-4000-0025', 'salesmgt@demo.com', 'Y', 'Y', '2025-01-01', 'ACTIVE', 'SYSTEM', '2026-01-01 00:00:00') ON CONFLICT DO NOTHING;
INSERT INTO shopjoy_2604.sy_vendor_user (vendor_user_id, site_id, vendor_id, user_id, role_id, member_nm, vendor_user_mobile, vendor_user_email, is_main, auth_yn, join_date, vendor_user_status_cd, reg_by, reg_date) VALUES ('VU000009', 'SITE000001', 'VN000002', 'US000026', 'RL000012', '판매사이트담당', '010-4000-0026', 'salesadmin@demo.com', 'N', 'N', '2025-01-01', 'ACTIVE', 'SYSTEM', '2026-01-01 00:00:00') ON CONFLICT DO NOTHING;
INSERT INTO shopjoy_2604.sy_vendor_user (vendor_user_id, site_id, vendor_id, user_id, role_id, member_nm, vendor_user_mobile, vendor_user_email, is_main, auth_yn, join_date, vendor_user_status_cd, reg_by, reg_date) VALUES ('VU000010', 'SITE000001', 'VN000003', 'US000026', 'RL000012', '판매사이트담당', '010-4000-0026', 'salesadmin@demo.com', 'Y', 'Y', '2025-01-01', 'ACTIVE', 'SYSTEM', '2026-01-01 00:00:00') ON CONFLICT DO NOTHING;
INSERT INTO shopjoy_2604.sy_vendor_user (vendor_user_id, site_id, vendor_id, user_id, role_id, member_nm, vendor_user_mobile, vendor_user_email, is_main, auth_yn, join_date, vendor_user_status_cd, reg_by, reg_date) VALUES ('VU000011', 'SITE000001', 'VN000003', 'US000027', 'RL000013', '판매사이트운영', '010-4000-0027', 'salesoper@demo.com', 'N', 'N', '2025-01-01', 'ACTIVE', 'SYSTEM', '2026-01-01 00:00:00') ON CONFLICT DO NOTHING;
INSERT INTO shopjoy_2604.sy_vendor_user (vendor_user_id, site_id, vendor_id, user_id, role_id, member_nm, vendor_user_mobile, vendor_user_email, is_main, auth_yn, join_date, vendor_user_status_cd, reg_by, reg_date) VALUES ('VU000012', 'SITE000001', 'VN000004', 'US000024', 'RL000010', '판매대표', '010-4000-0024', 'salesrep@demo.com', 'Y', 'Y', '2025-01-01', 'ACTIVE', 'SYSTEM', '2026-01-01 00:00:00') ON CONFLICT DO NOTHING;
INSERT INTO shopjoy_2604.sy_vendor_user (vendor_user_id, site_id, vendor_id, user_id, role_id, member_nm, vendor_user_mobile, vendor_user_email, is_main, auth_yn, join_date, vendor_user_status_cd, reg_by, reg_date) VALUES ('VU000013', 'SITE000001', 'VN000004', 'US000029', 'RL000014', '판매뷰어', '010-4000-0029', 'salesview@demo.com', 'N', 'N', '2025-01-01', 'ACTIVE', 'SYSTEM', '2026-01-01 00:00:00') ON CONFLICT DO NOTHING;
INSERT INTO shopjoy_2604.sy_vendor_user (vendor_user_id, site_id, vendor_id, user_id, role_id, member_nm, vendor_user_mobile, vendor_user_email, is_main, auth_yn, join_date, vendor_user_status_cd, reg_by, reg_date) VALUES ('VU000014', 'SITE000001', 'VN000005', 'US000031', 'RL000021', '배송대표', '010-5000-0031', 'dlivrep@demo.com', 'Y', 'Y', '2025-01-01', 'ACTIVE', 'SYSTEM', '2026-01-01 00:00:00') ON CONFLICT DO NOTHING;
INSERT INTO shopjoy_2604.sy_vendor_user (vendor_user_id, site_id, vendor_id, user_id, role_id, member_nm, vendor_user_mobile, vendor_user_email, is_main, auth_yn, join_date, vendor_user_status_cd, reg_by, reg_date) VALUES ('VU000015', 'SITE000001', 'VN000005', 'US000032', 'RL000022', '배송경영', '010-5000-0032', 'dlivmgt@demo.com', 'N', 'N', '2025-01-01', 'ACTIVE', 'SYSTEM', '2026-01-01 00:00:00') ON CONFLICT DO NOTHING;
INSERT INTO shopjoy_2604.sy_vendor_user (vendor_user_id, site_id, vendor_id, user_id, role_id, member_nm, vendor_user_mobile, vendor_user_email, is_main, auth_yn, join_date, vendor_user_status_cd, reg_by, reg_date) VALUES ('VU000016', 'SITE000001', 'VN000005', 'US000033', 'RL000023', '배송사이트담당', '010-5000-0033', 'dlivadmin@demo.com', 'N', 'N', '2025-01-01', 'ACTIVE', 'SYSTEM', '2026-01-01 00:00:00') ON CONFLICT DO NOTHING;
INSERT INTO shopjoy_2604.sy_vendor_user (vendor_user_id, site_id, vendor_id, user_id, role_id, member_nm, vendor_user_mobile, vendor_user_email, is_main, auth_yn, join_date, vendor_user_status_cd, reg_by, reg_date) VALUES ('VU000017', 'SITE000001', 'VN000005', 'US000034', 'RL000024', '배송사이트운영', '010-5000-0034', 'dlivoper@demo.com', 'N', 'N', '2025-01-01', 'ACTIVE', 'SYSTEM', '2026-01-01 00:00:00') ON CONFLICT DO NOTHING;
INSERT INTO shopjoy_2604.sy_vendor_user (vendor_user_id, site_id, vendor_id, user_id, role_id, member_nm, vendor_user_mobile, vendor_user_email, is_main, auth_yn, join_date, vendor_user_status_cd, reg_by, reg_date) VALUES ('VU000018', 'SITE000001', 'VN000005', 'US000035', 'RL000029', '배송콜센터', '010-5000-0035', 'dlivcall@demo.com', 'N', 'N', '2025-01-01', 'ACTIVE', 'SYSTEM', '2026-01-01 00:00:00') ON CONFLICT DO NOTHING;
INSERT INTO shopjoy_2604.sy_vendor_user (vendor_user_id, site_id, vendor_id, user_id, role_id, member_nm, vendor_user_mobile, vendor_user_email, is_main, auth_yn, join_date, vendor_user_status_cd, reg_by, reg_date) VALUES ('VU000019', 'SITE000001', 'VN000005', 'US000036', 'RL000025', '배송뷰어', '010-5000-0036', 'dlivview@demo.com', 'N', 'N', '2025-01-01', 'ACTIVE', 'SYSTEM', '2026-01-01 00:00:00') ON CONFLICT DO NOTHING;
INSERT INTO shopjoy_2604.sy_vendor_user (vendor_user_id, site_id, vendor_id, user_id, role_id, member_nm, vendor_user_mobile, vendor_user_email, is_main, auth_yn, join_date, vendor_user_status_cd, reg_by, reg_date) VALUES ('VU000020', 'SITE000001', 'VN000005', 'US000037', 'RL000026', '배송차단', '010-5000-0037', 'dlivblck@demo.com', 'N', 'N', '2025-01-01', 'SUSPENDED', 'SYSTEM', '2026-01-01 00:00:00') ON CONFLICT DO NOTHING;
INSERT INTO shopjoy_2604.sy_vendor_user (vendor_user_id, site_id, vendor_id, user_id, role_id, member_nm, vendor_user_mobile, vendor_user_email, is_main, auth_yn, join_date, vendor_user_status_cd, reg_by, reg_date) VALUES ('VU000021', 'SITE000001', 'VN000006', 'US000032', 'RL000022', '배송경영', '010-5000-0032', 'dlivmgt@demo.com', 'Y', 'Y', '2025-01-01', 'ACTIVE', 'SYSTEM', '2026-01-01 00:00:00') ON CONFLICT DO NOTHING;
INSERT INTO shopjoy_2604.sy_vendor_user (vendor_user_id, site_id, vendor_id, user_id, role_id, member_nm, vendor_user_mobile, vendor_user_email, is_main, auth_yn, join_date, vendor_user_status_cd, reg_by, reg_date) VALUES ('VU000022', 'SITE000001', 'VN000006', 'US000033', 'RL000023', '배송사이트담당', '010-5000-0033', 'dlivadmin@demo.com', 'N', 'N', '2025-01-01', 'ACTIVE', 'SYSTEM', '2026-01-01 00:00:00') ON CONFLICT DO NOTHING;
INSERT INTO shopjoy_2604.sy_vendor_user (vendor_user_id, site_id, vendor_id, user_id, role_id, member_nm, vendor_user_mobile, vendor_user_email, is_main, auth_yn, join_date, vendor_user_status_cd, reg_by, reg_date) VALUES ('VU000023', 'SITE000001', 'VN000007', 'US000034', 'RL000024', '배송사이트운영', '010-5000-0034', 'dlivoper@demo.com', 'Y', 'Y', '2025-01-01', 'ACTIVE', 'SYSTEM', '2026-01-01 00:00:00') ON CONFLICT DO NOTHING;
INSERT INTO shopjoy_2604.sy_vendor_user (vendor_user_id, site_id, vendor_id, user_id, role_id, member_nm, vendor_user_mobile, vendor_user_email, is_main, auth_yn, join_date, vendor_user_status_cd, reg_by, reg_date) VALUES ('VU000024', 'SITE000001', 'VN000007', 'US000035', 'RL000029', '배송콜센터', '010-5000-0035', 'dlivcall@demo.com', 'N', 'N', '2025-01-01', 'ACTIVE', 'SYSTEM', '2026-01-01 00:00:00') ON CONFLICT DO NOTHING;
INSERT INTO shopjoy_2604.sy_vendor_user (vendor_user_id, site_id, vendor_id, user_id, role_id, member_nm, vendor_user_mobile, vendor_user_email, is_main, auth_yn, join_date, vendor_user_status_cd, reg_by, reg_date) VALUES ('VU000025', 'SITE000001', 'VN000008', 'US000036', 'RL000025', '배송뷰어', '010-5000-0036', 'dlivview@demo.com', 'Y', 'Y', '2025-01-01', 'ACTIVE', 'SYSTEM', '2026-01-01 00:00:00') ON CONFLICT DO NOTHING;
INSERT INTO shopjoy_2604.sy_vendor_user (vendor_user_id, site_id, vendor_id, user_id, role_id, member_nm, vendor_user_mobile, vendor_user_email, is_main, auth_yn, join_date, vendor_user_status_cd, reg_by, reg_date) VALUES ('VU000026', 'SITE000001', 'VN000009', 'US000038', 'RL000033', 'CS대표', '010-6000-0038', 'csrep@demo.com', 'Y', 'Y', '2025-01-01', 'ACTIVE', 'SYSTEM', '2026-01-01 00:00:00') ON CONFLICT DO NOTHING;
INSERT INTO shopjoy_2604.sy_vendor_user (vendor_user_id, site_id, vendor_id, user_id, role_id, member_nm, vendor_user_mobile, vendor_user_email, is_main, auth_yn, join_date, vendor_user_status_cd, reg_by, reg_date) VALUES ('VU000027', 'SITE000001', 'VN000009', 'US000039', 'RL000033', 'CS관리자', '010-6000-0039', 'csadmin@demo.com', 'N', 'N', '2025-01-01', 'ACTIVE', 'SYSTEM', '2026-01-01 00:00:00') ON CONFLICT DO NOTHING;
INSERT INTO shopjoy_2604.sy_vendor_user (vendor_user_id, site_id, vendor_id, user_id, role_id, member_nm, vendor_user_mobile, vendor_user_email, is_main, auth_yn, join_date, vendor_user_status_cd, reg_by, reg_date) VALUES ('VU000028', 'SITE000001', 'VN000009', 'US000040', 'RL000034', '수석상담사', '010-6000-0040', 'cssenior@demo.com', 'N', 'N', '2025-01-01', 'ACTIVE', 'SYSTEM', '2026-01-01 00:00:00') ON CONFLICT DO NOTHING;
INSERT INTO shopjoy_2604.sy_vendor_user (vendor_user_id, site_id, vendor_id, user_id, role_id, member_nm, vendor_user_mobile, vendor_user_email, is_main, auth_yn, join_date, vendor_user_status_cd, reg_by, reg_date) VALUES ('VU000029', 'SITE000001', 'VN000009', 'US000041', 'RL000035', '상담사', '010-6000-0041', 'csagent@demo.com', 'N', 'N', '2025-01-01', 'ACTIVE', 'SYSTEM', '2026-01-01 00:00:00') ON CONFLICT DO NOTHING;
INSERT INTO shopjoy_2604.sy_vendor_user (vendor_user_id, site_id, vendor_id, user_id, role_id, member_nm, vendor_user_mobile, vendor_user_email, is_main, auth_yn, join_date, vendor_user_status_cd, reg_by, reg_date) VALUES ('VU000030', 'SITE000001', 'VN000009', 'US000042', 'RL000036', 'CS조회', '010-6000-0042', 'csread@demo.com', 'N', 'N', '2025-01-01', 'ACTIVE', 'SYSTEM', '2026-01-01 00:00:00') ON CONFLICT DO NOTHING;
INSERT INTO shopjoy_2604.sy_vendor_user (vendor_user_id, site_id, vendor_id, user_id, role_id, member_nm, vendor_user_mobile, vendor_user_email, is_main, auth_yn, join_date, vendor_user_status_cd, reg_by, reg_date) VALUES ('VU000031', 'SITE000001', 'VN000009', 'US000043', 'RL000042', 'CS차단', '010-6000-0043', 'csblck@demo.com', 'N', 'N', '2025-01-01', 'SUSPENDED', 'SYSTEM', '2026-01-01 00:00:00') ON CONFLICT DO NOTHING;
INSERT INTO shopjoy_2604.sy_vendor_user (vendor_user_id, site_id, vendor_id, user_id, role_id, member_nm, vendor_user_mobile, vendor_user_email, is_main, auth_yn, join_date, vendor_user_status_cd, reg_by, reg_date) VALUES ('VU000032', 'SITE000001', 'VN000010', 'US000044', 'RL000044', '운영대표', '010-7000-0044', 'siteoprep@demo.com', 'Y', 'Y', '2025-01-01', 'ACTIVE', 'SYSTEM', '2026-01-01 00:00:00') ON CONFLICT DO NOTHING;
INSERT INTO shopjoy_2604.sy_vendor_user (vendor_user_id, site_id, vendor_id, user_id, role_id, member_nm, vendor_user_mobile, vendor_user_email, is_main, auth_yn, join_date, vendor_user_status_cd, reg_by, reg_date) VALUES ('VU000033', 'SITE000001', 'VN000010', 'US000045', 'RL000044', '운영관리자', '010-7000-0045', 'siteopadm@demo.com', 'N', 'N', '2025-01-01', 'ACTIVE', 'SYSTEM', '2026-01-01 00:00:00') ON CONFLICT DO NOTHING;
INSERT INTO shopjoy_2604.sy_vendor_user (vendor_user_id, site_id, vendor_id, user_id, role_id, member_nm, vendor_user_mobile, vendor_user_email, is_main, auth_yn, join_date, vendor_user_status_cd, reg_by, reg_date) VALUES ('VU000034', 'SITE000001', 'VN000010', 'US000046', 'RL000045', '운영담당자', '010-7000-0046', 'siteopoper@demo.com', 'N', 'N', '2025-01-01', 'ACTIVE', 'SYSTEM', '2026-01-01 00:00:00') ON CONFLICT DO NOTHING;
INSERT INTO shopjoy_2604.sy_vendor_user (vendor_user_id, site_id, vendor_id, user_id, role_id, member_nm, vendor_user_mobile, vendor_user_email, is_main, auth_yn, join_date, vendor_user_status_cd, reg_by, reg_date) VALUES ('VU000035', 'SITE000001', 'VN000010', 'US000047', 'RL000046', '콘텐츠담당', '010-7000-0047', 'siteopcnt@demo.com', 'N', 'N', '2025-01-01', 'ACTIVE', 'SYSTEM', '2026-01-01 00:00:00') ON CONFLICT DO NOTHING;
INSERT INTO shopjoy_2604.sy_vendor_user (vendor_user_id, site_id, vendor_id, user_id, role_id, member_nm, vendor_user_mobile, vendor_user_email, is_main, auth_yn, join_date, vendor_user_status_cd, reg_by, reg_date) VALUES ('VU000036', 'SITE000001', 'VN000011', 'US000048', 'RL000038', '기술총괄', '010-8000-0048', 'progrep@demo.com', 'Y', 'Y', '2025-01-01', 'ACTIVE', 'SYSTEM', '2026-01-01 00:00:00') ON CONFLICT DO NOTHING;
INSERT INTO shopjoy_2604.sy_vendor_user (vendor_user_id, site_id, vendor_id, user_id, role_id, member_nm, vendor_user_mobile, vendor_user_email, is_main, auth_yn, join_date, vendor_user_status_cd, reg_by, reg_date) VALUES ('VU000037', 'SITE000001', 'VN000011', 'US000049', 'RL000039', '개발자', '010-8000-0049', 'progdev@demo.com', 'N', 'N', '2025-01-01', 'ACTIVE', 'SYSTEM', '2026-01-01 00:00:00') ON CONFLICT DO NOTHING;
INSERT INTO shopjoy_2604.sy_vendor_user (vendor_user_id, site_id, vendor_id, user_id, role_id, member_nm, vendor_user_mobile, vendor_user_email, is_main, auth_yn, join_date, vendor_user_status_cd, reg_by, reg_date) VALUES ('VU000038', 'SITE000001', 'VN000011', 'US000050', 'RL000040', '기술지원', '010-8000-0050', 'progsupport@demo.com', 'N', 'N', '2025-01-01', 'ACTIVE', 'SYSTEM', '2026-01-01 00:00:00') ON CONFLICT DO NOTHING;
INSERT INTO shopjoy_2604.sy_vendor_user (vendor_user_id, site_id, vendor_id, user_id, role_id, member_nm, vendor_user_mobile, vendor_user_email, is_main, auth_yn, join_date, vendor_user_status_cd, reg_by, reg_date) VALUES ('VU000039', 'SITE000001', 'VN000011', 'US000051', 'RL000041', '보안감리', '010-8000-0051', 'progaudit@demo.com', 'N', 'N', '2025-01-01', 'ACTIVE', 'SYSTEM', '2026-01-01 00:00:00') ON CONFLICT DO NOTHING;
INSERT INTO shopjoy_2604.sy_vendor_user (vendor_user_id, site_id, vendor_id, user_id, role_id, member_nm, vendor_user_mobile, vendor_user_email, is_main, auth_yn, join_date, vendor_user_status_cd, reg_by, reg_date) VALUES ('VU000040', 'SITE000001', 'VN000011', 'US000052', 'RL000048', '기술차단', '010-8000-0052', 'progblck@demo.com', 'N', 'N', '2025-01-01', 'SUSPENDED', 'SYSTEM', '2026-01-01 00:00:00') ON CONFLICT DO NOTHING;

-- ================================================================
-- 6. sy_vendor_brand — 업체-브랜드 매핑
-- ================================================================
INSERT INTO shopjoy_2604.sy_vendor_brand (vendor_brand_id, site_id, vendor_id, brand_id, is_main, contract_cd, start_date, commission_rate, use_yn, reg_by, reg_date) VALUES ('VB000001', 'SITE000001', 'VN000001', 'BR000001', 'Y', 'CONSIGN', '2025-01-01', 15, 'Y', 'SYSTEM', '2026-01-01 00:00:00') ON CONFLICT DO NOTHING;
INSERT INTO shopjoy_2604.sy_vendor_brand (vendor_brand_id, site_id, vendor_id, brand_id, is_main, contract_cd, start_date, commission_rate, use_yn, reg_by, reg_date) VALUES ('VB000002', 'SITE000001', 'VN000001', 'BR000002', 'N', 'CONSIGN', '2025-01-01', 12, 'Y', 'SYSTEM', '2026-01-01 00:00:00') ON CONFLICT DO NOTHING;
INSERT INTO shopjoy_2604.sy_vendor_brand (vendor_brand_id, site_id, vendor_id, brand_id, is_main, contract_cd, start_date, commission_rate, use_yn, reg_by, reg_date) VALUES ('VB000003', 'SITE000001', 'VN000001', 'BR000003', 'N', 'CONSIGN', '2025-01-01', 12, 'Y', 'SYSTEM', '2026-01-01 00:00:00') ON CONFLICT DO NOTHING;
INSERT INTO shopjoy_2604.sy_vendor_brand (vendor_brand_id, site_id, vendor_id, brand_id, is_main, contract_cd, start_date, commission_rate, use_yn, reg_by, reg_date) VALUES ('VB000004', 'SITE000001', 'VN000001', 'BR000004', 'N', 'CONSIGN', '2025-01-01', 13, 'Y', 'SYSTEM', '2026-01-01 00:00:00') ON CONFLICT DO NOTHING;
INSERT INTO shopjoy_2604.sy_vendor_brand (vendor_brand_id, site_id, vendor_id, brand_id, is_main, contract_cd, start_date, commission_rate, use_yn, reg_by, reg_date) VALUES ('VB000005', 'SITE000001', 'VN000002', 'BR000005', 'Y', 'CONSIGN', '2025-01-01', 10, 'Y', 'SYSTEM', '2026-01-01 00:00:00') ON CONFLICT DO NOTHING;
INSERT INTO shopjoy_2604.sy_vendor_brand (vendor_brand_id, site_id, vendor_id, brand_id, is_main, contract_cd, start_date, commission_rate, use_yn, reg_by, reg_date) VALUES ('VB000006', 'SITE000001', 'VN000002', 'BR000006', 'N', 'CONSIGN', '2025-01-01', 8, 'Y', 'SYSTEM', '2026-01-01 00:00:00') ON CONFLICT DO NOTHING;
INSERT INTO shopjoy_2604.sy_vendor_brand (vendor_brand_id, site_id, vendor_id, brand_id, is_main, contract_cd, start_date, commission_rate, use_yn, reg_by, reg_date) VALUES ('VB000007', 'SITE000001', 'VN000002', 'BR000007', 'N', 'CONSIGN', '2025-01-01', 8, 'Y', 'SYSTEM', '2026-01-01 00:00:00') ON CONFLICT DO NOTHING;
INSERT INTO shopjoy_2604.sy_vendor_brand (vendor_brand_id, site_id, vendor_id, brand_id, is_main, contract_cd, start_date, commission_rate, use_yn, reg_by, reg_date) VALUES ('VB000008', 'SITE000001', 'VN000003', 'BR000009', 'Y', 'CONSIGN', '2025-01-01', 14, 'Y', 'SYSTEM', '2026-01-01 00:00:00') ON CONFLICT DO NOTHING;
INSERT INTO shopjoy_2604.sy_vendor_brand (vendor_brand_id, site_id, vendor_id, brand_id, is_main, contract_cd, start_date, commission_rate, use_yn, reg_by, reg_date) VALUES ('VB000009', 'SITE000001', 'VN000003', 'BR000010', 'N', 'CONSIGN', '2025-01-01', 13, 'Y', 'SYSTEM', '2026-01-01 00:00:00') ON CONFLICT DO NOTHING;
INSERT INTO shopjoy_2604.sy_vendor_brand (vendor_brand_id, site_id, vendor_id, brand_id, is_main, contract_cd, start_date, commission_rate, use_yn, reg_by, reg_date) VALUES ('VB000010', 'SITE000001', 'VN000004', 'BR000011', 'Y', 'CONSIGN', '2025-01-01', 5, 'Y', 'SYSTEM', '2026-01-01 00:00:00') ON CONFLICT DO NOTHING;

-- ================================================================
-- 7. sy_vendor_content — 업체 콘텐츠
-- ================================================================
INSERT INTO shopjoy_2604.sy_vendor_content (vendor_content_id, site_id, vendor_id, content_type_cd, vendor_content_title, vendor_content_subtitle, content_html, lang_cd, vendor_content_status_cd, use_yn, sort_ord, reg_by, reg_date) VALUES ('VC000001', 'SITE000001', 'VN000001', 'INTRO', '패션스타일 주식회사 소개', '글로벌 스포츠 브랜드 공식 총판', '<p>패션스타일 주식회사는 나이키, 아디다스 등 글로벌 스포츠 브랜드의 국내 공식 총판입니다.</p>', 'ko', 'ACTIVE', 'Y', 0, 'SYSTEM', '2026-01-01 00:00:00') ON CONFLICT DO NOTHING;
INSERT INTO shopjoy_2604.sy_vendor_content (vendor_content_id, site_id, vendor_id, content_type_cd, vendor_content_title, vendor_content_subtitle, content_html, lang_cd, vendor_content_status_cd, use_yn, sort_ord, reg_by, reg_date) VALUES ('VC000002', 'SITE000001', 'VN000001', 'TERMS', '이용약관', '서비스 이용 약관', '<p>제1조 목적: 본 약관은 패션스타일 주식회사의 서비스 이용에 관한 조건을 정합니다.</p>', 'ko', 'ACTIVE', 'Y', 0, 'SYSTEM', '2026-01-01 00:00:00') ON CONFLICT DO NOTHING;
INSERT INTO shopjoy_2604.sy_vendor_content (vendor_content_id, site_id, vendor_id, content_type_cd, vendor_content_title, vendor_content_subtitle, content_html, lang_cd, vendor_content_status_cd, use_yn, sort_ord, reg_by, reg_date) VALUES ('VC000003', 'SITE000001', 'VN000002', 'INTRO', '트렌드웨어 LLC 소개', 'SPA 브랜드 전문 판매', '<p>트렌드웨어는 유니클로, 자라 등 SPA 브랜드를 전문으로 취급합니다.</p>', 'ko', 'ACTIVE', 'Y', 0, 'SYSTEM', '2026-01-01 00:00:00') ON CONFLICT DO NOTHING;
INSERT INTO shopjoy_2604.sy_vendor_content (vendor_content_id, site_id, vendor_id, content_type_cd, vendor_content_title, vendor_content_subtitle, content_html, lang_cd, vendor_content_status_cd, use_yn, sort_ord, reg_by, reg_date) VALUES ('VC000004', 'SITE000001', 'VN000003', 'INTRO', '에코패션 Co. 소개', 'MLB·데상트 공식 파트너', '<p>에코패션은 MLB와 데상트의 공식 파트너사입니다.</p>', 'ko', 'ACTIVE', 'Y', 0, 'SYSTEM', '2026-01-01 00:00:00') ON CONFLICT DO NOTHING;
INSERT INTO shopjoy_2604.sy_vendor_content (vendor_content_id, site_id, vendor_id, content_type_cd, vendor_content_title, vendor_content_subtitle, content_html, lang_cd, vendor_content_status_cd, use_yn, sort_ord, reg_by, reg_date) VALUES ('VC000005', 'SITE000001', 'VN000005', 'INTRO', 'CJ대한통운 소개', '대한민국 1위 물류 기업', '<p>CJ대한통운은 전국 배송망을 보유한 물류 전문 기업입니다.</p>', 'ko', 'ACTIVE', 'Y', 0, 'SYSTEM', '2026-01-01 00:00:00') ON CONFLICT DO NOTHING;
INSERT INTO shopjoy_2604.sy_vendor_content (vendor_content_id, site_id, vendor_id, content_type_cd, vendor_content_title, vendor_content_subtitle, content_html, lang_cd, vendor_content_status_cd, use_yn, sort_ord, reg_by, reg_date) VALUES ('VC000006', 'SITE000001', 'VN000009', 'INTRO', 'ShopJoy CS센터 소개', '고객 만족 전문 콜센터', '<p>ShopJoy CS센터는 24시간 고객 문의를 처리합니다.</p>', 'ko', 'ACTIVE', 'Y', 0, 'SYSTEM', '2026-01-01 00:00:00') ON CONFLICT DO NOTHING;
INSERT INTO shopjoy_2604.sy_vendor_content (vendor_content_id, site_id, vendor_id, content_type_cd, vendor_content_title, vendor_content_subtitle, content_html, lang_cd, vendor_content_status_cd, use_yn, sort_ord, reg_by, reg_date) VALUES ('VC000007', 'SITE000001', 'VN000010', 'INTRO', 'ShopJoy 운영팀 소개', '쇼핑몰 전문 운영 파트너', '<p>ShopJoy 운영팀은 사이트 콘텐츠 및 전시를 담당합니다.</p>', 'ko', 'ACTIVE', 'Y', 0, 'SYSTEM', '2026-01-01 00:00:00') ON CONFLICT DO NOTHING;
INSERT INTO shopjoy_2604.sy_vendor_content (vendor_content_id, site_id, vendor_id, content_type_cd, vendor_content_title, vendor_content_subtitle, content_html, lang_cd, vendor_content_status_cd, use_yn, sort_ord, reg_by, reg_date) VALUES ('VC000008', 'SITE000001', 'VN000011', 'INTRO', 'TechMagic IT 소개', 'IT 인프라 유지보수 전문', '<p>TechMagic IT는 서버, 보안, API 연동 유지보수를 담당합니다.</p>', 'ko', 'ACTIVE', 'Y', 0, 'SYSTEM', '2026-01-01 00:00:00') ON CONFLICT DO NOTHING;

-- ================================================================
-- 8. sy_attach_grp — 첨부파일 그룹
-- ================================================================
INSERT INTO shopjoy_2604.sy_attach_grp (attach_grp_id, attach_grp_code, attach_grp_nm, file_ext_allow, max_file_size, max_file_count, storage_path, use_yn, sort_ord, reg_by, reg_date) VALUES ('AG000001', 'PROD_IMG', '상품 이미지', 'jpg,jpeg,png,gif,webp', 10485760, 20, '/ec/products/images', 'Y', 1, 'SYSTEM', '2026-01-01 00:00:00') ON CONFLICT DO NOTHING;
INSERT INTO shopjoy_2604.sy_attach_grp (attach_grp_id, attach_grp_code, attach_grp_nm, file_ext_allow, max_file_size, max_file_count, storage_path, use_yn, sort_ord, reg_by, reg_date) VALUES ('AG000002', 'MEMBER_ID', '회원 신분증', 'jpg,png,pdf', 5242880, 3, '/ec/members/id', 'Y', 2, 'SYSTEM', '2026-01-01 00:00:00') ON CONFLICT DO NOTHING;
INSERT INTO shopjoy_2604.sy_attach_grp (attach_grp_id, attach_grp_code, attach_grp_nm, file_ext_allow, max_file_size, max_file_count, storage_path, use_yn, sort_ord, reg_by, reg_date) VALUES ('AG000003', 'INQUIRY_FILE', '고객문의 첨부', 'jpg,png,pdf,doc,docx', 52428800, 5, '/ec/inquiry', 'Y', 3, 'SYSTEM', '2026-01-01 00:00:00') ON CONFLICT DO NOTHING;
INSERT INTO shopjoy_2604.sy_attach_grp (attach_grp_id, attach_grp_code, attach_grp_nm, file_ext_allow, max_file_size, max_file_count, storage_path, use_yn, sort_ord, reg_by, reg_date) VALUES ('AG000004', 'CLAIM_EVIDENCE', '클레임 증거', 'jpg,png,pdf,mp4,mov', 104857600, 10, '/ec/claims', 'Y', 4, 'SYSTEM', '2026-01-01 00:00:00') ON CONFLICT DO NOTHING;
INSERT INTO shopjoy_2604.sy_attach_grp (attach_grp_id, attach_grp_code, attach_grp_nm, file_ext_allow, max_file_size, max_file_count, storage_path, use_yn, sort_ord, reg_by, reg_date) VALUES ('AG000005', 'DLIV_PROOF', '배송 증명', 'jpg,png,pdf', 5242880, 3, '/ec/delivery', 'Y', 5, 'SYSTEM', '2026-01-01 00:00:00') ON CONFLICT DO NOTHING;
INSERT INTO shopjoy_2604.sy_attach_grp (attach_grp_id, attach_grp_code, attach_grp_nm, file_ext_allow, max_file_size, max_file_count, storage_path, use_yn, sort_ord, reg_by, reg_date) VALUES ('AG000006', 'NOTICE_IMG', '공지사항 이미지', 'jpg,png,gif', 5242880, 5, '/sy/notice', 'Y', 6, 'SYSTEM', '2026-01-01 00:00:00') ON CONFLICT DO NOTHING;
INSERT INTO shopjoy_2604.sy_attach_grp (attach_grp_id, attach_grp_code, attach_grp_nm, file_ext_allow, max_file_size, max_file_count, storage_path, use_yn, sort_ord, reg_by, reg_date) VALUES ('AG000007', 'VENDOR_DOC', '업체 서류', 'jpg,png,pdf', 20971520, 10, '/sy/vendor/docs', 'Y', 7, 'SYSTEM', '2026-01-01 00:00:00') ON CONFLICT DO NOTHING;
INSERT INTO shopjoy_2604.sy_attach_grp (attach_grp_id, attach_grp_code, attach_grp_nm, file_ext_allow, max_file_size, max_file_count, storage_path, use_yn, sort_ord, reg_by, reg_date) VALUES ('AG000008', 'PROFILE_IMG', '프로필 이미지', 'jpg,jpeg,png', 2097152, 1, '/sy/users/profile', 'Y', 8, 'SYSTEM', '2026-01-01 00:00:00') ON CONFLICT DO NOTHING;

-- ================================================================
-- 9. sy_attach — 샘플 첨부파일
-- ================================================================
INSERT INTO shopjoy_2604.sy_attach (attach_id, site_id, attach_grp_id, file_nm, file_size, file_ext, mime_type_cd, attach_url, sort_ord, reg_by, reg_date) VALUES ('AT000001', 'SITE000001', 'AG000001', 'product_main_001.jpg', 320000, 'jpg', 'image/jpeg', '/ec/products/images/prod_main_001.jpg', 1, 'SYSTEM', '2026-01-01 00:00:00') ON CONFLICT DO NOTHING;
INSERT INTO shopjoy_2604.sy_attach (attach_id, site_id, attach_grp_id, file_nm, file_size, file_ext, mime_type_cd, attach_url, sort_ord, reg_by, reg_date) VALUES ('AT000002', 'SITE000001', 'AG000001', 'product_sub_001.jpg', 280000, 'jpg', 'image/jpeg', '/ec/products/images/prod_sub_001.jpg', 2, 'SYSTEM', '2026-01-01 00:00:00') ON CONFLICT DO NOTHING;
INSERT INTO shopjoy_2604.sy_attach (attach_id, site_id, attach_grp_id, file_nm, file_size, file_ext, mime_type_cd, attach_url, sort_ord, reg_by, reg_date) VALUES ('AT000003', 'SITE000001', 'AG000001', 'product_main_002.jpg', 350000, 'jpg', 'image/jpeg', '/ec/products/images/prod_main_002.jpg', 3, 'SYSTEM', '2026-01-01 00:00:00') ON CONFLICT DO NOTHING;
INSERT INTO shopjoy_2604.sy_attach (attach_id, site_id, attach_grp_id, file_nm, file_size, file_ext, mime_type_cd, attach_url, sort_ord, reg_by, reg_date) VALUES ('AT000004', 'SITE000001', 'AG000004', 'claim_photo_001.jpg', 1200000, 'jpg', 'image/jpeg', '/ec/claims/claim_001.jpg', 4, 'SYSTEM', '2026-01-01 00:00:00') ON CONFLICT DO NOTHING;
INSERT INTO shopjoy_2604.sy_attach (attach_id, site_id, attach_grp_id, file_nm, file_size, file_ext, mime_type_cd, attach_url, sort_ord, reg_by, reg_date) VALUES ('AT000005', 'SITE000001', 'AG000005', 'delivery_proof_001.jpg', 500000, 'jpg', 'image/jpeg', '/ec/delivery/dliv_001.jpg', 5, 'SYSTEM', '2026-01-01 00:00:00') ON CONFLICT DO NOTHING;
INSERT INTO shopjoy_2604.sy_attach (attach_id, site_id, attach_grp_id, file_nm, file_size, file_ext, mime_type_cd, attach_url, sort_ord, reg_by, reg_date) VALUES ('AT000006', 'SITE000001', 'AG000006', 'notice_banner_001.jpg', 450000, 'jpg', 'image/jpeg', '/sy/notice/banner_001.jpg', 6, 'SYSTEM', '2026-01-01 00:00:00') ON CONFLICT DO NOTHING;
INSERT INTO shopjoy_2604.sy_attach (attach_id, site_id, attach_grp_id, file_nm, file_size, file_ext, mime_type_cd, attach_url, sort_ord, reg_by, reg_date) VALUES ('AT000007', 'SITE000001', 'AG000007', 'vendor_contract_001.pdf', 1500000, 'pdf', 'application/pdf', '/sy/vendor/docs/contract_001.pdf', 7, 'SYSTEM', '2026-01-01 00:00:00') ON CONFLICT DO NOTHING;
INSERT INTO shopjoy_2604.sy_attach (attach_id, site_id, attach_grp_id, file_nm, file_size, file_ext, mime_type_cd, attach_url, sort_ord, reg_by, reg_date) VALUES ('AT000008', 'SITE000001', 'AG000008', 'profile_admin1.jpg', 120000, 'jpg', 'image/jpeg', '/sy/users/profile/admin1.jpg', 8, 'SYSTEM', '2026-01-01 00:00:00') ON CONFLICT DO NOTHING;

-- ================================================================
-- 10. sy_alarm — 알림
-- ================================================================
INSERT INTO shopjoy_2604.sy_alarm (alarm_id, site_id, alarm_title, alarm_type_cd, channel_cd, target_type_cd, alarm_send_date, alarm_status_cd, alarm_send_count, alarm_fail_count, reg_by, reg_date) VALUES ('AL000001', 'SITE000001', '주문 접수 완료 알림', 'ORDER', 'KAKAO', 'ALL', '2026-04-10 09:00:00', 'SENT', 30, 0, 'US000001', '2026-01-01 00:00:00') ON CONFLICT DO NOTHING;
INSERT INTO shopjoy_2604.sy_alarm (alarm_id, site_id, alarm_title, alarm_type_cd, channel_cd, target_type_cd, alarm_send_date, alarm_status_cd, alarm_send_count, alarm_fail_count, reg_by, reg_date) VALUES ('AL000002', 'SITE000001', '배송 출발 안내', 'DELIVERY', 'KAKAO', 'ALL', '2026-04-10 09:00:00', 'SENT', 25, 0, 'US000001', '2026-01-01 00:00:00') ON CONFLICT DO NOTHING;
INSERT INTO shopjoy_2604.sy_alarm (alarm_id, site_id, alarm_title, alarm_type_cd, channel_cd, target_type_cd, alarm_send_date, alarm_status_cd, alarm_send_count, alarm_fail_count, reg_by, reg_date) VALUES ('AL000003', 'SITE000001', '배송 완료 안내', 'DELIVERY', 'SMS', 'ALL', '2026-04-10 09:00:00', 'SENT', 22, 0, 'US000001', '2026-01-01 00:00:00') ON CONFLICT DO NOTHING;
INSERT INTO shopjoy_2604.sy_alarm (alarm_id, site_id, alarm_title, alarm_type_cd, channel_cd, target_type_cd, alarm_send_date, alarm_status_cd, alarm_send_count, alarm_fail_count, reg_by, reg_date) VALUES ('AL000004', 'SITE000001', '클레임 접수 확인', 'CLAIM', 'EMAIL', 'ALL', '2026-04-10 09:00:00', 'SENT', 15, 1, 'US000001', '2026-01-01 00:00:00') ON CONFLICT DO NOTHING;
INSERT INTO shopjoy_2604.sy_alarm (alarm_id, site_id, alarm_title, alarm_type_cd, channel_cd, target_type_cd, alarm_send_date, alarm_status_cd, alarm_send_count, alarm_fail_count, reg_by, reg_date) VALUES ('AL000005', 'SITE000001', '쿠폰 발급 안내', 'MARKETING', 'EMAIL', 'GRADE', '2026-04-10 09:00:00', 'SENT', 200, 3, 'US000001', '2026-01-01 00:00:00') ON CONFLICT DO NOTHING;
INSERT INTO shopjoy_2604.sy_alarm (alarm_id, site_id, alarm_title, alarm_type_cd, channel_cd, target_type_cd, alarm_send_date, alarm_status_cd, alarm_send_count, alarm_fail_count, reg_by, reg_date) VALUES ('AL000006', 'SITE000001', '봄 시즌 이벤트 공지', 'MARKETING', 'PUSH', 'ALL', '2026-04-10 09:00:00', 'SENT', 500, 12, 'US000001', '2026-01-01 00:00:00') ON CONFLICT DO NOTHING;
INSERT INTO shopjoy_2604.sy_alarm (alarm_id, site_id, alarm_title, alarm_type_cd, channel_cd, target_type_cd, alarm_send_date, alarm_status_cd, alarm_send_count, alarm_fail_count, reg_by, reg_date) VALUES ('AL000007', 'SITE000001', '회원 등급 변경 안내', 'MARKETING', 'KAKAO', 'MEMBER', '2026-04-10 09:00:00', 'SENT', 1, 0, 'US000001', '2026-01-01 00:00:00') ON CONFLICT DO NOTHING;
INSERT INTO shopjoy_2604.sy_alarm (alarm_id, site_id, alarm_title, alarm_type_cd, channel_cd, target_type_cd, alarm_send_date, alarm_status_cd, alarm_send_count, alarm_fail_count, reg_by, reg_date) VALUES ('AL000008', 'SITE000001', '서비스 점검 예고', 'SYSTEM', 'EMAIL', 'ALL', '2026-04-10 09:00:00', 'PENDING', 0, 0, 'US000001', '2026-01-01 00:00:00') ON CONFLICT DO NOTHING;
INSERT INTO shopjoy_2604.sy_alarm (alarm_id, site_id, alarm_title, alarm_type_cd, channel_cd, target_type_cd, alarm_send_date, alarm_status_cd, alarm_send_count, alarm_fail_count, reg_by, reg_date) VALUES ('AL000009', 'SITE000001', '신규 결제수단 안내', 'MARKETING', 'SMS', 'ALL', '2026-04-10 09:00:00', 'PENDING', 0, 0, 'US000001', '2026-01-01 00:00:00') ON CONFLICT DO NOTHING;
INSERT INTO shopjoy_2604.sy_alarm (alarm_id, site_id, alarm_title, alarm_type_cd, channel_cd, target_type_cd, alarm_send_date, alarm_status_cd, alarm_send_count, alarm_fail_count, reg_by, reg_date) VALUES ('AL000010', 'SITE000001', '비밀번호 변경 권고', 'SYSTEM', 'EMAIL', 'ALL', '2026-04-10 09:00:00', 'FAILED', 0, 45, 'US000001', '2026-01-01 00:00:00') ON CONFLICT DO NOTHING;

-- ================================================================
-- 11. syh_alarm_send_hist — 알림 발송 이력
-- ================================================================
INSERT INTO shopjoy_2604.syh_alarm_send_hist (send_hist_id, site_id, alarm_id, member_id, channel, send_to, send_date, send_hist_status_cd, reg_by, reg_date) VALUES ('SH000001', 'SITE000001', 'AL000001', 'MB000001', 'KAKAO', 'test@member.com', '2026-04-10 09:00:00', 'SENT', 'SYSTEM', '2026-01-01 00:00:00') ON CONFLICT DO NOTHING;
INSERT INTO shopjoy_2604.syh_alarm_send_hist (send_hist_id, site_id, alarm_id, member_id, channel, send_to, send_date, send_hist_status_cd, reg_by, reg_date) VALUES ('SH000002', 'SITE000001', 'AL000001', 'MB000002', 'SMS', '010-1234-5678', '2026-04-10 09:00:00', 'SENT', 'SYSTEM', '2026-01-01 00:00:00') ON CONFLICT DO NOTHING;
INSERT INTO shopjoy_2604.syh_alarm_send_hist (send_hist_id, site_id, alarm_id, member_id, channel, send_to, send_date, send_hist_status_cd, reg_by, reg_date) VALUES ('SH000003', 'SITE000001', 'AL000001', 'MB000003', 'EMAIL', '010-9876-5432', '2026-04-10 09:00:00', 'SENT', 'SYSTEM', '2026-01-01 00:00:00') ON CONFLICT DO NOTHING;
INSERT INTO shopjoy_2604.syh_alarm_send_hist (send_hist_id, site_id, alarm_id, member_id, channel, send_to, send_date, send_hist_status_cd, reg_by, reg_date) VALUES ('SH000004', 'SITE000001', 'AL000002', 'MB000001', 'KAKAO', 'test@member.com', '2026-04-10 09:00:00', 'SENT', 'SYSTEM', '2026-01-01 00:00:00') ON CONFLICT DO NOTHING;
INSERT INTO shopjoy_2604.syh_alarm_send_hist (send_hist_id, site_id, alarm_id, member_id, channel, send_to, send_date, send_hist_status_cd, reg_by, reg_date) VALUES ('SH000005', 'SITE000001', 'AL000002', 'MB000002', 'SMS', '010-1234-5678', '2026-04-10 09:00:00', 'SENT', 'SYSTEM', '2026-01-01 00:00:00') ON CONFLICT DO NOTHING;
INSERT INTO shopjoy_2604.syh_alarm_send_hist (send_hist_id, site_id, alarm_id, member_id, channel, send_to, send_date, send_hist_status_cd, reg_by, reg_date) VALUES ('SH000006', 'SITE000001', 'AL000002', 'MB000003', 'EMAIL', '010-9876-5432', '2026-04-10 09:00:00', 'SENT', 'SYSTEM', '2026-01-01 00:00:00') ON CONFLICT DO NOTHING;
INSERT INTO shopjoy_2604.syh_alarm_send_hist (send_hist_id, site_id, alarm_id, member_id, channel, send_to, send_date, send_hist_status_cd, reg_by, reg_date) VALUES ('SH000007', 'SITE000001', 'AL000003', 'MB000001', 'KAKAO', 'test@member.com', '2026-04-10 09:00:00', 'SENT', 'SYSTEM', '2026-01-01 00:00:00') ON CONFLICT DO NOTHING;
INSERT INTO shopjoy_2604.syh_alarm_send_hist (send_hist_id, site_id, alarm_id, member_id, channel, send_to, send_date, send_hist_status_cd, reg_by, reg_date) VALUES ('SH000008', 'SITE000001', 'AL000003', 'MB000002', 'SMS', '010-1234-5678', '2026-04-10 09:00:00', 'SENT', 'SYSTEM', '2026-01-01 00:00:00') ON CONFLICT DO NOTHING;
INSERT INTO shopjoy_2604.syh_alarm_send_hist (send_hist_id, site_id, alarm_id, member_id, channel, send_to, send_date, send_hist_status_cd, reg_by, reg_date) VALUES ('SH000009', 'SITE000001', 'AL000003', 'MB000003', 'EMAIL', '010-9876-5432', '2026-04-10 09:00:00', 'SENT', 'SYSTEM', '2026-01-01 00:00:00') ON CONFLICT DO NOTHING;
INSERT INTO shopjoy_2604.syh_alarm_send_hist (send_hist_id, site_id, alarm_id, member_id, channel, send_to, send_date, send_hist_status_cd, reg_by, reg_date) VALUES ('SH000010', 'SITE000001', 'AL000004', 'MB000001', 'KAKAO', 'test@member.com', '2026-04-10 09:00:00', 'SENT', 'SYSTEM', '2026-01-01 00:00:00') ON CONFLICT DO NOTHING;
INSERT INTO shopjoy_2604.syh_alarm_send_hist (send_hist_id, site_id, alarm_id, member_id, channel, send_to, send_date, send_hist_status_cd, reg_by, reg_date) VALUES ('SH000011', 'SITE000001', 'AL000004', 'MB000002', 'SMS', '010-1234-5678', '2026-04-10 09:00:00', 'SENT', 'SYSTEM', '2026-01-01 00:00:00') ON CONFLICT DO NOTHING;
INSERT INTO shopjoy_2604.syh_alarm_send_hist (send_hist_id, site_id, alarm_id, member_id, channel, send_to, send_date, send_hist_status_cd, reg_by, reg_date) VALUES ('SH000012', 'SITE000001', 'AL000004', 'MB000003', 'EMAIL', '010-9876-5432', '2026-04-10 09:00:00', 'SENT', 'SYSTEM', '2026-01-01 00:00:00') ON CONFLICT DO NOTHING;
INSERT INTO shopjoy_2604.syh_alarm_send_hist (send_hist_id, site_id, alarm_id, member_id, channel, send_to, send_date, send_hist_status_cd, reg_by, reg_date) VALUES ('SH000013', 'SITE000001', 'AL000005', 'MB000001', 'KAKAO', 'test@member.com', '2026-04-10 09:00:00', 'SENT', 'SYSTEM', '2026-01-01 00:00:00') ON CONFLICT DO NOTHING;
INSERT INTO shopjoy_2604.syh_alarm_send_hist (send_hist_id, site_id, alarm_id, member_id, channel, send_to, send_date, send_hist_status_cd, reg_by, reg_date) VALUES ('SH000014', 'SITE000001', 'AL000005', 'MB000002', 'SMS', '010-1234-5678', '2026-04-10 09:00:00', 'SENT', 'SYSTEM', '2026-01-01 00:00:00') ON CONFLICT DO NOTHING;
INSERT INTO shopjoy_2604.syh_alarm_send_hist (send_hist_id, site_id, alarm_id, member_id, channel, send_to, send_date, send_hist_status_cd, reg_by, reg_date) VALUES ('SH000015', 'SITE000001', 'AL000005', 'MB000003', 'EMAIL', '010-9876-5432', '2026-04-10 09:00:00', 'SENT', 'SYSTEM', '2026-01-01 00:00:00') ON CONFLICT DO NOTHING;
INSERT INTO shopjoy_2604.syh_alarm_send_hist (send_hist_id, site_id, alarm_id, member_id, channel, send_to, send_date, send_hist_status_cd, reg_by, reg_date) VALUES ('SH000016', 'SITE000001', 'AL000006', 'MB000001', 'KAKAO', 'test@member.com', '2026-04-10 09:00:00', 'SENT', 'SYSTEM', '2026-01-01 00:00:00') ON CONFLICT DO NOTHING;
INSERT INTO shopjoy_2604.syh_alarm_send_hist (send_hist_id, site_id, alarm_id, member_id, channel, send_to, send_date, send_hist_status_cd, reg_by, reg_date) VALUES ('SH000017', 'SITE000001', 'AL000006', 'MB000002', 'SMS', '010-1234-5678', '2026-04-10 09:00:00', 'SENT', 'SYSTEM', '2026-01-01 00:00:00') ON CONFLICT DO NOTHING;
INSERT INTO shopjoy_2604.syh_alarm_send_hist (send_hist_id, site_id, alarm_id, member_id, channel, send_to, send_date, send_hist_status_cd, reg_by, reg_date) VALUES ('SH000018', 'SITE000001', 'AL000006', 'MB000003', 'EMAIL', '010-9876-5432', '2026-04-10 09:00:00', 'SENT', 'SYSTEM', '2026-01-01 00:00:00') ON CONFLICT DO NOTHING;
INSERT INTO shopjoy_2604.syh_alarm_send_hist (send_hist_id, site_id, alarm_id, member_id, channel, send_to, send_date, send_hist_status_cd, reg_by, reg_date) VALUES ('SH000019', 'SITE000001', 'AL000007', 'MB000001', 'KAKAO', 'test@member.com', '2026-04-10 09:00:00', 'SENT', 'SYSTEM', '2026-01-01 00:00:00') ON CONFLICT DO NOTHING;
INSERT INTO shopjoy_2604.syh_alarm_send_hist (send_hist_id, site_id, alarm_id, member_id, channel, send_to, send_date, send_hist_status_cd, reg_by, reg_date) VALUES ('SH000020', 'SITE000001', 'AL000007', 'MB000002', 'SMS', '010-1234-5678', '2026-04-10 09:00:00', 'SENT', 'SYSTEM', '2026-01-01 00:00:00') ON CONFLICT DO NOTHING;
INSERT INTO shopjoy_2604.syh_alarm_send_hist (send_hist_id, site_id, alarm_id, member_id, channel, send_to, send_date, send_hist_status_cd, reg_by, reg_date) VALUES ('SH000021', 'SITE000001', 'AL000007', 'MB000003', 'EMAIL', '010-9876-5432', '2026-04-10 09:00:00', 'SENT', 'SYSTEM', '2026-01-01 00:00:00') ON CONFLICT DO NOTHING;

-- ================================================================
-- 12. syh_batch_hist / syh_batch_log — 배치 이력
-- ================================================================
INSERT INTO shopjoy_2604.syh_batch_hist (batch_hist_id, site_id, batch_id, batch_code, batch_nm, run_at, end_at, duration_ms, run_status, proc_count, error_count, message, reg_by, reg_date) VALUES ('BH000001', 'SITE000001', 'BT000008', 'DLIV_STATUS_SYNC', '배송조회 상태 동기화', '2026-04-10 10:00:06', '2026-04-10 10:00:10', 4, 'RUNNING', 0, 0, '실행 중...', 'SYSTEM', '2026-01-01 00:00:00') ON CONFLICT DO NOTHING;
INSERT INTO shopjoy_2604.syh_batch_log (batch_log_id, site_id, batch_id, batch_code, batch_nm, run_at, end_at, duration_ms, run_status, proc_count, error_count, message, reg_by, reg_date) VALUES ('BL000001', 'SITE000001', 'BT000008', 'DLIV_STATUS_SYNC', '배송조회 상태 동기화', '2026-04-10 10:00:06', '2026-04-10 10:00:10', 4, 'RUNNING', 0, 0, '실행 중...', 'SYSTEM', '2026-01-01 00:00:00') ON CONFLICT DO NOTHING;
INSERT INTO shopjoy_2604.syh_batch_hist (batch_hist_id, site_id, batch_id, batch_code, batch_nm, run_at, end_at, duration_ms, run_status, proc_count, error_count, message, reg_by, reg_date) VALUES ('BH000002', 'SITE000001', 'BT000003', 'EVENT_STATUS_SYNC', '이벤트 상태 동기화', '2026-04-10 00:00:08', '2026-04-10 00:00:16', 8, 'SUCCESS', 3, 0, '이벤트 상태 3건 동기화 완료', 'SYSTEM', '2026-01-01 00:00:00') ON CONFLICT DO NOTHING;
INSERT INTO shopjoy_2604.syh_batch_log (batch_log_id, site_id, batch_id, batch_code, batch_nm, run_at, end_at, duration_ms, run_status, proc_count, error_count, message, reg_by, reg_date) VALUES ('BL000002', 'SITE000001', 'BT000003', 'EVENT_STATUS_SYNC', '이벤트 상태 동기화', '2026-04-10 00:00:08', '2026-04-10 00:00:16', 8, 'SUCCESS', 3, 0, '이벤트 상태 3건 동기화 완료', 'SYSTEM', '2026-01-01 00:00:00') ON CONFLICT DO NOTHING;
INSERT INTO shopjoy_2604.syh_batch_hist (batch_hist_id, site_id, batch_id, batch_code, batch_nm, run_at, end_at, duration_ms, run_status, proc_count, error_count, message, reg_by, reg_date) VALUES ('BH000003', 'SITE000001', 'BT000009', 'STATS_AGGREGATION', '통계 데이터 집계', '2026-04-10 00:05:22', '2026-04-10 00:10:44', 322, 'SUCCESS', 178, 0, '일별 통계 집계 완료 (조회 178건)', 'SYSTEM', '2026-01-01 00:00:00') ON CONFLICT DO NOTHING;
INSERT INTO shopjoy_2604.syh_batch_log (batch_log_id, site_id, batch_id, batch_code, batch_nm, run_at, end_at, duration_ms, run_status, proc_count, error_count, message, reg_by, reg_date) VALUES ('BL000003', 'SITE000001', 'BT000009', 'STATS_AGGREGATION', '통계 데이터 집계', '2026-04-10 00:05:22', '2026-04-10 00:10:44', 322, 'SUCCESS', 178, 0, '일별 통계 집계 완료 (조회 178건)', 'SYSTEM', '2026-01-01 00:00:00') ON CONFLICT DO NOTHING;
INSERT INTO shopjoy_2604.syh_batch_hist (batch_hist_id, site_id, batch_id, batch_code, batch_nm, run_at, end_at, duration_ms, run_status, proc_count, error_count, message, reg_by, reg_date) VALUES ('BH000004', 'SITE000001', 'BT000001', 'ORDER_AUTO_COMPLETE', '주문 자동 완료 처리', '2026-04-10 02:00:05', '2026-04-10 02:00:10', 5, 'SUCCESS', 12, 0, '주문 자동완료 처리 12건', 'SYSTEM', '2026-01-01 00:00:00') ON CONFLICT DO NOTHING;
INSERT INTO shopjoy_2604.syh_batch_log (batch_log_id, site_id, batch_id, batch_code, batch_nm, run_at, end_at, duration_ms, run_status, proc_count, error_count, message, reg_by, reg_date) VALUES ('BL000004', 'SITE000001', 'BT000001', 'ORDER_AUTO_COMPLETE', '주문 자동 완료 처리', '2026-04-10 02:00:05', '2026-04-10 02:00:10', 5, 'SUCCESS', 12, 0, '주문 자동완료 처리 12건', 'SYSTEM', '2026-01-01 00:00:00') ON CONFLICT DO NOTHING;
INSERT INTO shopjoy_2604.syh_batch_hist (batch_hist_id, site_id, batch_id, batch_code, batch_nm, run_at, end_at, duration_ms, run_status, proc_count, error_count, message, reg_by, reg_date) VALUES ('BH000005', 'SITE000001', 'BT000002', 'COUPON_EXPIRE', '쿠폰 만료 처리', '2026-04-10 01:00:03', '2026-04-10 01:00:06', 3, 'SUCCESS', 7, 0, '만료 쿠폰 처리 7건', 'SYSTEM', '2026-01-01 00:00:00') ON CONFLICT DO NOTHING;
INSERT INTO shopjoy_2604.syh_batch_log (batch_log_id, site_id, batch_id, batch_code, batch_nm, run_at, end_at, duration_ms, run_status, proc_count, error_count, message, reg_by, reg_date) VALUES ('BL000005', 'SITE000001', 'BT000002', 'COUPON_EXPIRE', '쿠폰 만료 처리', '2026-04-10 01:00:03', '2026-04-10 01:00:06', 3, 'SUCCESS', 7, 0, '만료 쿠폰 처리 7건', 'SYSTEM', '2026-01-01 00:00:00') ON CONFLICT DO NOTHING;
INSERT INTO shopjoy_2604.syh_batch_hist (batch_hist_id, site_id, batch_id, batch_code, batch_nm, run_at, end_at, duration_ms, run_status, proc_count, error_count, message, reg_by, reg_date) VALUES ('BH000006', 'SITE000001', 'BT000008', 'DLIV_STATUS_SYNC', '배송조회 상태 동기화', '2026-04-10 08:00:06', '2026-04-10 08:00:12', 6, 'SUCCESS', 34, 0, '배송 상태 업데이트 34건', 'SYSTEM', '2026-01-01 00:00:00') ON CONFLICT DO NOTHING;
INSERT INTO shopjoy_2604.syh_batch_log (batch_log_id, site_id, batch_id, batch_code, batch_nm, run_at, end_at, duration_ms, run_status, proc_count, error_count, message, reg_by, reg_date) VALUES ('BL000006', 'SITE000001', 'BT000008', 'DLIV_STATUS_SYNC', '배송조회 상태 동기화', '2026-04-10 08:00:06', '2026-04-10 08:00:12', 6, 'SUCCESS', 34, 0, '배송 상태 업데이트 34건', 'SYSTEM', '2026-01-01 00:00:00') ON CONFLICT DO NOTHING;
INSERT INTO shopjoy_2604.syh_batch_hist (batch_hist_id, site_id, batch_id, batch_code, batch_nm, run_at, end_at, duration_ms, run_status, proc_count, error_count, message, reg_by, reg_date) VALUES ('BH000007', 'SITE000001', 'BT000008', 'DLIV_STATUS_SYNC', '배송조회 상태 동기화', '2026-04-10 06:00:04', '2026-04-10 06:00:08', 4, 'SUCCESS', 28, 0, '배송 상태 업데이트 28건', 'SYSTEM', '2026-01-01 00:00:00') ON CONFLICT DO NOTHING;
INSERT INTO shopjoy_2604.syh_batch_log (batch_log_id, site_id, batch_id, batch_code, batch_nm, run_at, end_at, duration_ms, run_status, proc_count, error_count, message, reg_by, reg_date) VALUES ('BL000007', 'SITE000001', 'BT000008', 'DLIV_STATUS_SYNC', '배송조회 상태 동기화', '2026-04-10 06:00:04', '2026-04-10 06:00:08', 4, 'SUCCESS', 28, 0, '배송 상태 업데이트 28건', 'SYSTEM', '2026-01-01 00:00:00') ON CONFLICT DO NOTHING;
INSERT INTO shopjoy_2604.syh_batch_hist (batch_hist_id, site_id, batch_id, batch_code, batch_nm, run_at, end_at, duration_ms, run_status, proc_count, error_count, message, reg_by, reg_date) VALUES ('BH000008', 'SITE000001', 'BT000008', 'DLIV_STATUS_SYNC', '배송조회 상태 동기화', '2026-04-10 04:00:09', '2026-04-10 04:00:18', 9, 'FAILED', 0, 1, '[ERROR] 택배사 API 응답 시간 초과', 'SYSTEM', '2026-01-01 00:00:00') ON CONFLICT DO NOTHING;
INSERT INTO shopjoy_2604.syh_batch_log (batch_log_id, site_id, batch_id, batch_code, batch_nm, run_at, end_at, duration_ms, run_status, proc_count, error_count, message, reg_by, reg_date) VALUES ('BL000008', 'SITE000001', 'BT000008', 'DLIV_STATUS_SYNC', '배송조회 상태 동기화', '2026-04-10 04:00:09', '2026-04-10 04:00:18', 9, 'FAILED', 0, 1, '[ERROR] 택배사 API 응답 시간 초과', 'SYSTEM', '2026-01-01 00:00:00') ON CONFLICT DO NOTHING;
INSERT INTO shopjoy_2604.syh_batch_hist (batch_hist_id, site_id, batch_id, batch_code, batch_nm, run_at, end_at, duration_ms, run_status, proc_count, error_count, message, reg_by, reg_date) VALUES ('BH000009', 'SITE000001', 'BT000008', 'DLIV_STATUS_SYNC', '배송조회 상태 동기화', '2026-04-10 02:00:05', '2026-04-10 02:00:10', 5, 'SUCCESS', 21, 0, '배송 상태 업데이트 21건', 'SYSTEM', '2026-01-01 00:00:00') ON CONFLICT DO NOTHING;
INSERT INTO shopjoy_2604.syh_batch_log (batch_log_id, site_id, batch_id, batch_code, batch_nm, run_at, end_at, duration_ms, run_status, proc_count, error_count, message, reg_by, reg_date) VALUES ('BL000009', 'SITE000001', 'BT000008', 'DLIV_STATUS_SYNC', '배송조회 상태 동기화', '2026-04-10 02:00:05', '2026-04-10 02:00:10', 5, 'SUCCESS', 21, 0, '배송 상태 업데이트 21건', 'SYSTEM', '2026-01-01 00:00:00') ON CONFLICT DO NOTHING;
INSERT INTO shopjoy_2604.syh_batch_hist (batch_hist_id, site_id, batch_id, batch_code, batch_nm, run_at, end_at, duration_ms, run_status, proc_count, error_count, message, reg_by, reg_date) VALUES ('BH000010', 'SITE000001', 'BT000003', 'EVENT_STATUS_SYNC', '이벤트 상태 동기화', '2026-04-09 00:00:06', '2026-04-09 00:00:12', 6, 'SUCCESS', 2, 0, '이벤트 상태 2건 동기화 완료', 'SYSTEM', '2026-01-01 00:00:00') ON CONFLICT DO NOTHING;
INSERT INTO shopjoy_2604.syh_batch_log (batch_log_id, site_id, batch_id, batch_code, batch_nm, run_at, end_at, duration_ms, run_status, proc_count, error_count, message, reg_by, reg_date) VALUES ('BL000010', 'SITE000001', 'BT000003', 'EVENT_STATUS_SYNC', '이벤트 상태 동기화', '2026-04-09 00:00:06', '2026-04-09 00:00:12', 6, 'SUCCESS', 2, 0, '이벤트 상태 2건 동기화 완료', 'SYSTEM', '2026-01-01 00:00:00') ON CONFLICT DO NOTHING;
INSERT INTO shopjoy_2604.syh_batch_hist (batch_hist_id, site_id, batch_id, batch_code, batch_nm, run_at, end_at, duration_ms, run_status, proc_count, error_count, message, reg_by, reg_date) VALUES ('BH000011', 'SITE000001', 'BT000001', 'ORDER_AUTO_COMPLETE', '주문 자동 완료 처리', '2026-04-09 02:00:04', '2026-04-09 02:00:08', 4, 'SUCCESS', 9, 0, '주문 자동완료 처리 9건', 'SYSTEM', '2026-01-01 00:00:00') ON CONFLICT DO NOTHING;
INSERT INTO shopjoy_2604.syh_batch_log (batch_log_id, site_id, batch_id, batch_code, batch_nm, run_at, end_at, duration_ms, run_status, proc_count, error_count, message, reg_by, reg_date) VALUES ('BL000011', 'SITE000001', 'BT000001', 'ORDER_AUTO_COMPLETE', '주문 자동 완료 처리', '2026-04-09 02:00:04', '2026-04-09 02:00:08', 4, 'SUCCESS', 9, 0, '주문 자동완료 처리 9건', 'SYSTEM', '2026-01-01 00:00:00') ON CONFLICT DO NOTHING;
INSERT INTO shopjoy_2604.syh_batch_hist (batch_hist_id, site_id, batch_id, batch_code, batch_nm, run_at, end_at, duration_ms, run_status, proc_count, error_count, message, reg_by, reg_date) VALUES ('BH000012', 'SITE000001', 'BT000002', 'COUPON_EXPIRE', '쿠폰 만료 처리', '2026-04-09 01:00:05', '2026-04-09 01:00:10', 5, 'SUCCESS', 3, 0, '만료 쿠폰 처리 3건', 'SYSTEM', '2026-01-01 00:00:00') ON CONFLICT DO NOTHING;
INSERT INTO shopjoy_2604.syh_batch_log (batch_log_id, site_id, batch_id, batch_code, batch_nm, run_at, end_at, duration_ms, run_status, proc_count, error_count, message, reg_by, reg_date) VALUES ('BL000012', 'SITE000001', 'BT000002', 'COUPON_EXPIRE', '쿠폰 만료 처리', '2026-04-09 01:00:05', '2026-04-09 01:00:10', 5, 'SUCCESS', 3, 0, '만료 쿠폰 처리 3건', 'SYSTEM', '2026-01-01 00:00:00') ON CONFLICT DO NOTHING;
INSERT INTO shopjoy_2604.syh_batch_hist (batch_hist_id, site_id, batch_id, batch_code, batch_nm, run_at, end_at, duration_ms, run_status, proc_count, error_count, message, reg_by, reg_date) VALUES ('BH000013', 'SITE000001', 'BT000005', 'ATTACH_CLEANUP', '미사용 첨부파일 정리', '2026-04-06 03:00:07', '2026-04-06 03:00:54', 47, 'SUCCESS', 128, 0, '첨부파일 삭제 128건 (2.3GB 회수)', 'SYSTEM', '2026-01-01 00:00:00') ON CONFLICT DO NOTHING;
INSERT INTO shopjoy_2604.syh_batch_log (batch_log_id, site_id, batch_id, batch_code, batch_nm, run_at, end_at, duration_ms, run_status, proc_count, error_count, message, reg_by, reg_date) VALUES ('BL000013', 'SITE000001', 'BT000005', 'ATTACH_CLEANUP', '미사용 첨부파일 정리', '2026-04-06 03:00:07', '2026-04-06 03:00:54', 47, 'SUCCESS', 128, 0, '첨부파일 삭제 128건 (2.3GB 회수)', 'SYSTEM', '2026-01-01 00:00:00') ON CONFLICT DO NOTHING;
INSERT INTO shopjoy_2604.syh_batch_hist (batch_hist_id, site_id, batch_id, batch_code, batch_nm, run_at, end_at, duration_ms, run_status, proc_count, error_count, message, reg_by, reg_date) VALUES ('BH000014', 'SITE000001', 'BT000004', 'SETTLEMENT_REPORT', '정산 리포트 생성', '2026-04-01 08:00:12', '2026-04-01 08:01:24', 72, 'SUCCESS', 1, 0, '3월 정산 리포트 생성 완료', 'SYSTEM', '2026-01-01 00:00:00') ON CONFLICT DO NOTHING;
INSERT INTO shopjoy_2604.syh_batch_log (batch_log_id, site_id, batch_id, batch_code, batch_nm, run_at, end_at, duration_ms, run_status, proc_count, error_count, message, reg_by, reg_date) VALUES ('BL000014', 'SITE000001', 'BT000004', 'SETTLEMENT_REPORT', '정산 리포트 생성', '2026-04-01 08:00:12', '2026-04-01 08:01:24', 72, 'SUCCESS', 1, 0, '3월 정산 리포트 생성 완료', 'SYSTEM', '2026-01-01 00:00:00') ON CONFLICT DO NOTHING;
INSERT INTO shopjoy_2604.syh_batch_hist (batch_hist_id, site_id, batch_id, batch_code, batch_nm, run_at, end_at, duration_ms, run_status, proc_count, error_count, message, reg_by, reg_date) VALUES ('BH000015', 'SITE000001', 'BT000006', 'MEMBER_GRADE_CALC', '회원 등급 재산정', '2026-04-01 04:00:15', '2026-04-01 04:00:50', 35, 'SUCCESS', 45, 0, '회원 등급 재산정 완료 (VIP +3)', 'SYSTEM', '2026-01-01 00:00:00') ON CONFLICT DO NOTHING;
INSERT INTO shopjoy_2604.syh_batch_log (batch_log_id, site_id, batch_id, batch_code, batch_nm, run_at, end_at, duration_ms, run_status, proc_count, error_count, message, reg_by, reg_date) VALUES ('BL000015', 'SITE000001', 'BT000006', 'MEMBER_GRADE_CALC', '회원 등급 재산정', '2026-04-01 04:00:15', '2026-04-01 04:00:50', 35, 'SUCCESS', 45, 0, '회원 등급 재산정 완료 (VIP +3)', 'SYSTEM', '2026-01-01 00:00:00') ON CONFLICT DO NOTHING;
INSERT INTO shopjoy_2604.syh_batch_hist (batch_hist_id, site_id, batch_id, batch_code, batch_nm, run_at, end_at, duration_ms, run_status, proc_count, error_count, message, reg_by, reg_date) VALUES ('BH000016', 'SITE000001', 'BT000007', 'CACHE_EXPIRE', '캐시 자동 소멸', '2026-04-01 05:00:04', '2026-04-01 05:00:08', 4, 'SUCCESS', 24, 0, '미사용 캐시 소멸 24건 (₩48,000)', 'SYSTEM', '2026-01-01 00:00:00') ON CONFLICT DO NOTHING;
INSERT INTO shopjoy_2604.syh_batch_log (batch_log_id, site_id, batch_id, batch_code, batch_nm, run_at, end_at, duration_ms, run_status, proc_count, error_count, message, reg_by, reg_date) VALUES ('BL000016', 'SITE000001', 'BT000007', 'CACHE_EXPIRE', '캐시 자동 소멸', '2026-04-01 05:00:04', '2026-04-01 05:00:08', 4, 'SUCCESS', 24, 0, '미사용 캐시 소멸 24건 (₩48,000)', 'SYSTEM', '2026-01-01 00:00:00') ON CONFLICT DO NOTHING;
INSERT INTO shopjoy_2604.syh_batch_hist (batch_hist_id, site_id, batch_id, batch_code, batch_nm, run_at, end_at, duration_ms, run_status, proc_count, error_count, message, reg_by, reg_date) VALUES ('BH000017', 'SITE000001', 'BT000001', 'ORDER_AUTO_COMPLETE', '주문 자동 완료 처리', '2026-04-01 02:00:11', '2026-04-01 02:00:22', 11, 'SUCCESS', 21, 0, '주문 자동완료 처리 21건', 'SYSTEM', '2026-01-01 00:00:00') ON CONFLICT DO NOTHING;
INSERT INTO shopjoy_2604.syh_batch_log (batch_log_id, site_id, batch_id, batch_code, batch_nm, run_at, end_at, duration_ms, run_status, proc_count, error_count, message, reg_by, reg_date) VALUES ('BL000017', 'SITE000001', 'BT000001', 'ORDER_AUTO_COMPLETE', '주문 자동 완료 처리', '2026-04-01 02:00:11', '2026-04-01 02:00:22', 11, 'SUCCESS', 21, 0, '주문 자동완료 처리 21건', 'SYSTEM', '2026-01-01 00:00:00') ON CONFLICT DO NOTHING;
INSERT INTO shopjoy_2604.syh_batch_hist (batch_hist_id, site_id, batch_id, batch_code, batch_nm, run_at, end_at, duration_ms, run_status, proc_count, error_count, message, reg_by, reg_date) VALUES ('BH000018', 'SITE000001', 'BT000008', 'DLIV_STATUS_SYNC', '배송조회 상태 동기화', '2026-03-31 22:00:08', '2026-03-31 22:00:17', 9, 'FAILED', 0, 1, '[ERROR] 내부 DB 연결 실패', 'SYSTEM', '2026-01-01 00:00:00') ON CONFLICT DO NOTHING;
INSERT INTO shopjoy_2604.syh_batch_log (batch_log_id, site_id, batch_id, batch_code, batch_nm, run_at, end_at, duration_ms, run_status, proc_count, error_count, message, reg_by, reg_date) VALUES ('BL000018', 'SITE000001', 'BT000008', 'DLIV_STATUS_SYNC', '배송조회 상태 동기화', '2026-03-31 22:00:08', '2026-03-31 22:00:17', 9, 'FAILED', 0, 1, '[ERROR] 내부 DB 연결 실패', 'SYSTEM', '2026-01-01 00:00:00') ON CONFLICT DO NOTHING;
INSERT INTO shopjoy_2604.syh_batch_hist (batch_hist_id, site_id, batch_id, batch_code, batch_nm, run_at, end_at, duration_ms, run_status, proc_count, error_count, message, reg_by, reg_date) VALUES ('BH000019', 'SITE000001', 'BT000009', 'STATS_AGGREGATION', '통계 데이터 집계', '2026-03-31 00:05:18', '2026-03-31 00:10:36', 318, 'SUCCESS', 163, 0, '일별 통계 집계 완료 (조회 163건)', 'SYSTEM', '2026-01-01 00:00:00') ON CONFLICT DO NOTHING;
INSERT INTO shopjoy_2604.syh_batch_log (batch_log_id, site_id, batch_id, batch_code, batch_nm, run_at, end_at, duration_ms, run_status, proc_count, error_count, message, reg_by, reg_date) VALUES ('BL000019', 'SITE000001', 'BT000009', 'STATS_AGGREGATION', '통계 데이터 집계', '2026-03-31 00:05:18', '2026-03-31 00:10:36', 318, 'SUCCESS', 163, 0, '일별 통계 집계 완료 (조회 163건)', 'SYSTEM', '2026-01-01 00:00:00') ON CONFLICT DO NOTHING;
INSERT INTO shopjoy_2604.syh_batch_hist (batch_hist_id, site_id, batch_id, batch_code, batch_nm, run_at, end_at, duration_ms, run_status, proc_count, error_count, message, reg_by, reg_date) VALUES ('BH000020', 'SITE000001', 'BT000008', 'DLIV_STATUS_SYNC', '배송조회 상태 동기화', '2026-03-31 20:00:03', '2026-03-31 20:00:06', 3, 'SUCCESS', 19, 0, '배송 상태 업데이트 19건', 'SYSTEM', '2026-01-01 00:00:00') ON CONFLICT DO NOTHING;
INSERT INTO shopjoy_2604.syh_batch_log (batch_log_id, site_id, batch_id, batch_code, batch_nm, run_at, end_at, duration_ms, run_status, proc_count, error_count, message, reg_by, reg_date) VALUES ('BL000020', 'SITE000001', 'BT000008', 'DLIV_STATUS_SYNC', '배송조회 상태 동기화', '2026-03-31 20:00:03', '2026-03-31 20:00:06', 3, 'SUCCESS', 19, 0, '배송 상태 업데이트 19건', 'SYSTEM', '2026-01-01 00:00:00') ON CONFLICT DO NOTHING;

-- ================================================================
-- 13. sy_bbm — 게시판 마스터
-- ================================================================
INSERT INTO shopjoy_2604.sy_bbm (bbm_id, site_id, bbm_code, bbm_nm, bbm_type_cd, allow_comment, allow_attach, allow_like, content_type_cd, scope_type_cd, sort_ord, use_yn, reg_by, reg_date) VALUES ('BBM000001', 'SITE000001', 'NOTICE', '공지사항', 'NORMAL', 'N', 'N', 'N', 'HTML', 'ALL', 1, 'Y', 'US000001', '2026-01-01 00:00:00') ON CONFLICT DO NOTHING;
INSERT INTO shopjoy_2604.sy_bbm (bbm_id, site_id, bbm_code, bbm_nm, bbm_type_cd, allow_comment, allow_attach, allow_like, content_type_cd, scope_type_cd, sort_ord, use_yn, reg_by, reg_date) VALUES ('BBM000002', 'SITE000001', 'FAQ', '자주묻는질문', 'FAQ', 'N', 'N', 'N', 'HTML', 'ALL', 2, 'Y', 'US000001', '2026-01-01 00:00:00') ON CONFLICT DO NOTHING;
INSERT INTO shopjoy_2604.sy_bbm (bbm_id, site_id, bbm_code, bbm_nm, bbm_type_cd, allow_comment, allow_attach, allow_like, content_type_cd, scope_type_cd, sort_ord, use_yn, reg_by, reg_date) VALUES ('BBM000003', 'SITE000001', 'QNA', '1:1문의', 'QNA', 'Y', 'Y', 'N', 'TEXT', 'MEMBER', 3, 'Y', 'US000001', '2026-01-01 00:00:00') ON CONFLICT DO NOTHING;
INSERT INTO shopjoy_2604.sy_bbm (bbm_id, site_id, bbm_code, bbm_nm, bbm_type_cd, allow_comment, allow_attach, allow_like, content_type_cd, scope_type_cd, sort_ord, use_yn, reg_by, reg_date) VALUES ('BBM000004', 'SITE000001', 'EVENT_BOARD', '이벤트', 'NORMAL', 'Y', 'Y', 'Y', 'HTML', 'ALL', 4, 'Y', 'US000001', '2026-01-01 00:00:00') ON CONFLICT DO NOTHING;
INSERT INTO shopjoy_2604.sy_bbm (bbm_id, site_id, bbm_code, bbm_nm, bbm_type_cd, allow_comment, allow_attach, allow_like, content_type_cd, scope_type_cd, sort_ord, use_yn, reg_by, reg_date) VALUES ('BBM000005', 'SITE000001', 'ADMIN_NOTICE', '관리자공지', 'NORMAL', 'N', 'N', 'N', 'HTML', 'ADMIN', 5, 'Y', 'US000001', '2026-01-01 00:00:00') ON CONFLICT DO NOTHING;

-- ================================================================
-- 14. sy_bbs — 게시글
-- ================================================================
INSERT INTO shopjoy_2604.sy_bbs (bbs_id, site_id, bbm_id, member_id, author_nm, bbs_title, content_html, view_count, like_count, comment_count, is_fixed, bbs_status_cd, reg_by, reg_date) VALUES ('BBS000001', 'SITE000001', 'BBM000001', NULL, '운영자', '서비스 이용 약관 개정 안내 (2026-04-01)', '<p>서비스 이용 약관이 개정되었습니다. 주요 변경사항을 확인해주세요.</p>', 230, 0, 0, 'Y', 'ACTIVE', 'US000001', '2026-01-01 00:00:00') ON CONFLICT DO NOTHING;
INSERT INTO shopjoy_2604.sy_bbs (bbs_id, site_id, bbm_id, member_id, author_nm, bbs_title, content_html, view_count, like_count, comment_count, is_fixed, bbs_status_cd, reg_by, reg_date) VALUES ('BBS000002', 'SITE000001', 'BBM000001', NULL, '운영자', '개인정보처리방침 개정 안내', '<p>개인정보처리방침이 2026년 3월 1일부로 개정되었습니다.</p>', 180, 0, 0, 'N', 'ACTIVE', 'US000001', '2026-01-01 00:00:00') ON CONFLICT DO NOTHING;
INSERT INTO shopjoy_2604.sy_bbs (bbs_id, site_id, bbm_id, member_id, author_nm, bbs_title, content_html, view_count, like_count, comment_count, is_fixed, bbs_status_cd, reg_by, reg_date) VALUES ('BBS000003', 'SITE000001', 'BBM000002', NULL, '운영자', '주문 취소는 어떻게 하나요?', '<p>마이페이지 &gt; 주문내역에서 취소 신청이 가능합니다.</p>', 450, 0, 0, 'N', 'ACTIVE', 'US000001', '2026-01-01 00:00:00') ON CONFLICT DO NOTHING;
INSERT INTO shopjoy_2604.sy_bbs (bbs_id, site_id, bbm_id, member_id, author_nm, bbs_title, content_html, view_count, like_count, comment_count, is_fixed, bbs_status_cd, reg_by, reg_date) VALUES ('BBS000004', 'SITE000001', 'BBM000002', NULL, '운영자', '교환/반품 신청 방법을 알려주세요', '<p>배송 완료 후 7일 이내 클레임 신청이 가능합니다.</p>', 380, 0, 0, 'N', 'ACTIVE', 'US000001', '2026-01-01 00:00:00') ON CONFLICT DO NOTHING;
INSERT INTO shopjoy_2604.sy_bbs (bbs_id, site_id, bbm_id, member_id, author_nm, bbs_title, content_html, view_count, like_count, comment_count, is_fixed, bbs_status_cd, reg_by, reg_date) VALUES ('BBS000005', 'SITE000001', 'BBM000002', NULL, '운영자', '쿠폰은 어디서 사용하나요?', '<p>결제 단계에서 쿠폰을 선택하여 사용할 수 있습니다.</p>', 290, 0, 0, 'N', 'ACTIVE', 'US000001', '2026-01-01 00:00:00') ON CONFLICT DO NOTHING;
INSERT INTO shopjoy_2604.sy_bbs (bbs_id, site_id, bbm_id, member_id, author_nm, bbs_title, content_html, view_count, like_count, comment_count, is_fixed, bbs_status_cd, reg_by, reg_date) VALUES ('BBS000006', 'SITE000001', 'BBM000004', NULL, '운영자', '봄 시즌 기획전 이벤트 안내', '<p>4월 한 달간 봄 신상품 최대 30% 할인 행사를 진행합니다.</p>', 820, 42, 15, 'Y', 'ACTIVE', 'US000001', '2026-01-01 00:00:00') ON CONFLICT DO NOTHING;
INSERT INTO shopjoy_2604.sy_bbs (bbs_id, site_id, bbm_id, member_id, author_nm, bbs_title, content_html, view_count, like_count, comment_count, is_fixed, bbs_status_cd, reg_by, reg_date) VALUES ('BBS000007', 'SITE000001', 'BBM000004', NULL, '운영자', '회원 등급별 추가 적립 이벤트', '<p>VIP 회원 3% 추가 적립, 골드 회원 2% 추가 적립 혜택을 드립니다.</p>', 640, 38, 22, 'N', 'ACTIVE', 'US000001', '2026-01-01 00:00:00') ON CONFLICT DO NOTHING;
INSERT INTO shopjoy_2604.sy_bbs (bbs_id, site_id, bbm_id, member_id, author_nm, bbs_title, content_html, view_count, like_count, comment_count, is_fixed, bbs_status_cd, reg_by, reg_date) VALUES ('BBS000008', 'SITE000001', 'BBM000005', NULL, '운영자', '[운영] 2026년 4분기 배포 일정 공유', '<p>개발팀 배포 일정 및 영향 범위를 공유합니다.</p>', 55, 0, 0, 'Y', 'ACTIVE', 'US000001', '2026-01-01 00:00:00') ON CONFLICT DO NOTHING;
INSERT INTO shopjoy_2604.sy_bbs (bbs_id, site_id, bbm_id, member_id, author_nm, bbs_title, content_html, view_count, like_count, comment_count, is_fixed, bbs_status_cd, reg_by, reg_date) VALUES ('BBS000009', 'SITE000001', 'BBM000005', NULL, '운영자', '[보안] 정기 취약점 점검 결과 보고', '<p>2026년 1분기 취약점 점검 결과: 위험 0건, 주의 2건 처리 완료.</p>', 43, 0, 0, 'N', 'ACTIVE', 'US000001', '2026-01-01 00:00:00') ON CONFLICT DO NOTHING;
INSERT INTO shopjoy_2604.sy_bbs (bbs_id, site_id, bbm_id, member_id, author_nm, bbs_title, content_html, view_count, like_count, comment_count, is_fixed, bbs_status_cd, reg_by, reg_date) VALUES ('BBS000010', 'SITE000001', 'BBM000003', 'MB000001', '회원', '배송이 너무 늦어요', '<p>5일이 지났는데도 배송이 안 왔습니다. 확인 부탁드립니다.</p>', 12, 0, 0, 'N', 'ACTIVE', 'MB000001', '2026-01-01 00:00:00') ON CONFLICT DO NOTHING;
INSERT INTO shopjoy_2604.sy_bbs (bbs_id, site_id, bbm_id, member_id, author_nm, bbs_title, content_html, view_count, like_count, comment_count, is_fixed, bbs_status_cd, reg_by, reg_date) VALUES ('BBS000011', 'SITE000001', 'BBM000003', 'MB000002', '회원', '쿠폰 적용이 안 됩니다', '<p>결제 시 쿠폰이 적용되지 않습니다. 도와주세요.</p>', 8, 0, 0, 'N', 'ACTIVE', 'MB000002', '2026-01-01 00:00:00') ON CONFLICT DO NOTHING;

-- ================================================================
-- 15. sy_contact — 고객문의
-- ================================================================
INSERT INTO shopjoy_2604.sy_contact (contact_id, site_id, member_id, member_nm, category_cd, contact_title, contact_content, contact_status_cd, contact_answer, answer_user_id, answer_date, contact_date, reg_by, reg_date) VALUES ('CN000001', 'SITE000001', 'MB000001', '김회원', '배송지연', '배송이 너무 늦습니다', '주문 후 7일이 지났는데 배송이 안 왔어요. 확인해주세요.', 'DONE', '배송 조회 결과 오늘 출고 예정입니다. 양해 부탁드립니다.', 'US000019', '2026-04-10 14:00:00', '2026-04-09 10:00:00', 'MB000001', '2026-01-01 00:00:00') ON CONFLICT DO NOTHING;
INSERT INTO shopjoy_2604.sy_contact (contact_id, site_id, member_id, member_nm, category_cd, contact_title, contact_content, contact_status_cd, contact_answer, answer_user_id, answer_date, contact_date, reg_by, reg_date) VALUES ('CN000002', 'SITE000001', 'MB000002', '이고객', '상품문의', '상품 사이즈 문의', '이 상품 L사이즈 재입고 예정이 있나요?', 'DONE', '다음달 초 재입고 예정입니다.', 'US000019', '2026-04-10 14:00:00', '2026-04-09 10:00:00', 'MB000002', '2026-01-01 00:00:00') ON CONFLICT DO NOTHING;
INSERT INTO shopjoy_2604.sy_contact (contact_id, site_id, member_id, member_nm, category_cd, contact_title, contact_content, contact_status_cd, contact_answer, answer_user_id, answer_date, contact_date, reg_by, reg_date) VALUES ('CN000003', 'SITE000001', 'MB000003', '박구매', '결제오류', '결제가 되지 않습니다', '카드 결제 시 오류가 발생합니다.', 'DONE', '일시적 오류였습니다. 현재 정상 처리됩니다.', 'US000039', '2026-04-10 14:00:00', '2026-04-09 10:00:00', 'MB000003', '2026-01-01 00:00:00') ON CONFLICT DO NOTHING;
INSERT INTO shopjoy_2604.sy_contact (contact_id, site_id, member_id, member_nm, category_cd, contact_title, contact_content, contact_status_cd, contact_answer, answer_user_id, answer_date, contact_date, reg_by, reg_date) VALUES ('CN000004', 'SITE000001', 'MB000004', '최소비', '반품문의', '반품 접수 방법이 궁금해요', '반품은 어떻게 신청하나요?', 'DONE', '마이페이지 > 클레임신청에서 반품 접수 가능합니다.', 'US000039', '2026-04-10 14:00:00', '2026-04-09 10:00:00', 'MB000004', '2026-01-01 00:00:00') ON CONFLICT DO NOTHING;
INSERT INTO shopjoy_2604.sy_contact (contact_id, site_id, member_id, member_nm, category_cd, contact_title, contact_content, contact_status_cd, contact_answer, answer_user_id, answer_date, contact_date, reg_by, reg_date) VALUES ('CN000005', 'SITE000001', 'MB000005', '정회원', '쿠폰문의', '쿠폰이 적용되지 않아요', '쿠폰 코드 입력했는데 적용이 안 됩니다.', 'DONE', '쿠폰 유효기간이 만료된 것으로 확인됩니다.', 'US000041', '2026-04-10 14:00:00', '2026-04-09 10:00:00', 'MB000005', '2026-01-01 00:00:00') ON CONFLICT DO NOTHING;
INSERT INTO shopjoy_2604.sy_contact (contact_id, site_id, member_id, member_nm, category_cd, contact_title, contact_content, contact_status_cd, contact_answer, answer_user_id, answer_date, contact_date, reg_by, reg_date) VALUES ('CN000006', 'SITE000001', 'MB000001', '김회원', '배송문의', '오배송 신고합니다', '다른 상품이 왔습니다.', 'IN_PROGRESS', NULL, NULL, NULL, '2026-04-09 10:00:00', 'MB000001', '2026-01-01 00:00:00') ON CONFLICT DO NOTHING;
INSERT INTO shopjoy_2604.sy_contact (contact_id, site_id, member_id, member_nm, category_cd, contact_title, contact_content, contact_status_cd, contact_answer, answer_user_id, answer_date, contact_date, reg_by, reg_date) VALUES ('CN000007', 'SITE000001', 'MB000002', '이고객', '상품불량', '상품에 하자가 있습니다', '구매한 상품에 흠집이 있습니다.', 'RECEIVED', NULL, NULL, NULL, '2026-04-09 10:00:00', 'MB000002', '2026-01-01 00:00:00') ON CONFLICT DO NOTHING;
INSERT INTO shopjoy_2604.sy_contact (contact_id, site_id, member_id, member_nm, category_cd, contact_title, contact_content, contact_status_cd, contact_answer, answer_user_id, answer_date, contact_date, reg_by, reg_date) VALUES ('CN000008', 'SITE000001', 'MB000003', '박구매', '서비스', '회원 등급 문의', 'VIP 기준이 무엇인가요?', 'RECEIVED', NULL, NULL, NULL, '2026-04-09 10:00:00', 'MB000003', '2026-01-01 00:00:00') ON CONFLICT DO NOTHING;

-- ================================================================
-- 16. sy_notice — 공지사항
-- ================================================================
INSERT INTO shopjoy_2604.sy_notice (notice_id, site_id, notice_title, notice_type_cd, is_fixed, content_html, start_date, end_date, notice_status_cd, view_count, reg_by, reg_date) VALUES ('NT000001', 'SITE000001', '서비스 점검 안내 (4월 15일 새벽 2시~4시)', 'URGENT', 'Y', '<p>서비스 점검이 예정되어 있습니다.</p>', '2026-04-14 00:00:00', '2026-04-15 23:59:59', 'ACTIVE', 250, 'US000001', '2026-01-01 00:00:00') ON CONFLICT DO NOTHING;
INSERT INTO shopjoy_2604.sy_notice (notice_id, site_id, notice_title, notice_type_cd, is_fixed, content_html, start_date, end_date, notice_status_cd, view_count, reg_by, reg_date) VALUES ('NT000002', 'SITE000001', '봄 시즌 기획전 오픈 안내', 'NORMAL', 'N', '<p>봄 기획전이 시작되었습니다.</p>', '2026-04-01 00:00:00', '2026-05-31 23:59:59', 'ACTIVE', 430, 'US000001', '2026-01-01 00:00:00') ON CONFLICT DO NOTHING;
INSERT INTO shopjoy_2604.sy_notice (notice_id, site_id, notice_title, notice_type_cd, is_fixed, content_html, start_date, end_date, notice_status_cd, view_count, reg_by, reg_date) VALUES ('NT000003', 'SITE000001', '개인정보처리방침 개정 안내', 'NORMAL', 'N', '<p>개인정보처리방침이 개정되었습니다.</p>', '2026-03-01 00:00:00', NULL, 'ACTIVE', 320, 'US000001', '2026-01-01 00:00:00') ON CONFLICT DO NOTHING;
INSERT INTO shopjoy_2604.sy_notice (notice_id, site_id, notice_title, notice_type_cd, is_fixed, content_html, start_date, end_date, notice_status_cd, view_count, reg_by, reg_date) VALUES ('NT000004', 'SITE000001', '긴급 보안 업데이트 안내', 'URGENT', 'Y', '<p>보안 업데이트가 완료되었습니다.</p>', '2026-02-10 00:00:00', '2026-02-15 23:59:59', 'INACTIVE', 180, 'US000001', '2026-01-01 00:00:00') ON CONFLICT DO NOTHING;
INSERT INTO shopjoy_2604.sy_notice (notice_id, site_id, notice_title, notice_type_cd, is_fixed, content_html, start_date, end_date, notice_status_cd, view_count, reg_by, reg_date) VALUES ('NT000005', 'SITE000001', '신규 결제수단 추가 안내', 'NORMAL', 'N', '', NULL, NULL, 'INACTIVE', 0, 'US000001', '2026-01-01 00:00:00') ON CONFLICT DO NOTHING;

-- ================================================================
-- 17. sy_voc — VOC 분류
-- ================================================================
INSERT INTO shopjoy_2604.sy_voc (voc_id, site_id, voc_master_cd, voc_detail_cd, voc_nm, voc_content, use_yn, reg_by, reg_date) VALUES ('VC000100', 'SITE000001', 'DELIVERY', 'DELIVERY_DELAY', '배송 지연', '주문 후 예상 배송일보다 늦게 도착하는 경우', 'Y', 'SYSTEM', '2026-01-01 00:00:00') ON CONFLICT DO NOTHING;
INSERT INTO shopjoy_2604.sy_voc (voc_id, site_id, voc_master_cd, voc_detail_cd, voc_nm, voc_content, use_yn, reg_by, reg_date) VALUES ('VC000101', 'SITE000001', 'DELIVERY', 'DELIVERY_LOST', '배송 분실', '배송 중 물건이 분실된 경우', 'Y', 'SYSTEM', '2026-01-01 00:00:00') ON CONFLICT DO NOTHING;
INSERT INTO shopjoy_2604.sy_voc (voc_id, site_id, voc_master_cd, voc_detail_cd, voc_nm, voc_content, use_yn, reg_by, reg_date) VALUES ('VC000102', 'SITE000001', 'DELIVERY', 'DELIVERY_DAMAGE', '배송 파손', '배송 중 물건이 파손된 경우', 'Y', 'SYSTEM', '2026-01-01 00:00:00') ON CONFLICT DO NOTHING;
INSERT INTO shopjoy_2604.sy_voc (voc_id, site_id, voc_master_cd, voc_detail_cd, voc_nm, voc_content, use_yn, reg_by, reg_date) VALUES ('VC000103', 'SITE000001', 'PRODUCT', 'PRODUCT_DEFECT', '상품 불량', '수령 상품에 제조 불량이 있는 경우', 'Y', 'SYSTEM', '2026-01-01 00:00:00') ON CONFLICT DO NOTHING;
INSERT INTO shopjoy_2604.sy_voc (voc_id, site_id, voc_master_cd, voc_detail_cd, voc_nm, voc_content, use_yn, reg_by, reg_date) VALUES ('VC000104', 'SITE000001', 'PRODUCT', 'PRODUCT_WRONG', '상품 오배송', '주문과 다른 상품이 배송된 경우', 'Y', 'SYSTEM', '2026-01-01 00:00:00') ON CONFLICT DO NOTHING;
INSERT INTO shopjoy_2604.sy_voc (voc_id, site_id, voc_master_cd, voc_detail_cd, voc_nm, voc_content, use_yn, reg_by, reg_date) VALUES ('VC000105', 'SITE000001', 'PRODUCT', 'PRODUCT_INFO', '상품 정보 오류', '상세페이지 내용과 다른 상품인 경우', 'Y', 'SYSTEM', '2026-01-01 00:00:00') ON CONFLICT DO NOTHING;
INSERT INTO shopjoy_2604.sy_voc (voc_id, site_id, voc_master_cd, voc_detail_cd, voc_nm, voc_content, use_yn, reg_by, reg_date) VALUES ('VC000106', 'SITE000001', 'PAYMENT', 'PAYMENT_FAIL', '결제 실패', '결제 처리 중 오류가 발생한 경우', 'Y', 'SYSTEM', '2026-01-01 00:00:00') ON CONFLICT DO NOTHING;
INSERT INTO shopjoy_2604.sy_voc (voc_id, site_id, voc_master_cd, voc_detail_cd, voc_nm, voc_content, use_yn, reg_by, reg_date) VALUES ('VC000107', 'SITE000001', 'PAYMENT', 'PAYMENT_REFUND', '환불 요청', '결제 후 환불이 필요한 경우', 'Y', 'SYSTEM', '2026-01-01 00:00:00') ON CONFLICT DO NOTHING;
INSERT INTO shopjoy_2604.sy_voc (voc_id, site_id, voc_master_cd, voc_detail_cd, voc_nm, voc_content, use_yn, reg_by, reg_date) VALUES ('VC000108', 'SITE000001', 'CLAIM', 'CLAIM_CANCEL', '취소 클레임', '주문 취소 관련 문의', 'Y', 'SYSTEM', '2026-01-01 00:00:00') ON CONFLICT DO NOTHING;
INSERT INTO shopjoy_2604.sy_voc (voc_id, site_id, voc_master_cd, voc_detail_cd, voc_nm, voc_content, use_yn, reg_by, reg_date) VALUES ('VC000109', 'SITE000001', 'CLAIM', 'CLAIM_RETURN', '반품 클레임', '반품 처리 관련 문의', 'Y', 'SYSTEM', '2026-01-01 00:00:00') ON CONFLICT DO NOTHING;
INSERT INTO shopjoy_2604.sy_voc (voc_id, site_id, voc_master_cd, voc_detail_cd, voc_nm, voc_content, use_yn, reg_by, reg_date) VALUES ('VC000110', 'SITE000001', 'CLAIM', 'CLAIM_EXCHANGE', '교환 클레임', '교환 처리 관련 문의', 'Y', 'SYSTEM', '2026-01-01 00:00:00') ON CONFLICT DO NOTHING;
INSERT INTO shopjoy_2604.sy_voc (voc_id, site_id, voc_master_cd, voc_detail_cd, voc_nm, voc_content, use_yn, reg_by, reg_date) VALUES ('VC000111', 'SITE000001', 'SERVICE', 'SERVICE_MEMBER', '회원 서비스', '회원 가입/탈퇴/정보변경 관련', 'Y', 'SYSTEM', '2026-01-01 00:00:00') ON CONFLICT DO NOTHING;
INSERT INTO shopjoy_2604.sy_voc (voc_id, site_id, voc_master_cd, voc_detail_cd, voc_nm, voc_content, use_yn, reg_by, reg_date) VALUES ('VC000112', 'SITE000001', 'ETC', 'ETC', '기타', '그 외 기타 문의 사항', 'Y', 'SYSTEM', '2026-01-01 00:00:00') ON CONFLICT DO NOTHING;

-- ================================================================
-- 18. sy_i18n + sy_i18n_msg — 다국어
-- ================================================================
INSERT INTO shopjoy_2604.sy_i18n (i18n_id, i18n_key, i18n_scope_cd, i18n_category, sort_ord, use_yn, reg_by, reg_date) VALUES ('I8N000001', 'common.btn.save', 'COMMON', 'button', 1, 'Y', 'SYSTEM', '2026-01-01 00:00:00') ON CONFLICT DO NOTHING;
INSERT INTO shopjoy_2604.sy_i18n_msg (i18n_msg_id, i18n_id, lang_cd, i18n_msg, reg_by, reg_date) VALUES ('IM000001', 'I8N000001', 'ko', '저장', 'SYSTEM', '2026-01-01 00:00:00') ON CONFLICT DO NOTHING;
INSERT INTO shopjoy_2604.sy_i18n_msg (i18n_msg_id, i18n_id, lang_cd, i18n_msg, reg_by, reg_date) VALUES ('IM000002', 'I8N000001', 'en', 'Save', 'SYSTEM', '2026-01-01 00:00:00') ON CONFLICT DO NOTHING;
INSERT INTO shopjoy_2604.sy_i18n (i18n_id, i18n_key, i18n_scope_cd, i18n_category, sort_ord, use_yn, reg_by, reg_date) VALUES ('I8N000002', 'common.btn.cancel', 'COMMON', 'button', 2, 'Y', 'SYSTEM', '2026-01-01 00:00:00') ON CONFLICT DO NOTHING;
INSERT INTO shopjoy_2604.sy_i18n_msg (i18n_msg_id, i18n_id, lang_cd, i18n_msg, reg_by, reg_date) VALUES ('IM000003', 'I8N000002', 'ko', '취소', 'SYSTEM', '2026-01-01 00:00:00') ON CONFLICT DO NOTHING;
INSERT INTO shopjoy_2604.sy_i18n_msg (i18n_msg_id, i18n_id, lang_cd, i18n_msg, reg_by, reg_date) VALUES ('IM000004', 'I8N000002', 'en', 'Cancel', 'SYSTEM', '2026-01-01 00:00:00') ON CONFLICT DO NOTHING;
INSERT INTO shopjoy_2604.sy_i18n (i18n_id, i18n_key, i18n_scope_cd, i18n_category, sort_ord, use_yn, reg_by, reg_date) VALUES ('I8N000003', 'common.btn.delete', 'COMMON', 'button', 3, 'Y', 'SYSTEM', '2026-01-01 00:00:00') ON CONFLICT DO NOTHING;
INSERT INTO shopjoy_2604.sy_i18n_msg (i18n_msg_id, i18n_id, lang_cd, i18n_msg, reg_by, reg_date) VALUES ('IM000005', 'I8N000003', 'ko', '삭제', 'SYSTEM', '2026-01-01 00:00:00') ON CONFLICT DO NOTHING;
INSERT INTO shopjoy_2604.sy_i18n_msg (i18n_msg_id, i18n_id, lang_cd, i18n_msg, reg_by, reg_date) VALUES ('IM000006', 'I8N000003', 'en', 'Delete', 'SYSTEM', '2026-01-01 00:00:00') ON CONFLICT DO NOTHING;
INSERT INTO shopjoy_2604.sy_i18n (i18n_id, i18n_key, i18n_scope_cd, i18n_category, sort_ord, use_yn, reg_by, reg_date) VALUES ('I8N000004', 'common.btn.search', 'COMMON', 'button', 4, 'Y', 'SYSTEM', '2026-01-01 00:00:00') ON CONFLICT DO NOTHING;
INSERT INTO shopjoy_2604.sy_i18n_msg (i18n_msg_id, i18n_id, lang_cd, i18n_msg, reg_by, reg_date) VALUES ('IM000007', 'I8N000004', 'ko', '검색', 'SYSTEM', '2026-01-01 00:00:00') ON CONFLICT DO NOTHING;
INSERT INTO shopjoy_2604.sy_i18n_msg (i18n_msg_id, i18n_id, lang_cd, i18n_msg, reg_by, reg_date) VALUES ('IM000008', 'I8N000004', 'en', 'Search', 'SYSTEM', '2026-01-01 00:00:00') ON CONFLICT DO NOTHING;
INSERT INTO shopjoy_2604.sy_i18n (i18n_id, i18n_key, i18n_scope_cd, i18n_category, sort_ord, use_yn, reg_by, reg_date) VALUES ('I8N000005', 'common.btn.reset', 'COMMON', 'button', 5, 'Y', 'SYSTEM', '2026-01-01 00:00:00') ON CONFLICT DO NOTHING;
INSERT INTO shopjoy_2604.sy_i18n_msg (i18n_msg_id, i18n_id, lang_cd, i18n_msg, reg_by, reg_date) VALUES ('IM000009', 'I8N000005', 'ko', '초기화', 'SYSTEM', '2026-01-01 00:00:00') ON CONFLICT DO NOTHING;
INSERT INTO shopjoy_2604.sy_i18n_msg (i18n_msg_id, i18n_id, lang_cd, i18n_msg, reg_by, reg_date) VALUES ('IM000010', 'I8N000005', 'en', 'Reset', 'SYSTEM', '2026-01-01 00:00:00') ON CONFLICT DO NOTHING;
INSERT INTO shopjoy_2604.sy_i18n (i18n_id, i18n_key, i18n_scope_cd, i18n_category, sort_ord, use_yn, reg_by, reg_date) VALUES ('I8N000006', 'common.btn.add', 'COMMON', 'button', 6, 'Y', 'SYSTEM', '2026-01-01 00:00:00') ON CONFLICT DO NOTHING;
INSERT INTO shopjoy_2604.sy_i18n_msg (i18n_msg_id, i18n_id, lang_cd, i18n_msg, reg_by, reg_date) VALUES ('IM000011', 'I8N000006', 'ko', '추가', 'SYSTEM', '2026-01-01 00:00:00') ON CONFLICT DO NOTHING;
INSERT INTO shopjoy_2604.sy_i18n_msg (i18n_msg_id, i18n_id, lang_cd, i18n_msg, reg_by, reg_date) VALUES ('IM000012', 'I8N000006', 'en', 'Add', 'SYSTEM', '2026-01-01 00:00:00') ON CONFLICT DO NOTHING;
INSERT INTO shopjoy_2604.sy_i18n (i18n_id, i18n_key, i18n_scope_cd, i18n_category, sort_ord, use_yn, reg_by, reg_date) VALUES ('I8N000007', 'common.btn.edit', 'COMMON', 'button', 7, 'Y', 'SYSTEM', '2026-01-01 00:00:00') ON CONFLICT DO NOTHING;
INSERT INTO shopjoy_2604.sy_i18n_msg (i18n_msg_id, i18n_id, lang_cd, i18n_msg, reg_by, reg_date) VALUES ('IM000013', 'I8N000007', 'ko', '수정', 'SYSTEM', '2026-01-01 00:00:00') ON CONFLICT DO NOTHING;
INSERT INTO shopjoy_2604.sy_i18n_msg (i18n_msg_id, i18n_id, lang_cd, i18n_msg, reg_by, reg_date) VALUES ('IM000014', 'I8N000007', 'en', 'Edit', 'SYSTEM', '2026-01-01 00:00:00') ON CONFLICT DO NOTHING;
INSERT INTO shopjoy_2604.sy_i18n (i18n_id, i18n_key, i18n_scope_cd, i18n_category, sort_ord, use_yn, reg_by, reg_date) VALUES ('I8N000008', 'common.btn.close', 'COMMON', 'button', 8, 'Y', 'SYSTEM', '2026-01-01 00:00:00') ON CONFLICT DO NOTHING;
INSERT INTO shopjoy_2604.sy_i18n_msg (i18n_msg_id, i18n_id, lang_cd, i18n_msg, reg_by, reg_date) VALUES ('IM000015', 'I8N000008', 'ko', '닫기', 'SYSTEM', '2026-01-01 00:00:00') ON CONFLICT DO NOTHING;
INSERT INTO shopjoy_2604.sy_i18n_msg (i18n_msg_id, i18n_id, lang_cd, i18n_msg, reg_by, reg_date) VALUES ('IM000016', 'I8N000008', 'en', 'Close', 'SYSTEM', '2026-01-01 00:00:00') ON CONFLICT DO NOTHING;
INSERT INTO shopjoy_2604.sy_i18n (i18n_id, i18n_key, i18n_scope_cd, i18n_category, sort_ord, use_yn, reg_by, reg_date) VALUES ('I8N000009', 'common.btn.confirm', 'COMMON', 'button', 9, 'Y', 'SYSTEM', '2026-01-01 00:00:00') ON CONFLICT DO NOTHING;
INSERT INTO shopjoy_2604.sy_i18n_msg (i18n_msg_id, i18n_id, lang_cd, i18n_msg, reg_by, reg_date) VALUES ('IM000017', 'I8N000009', 'ko', '확인', 'SYSTEM', '2026-01-01 00:00:00') ON CONFLICT DO NOTHING;
INSERT INTO shopjoy_2604.sy_i18n_msg (i18n_msg_id, i18n_id, lang_cd, i18n_msg, reg_by, reg_date) VALUES ('IM000018', 'I8N000009', 'en', 'Confirm', 'SYSTEM', '2026-01-01 00:00:00') ON CONFLICT DO NOTHING;
INSERT INTO shopjoy_2604.sy_i18n (i18n_id, i18n_key, i18n_scope_cd, i18n_category, sort_ord, use_yn, reg_by, reg_date) VALUES ('I8N000010', 'common.btn.back', 'COMMON', 'button', 10, 'Y', 'SYSTEM', '2026-01-01 00:00:00') ON CONFLICT DO NOTHING;
INSERT INTO shopjoy_2604.sy_i18n_msg (i18n_msg_id, i18n_id, lang_cd, i18n_msg, reg_by, reg_date) VALUES ('IM000019', 'I8N000010', 'ko', '뒤로', 'SYSTEM', '2026-01-01 00:00:00') ON CONFLICT DO NOTHING;
INSERT INTO shopjoy_2604.sy_i18n_msg (i18n_msg_id, i18n_id, lang_cd, i18n_msg, reg_by, reg_date) VALUES ('IM000020', 'I8N000010', 'en', 'Back', 'SYSTEM', '2026-01-01 00:00:00') ON CONFLICT DO NOTHING;
INSERT INTO shopjoy_2604.sy_i18n (i18n_id, i18n_key, i18n_scope_cd, i18n_category, sort_ord, use_yn, reg_by, reg_date) VALUES ('I8N000011', 'common.label.status', 'COMMON', 'label', 11, 'Y', 'SYSTEM', '2026-01-01 00:00:00') ON CONFLICT DO NOTHING;
INSERT INTO shopjoy_2604.sy_i18n_msg (i18n_msg_id, i18n_id, lang_cd, i18n_msg, reg_by, reg_date) VALUES ('IM000021', 'I8N000011', 'ko', '상태', 'SYSTEM', '2026-01-01 00:00:00') ON CONFLICT DO NOTHING;
INSERT INTO shopjoy_2604.sy_i18n_msg (i18n_msg_id, i18n_id, lang_cd, i18n_msg, reg_by, reg_date) VALUES ('IM000022', 'I8N000011', 'en', 'Status', 'SYSTEM', '2026-01-01 00:00:00') ON CONFLICT DO NOTHING;
INSERT INTO shopjoy_2604.sy_i18n (i18n_id, i18n_key, i18n_scope_cd, i18n_category, sort_ord, use_yn, reg_by, reg_date) VALUES ('I8N000012', 'common.label.name', 'COMMON', 'label', 12, 'Y', 'SYSTEM', '2026-01-01 00:00:00') ON CONFLICT DO NOTHING;
INSERT INTO shopjoy_2604.sy_i18n_msg (i18n_msg_id, i18n_id, lang_cd, i18n_msg, reg_by, reg_date) VALUES ('IM000023', 'I8N000012', 'ko', '이름', 'SYSTEM', '2026-01-01 00:00:00') ON CONFLICT DO NOTHING;
INSERT INTO shopjoy_2604.sy_i18n_msg (i18n_msg_id, i18n_id, lang_cd, i18n_msg, reg_by, reg_date) VALUES ('IM000024', 'I8N000012', 'en', 'Name', 'SYSTEM', '2026-01-01 00:00:00') ON CONFLICT DO NOTHING;
INSERT INTO shopjoy_2604.sy_i18n (i18n_id, i18n_key, i18n_scope_cd, i18n_category, sort_ord, use_yn, reg_by, reg_date) VALUES ('I8N000013', 'common.label.date', 'COMMON', 'label', 13, 'Y', 'SYSTEM', '2026-01-01 00:00:00') ON CONFLICT DO NOTHING;
INSERT INTO shopjoy_2604.sy_i18n_msg (i18n_msg_id, i18n_id, lang_cd, i18n_msg, reg_by, reg_date) VALUES ('IM000025', 'I8N000013', 'ko', '날짜', 'SYSTEM', '2026-01-01 00:00:00') ON CONFLICT DO NOTHING;
INSERT INTO shopjoy_2604.sy_i18n_msg (i18n_msg_id, i18n_id, lang_cd, i18n_msg, reg_by, reg_date) VALUES ('IM000026', 'I8N000013', 'en', 'Date', 'SYSTEM', '2026-01-01 00:00:00') ON CONFLICT DO NOTHING;
INSERT INTO shopjoy_2604.sy_i18n (i18n_id, i18n_key, i18n_scope_cd, i18n_category, sort_ord, use_yn, reg_by, reg_date) VALUES ('I8N000014', 'common.msg.required', 'COMMON', 'message', 14, 'Y', 'SYSTEM', '2026-01-01 00:00:00') ON CONFLICT DO NOTHING;
INSERT INTO shopjoy_2604.sy_i18n_msg (i18n_msg_id, i18n_id, lang_cd, i18n_msg, reg_by, reg_date) VALUES ('IM000027', 'I8N000014', 'ko', '필수 항목입니다', 'SYSTEM', '2026-01-01 00:00:00') ON CONFLICT DO NOTHING;
INSERT INTO shopjoy_2604.sy_i18n_msg (i18n_msg_id, i18n_id, lang_cd, i18n_msg, reg_by, reg_date) VALUES ('IM000028', 'I8N000014', 'en', 'This field is required', 'SYSTEM', '2026-01-01 00:00:00') ON CONFLICT DO NOTHING;
INSERT INTO shopjoy_2604.sy_i18n (i18n_id, i18n_key, i18n_scope_cd, i18n_category, sort_ord, use_yn, reg_by, reg_date) VALUES ('I8N000015', 'common.msg.saved', 'COMMON', 'message', 15, 'Y', 'SYSTEM', '2026-01-01 00:00:00') ON CONFLICT DO NOTHING;
INSERT INTO shopjoy_2604.sy_i18n_msg (i18n_msg_id, i18n_id, lang_cd, i18n_msg, reg_by, reg_date) VALUES ('IM000029', 'I8N000015', 'ko', '저장되었습니다', 'SYSTEM', '2026-01-01 00:00:00') ON CONFLICT DO NOTHING;
INSERT INTO shopjoy_2604.sy_i18n_msg (i18n_msg_id, i18n_id, lang_cd, i18n_msg, reg_by, reg_date) VALUES ('IM000030', 'I8N000015', 'en', 'Saved successfully', 'SYSTEM', '2026-01-01 00:00:00') ON CONFLICT DO NOTHING;
INSERT INTO shopjoy_2604.sy_i18n (i18n_id, i18n_key, i18n_scope_cd, i18n_category, sort_ord, use_yn, reg_by, reg_date) VALUES ('I8N000016', 'common.msg.deleted', 'COMMON', 'message', 16, 'Y', 'SYSTEM', '2026-01-01 00:00:00') ON CONFLICT DO NOTHING;
INSERT INTO shopjoy_2604.sy_i18n_msg (i18n_msg_id, i18n_id, lang_cd, i18n_msg, reg_by, reg_date) VALUES ('IM000031', 'I8N000016', 'ko', '삭제되었습니다', 'SYSTEM', '2026-01-01 00:00:00') ON CONFLICT DO NOTHING;
INSERT INTO shopjoy_2604.sy_i18n_msg (i18n_msg_id, i18n_id, lang_cd, i18n_msg, reg_by, reg_date) VALUES ('IM000032', 'I8N000016', 'en', 'Deleted successfully', 'SYSTEM', '2026-01-01 00:00:00') ON CONFLICT DO NOTHING;
INSERT INTO shopjoy_2604.sy_i18n (i18n_id, i18n_key, i18n_scope_cd, i18n_category, sort_ord, use_yn, reg_by, reg_date) VALUES ('I8N000017', 'common.msg.error', 'COMMON', 'message', 17, 'Y', 'SYSTEM', '2026-01-01 00:00:00') ON CONFLICT DO NOTHING;
INSERT INTO shopjoy_2604.sy_i18n_msg (i18n_msg_id, i18n_id, lang_cd, i18n_msg, reg_by, reg_date) VALUES ('IM000033', 'I8N000017', 'ko', '오류가 발생했습니다', 'SYSTEM', '2026-01-01 00:00:00') ON CONFLICT DO NOTHING;
INSERT INTO shopjoy_2604.sy_i18n_msg (i18n_msg_id, i18n_id, lang_cd, i18n_msg, reg_by, reg_date) VALUES ('IM000034', 'I8N000017', 'en', 'An error occurred', 'SYSTEM', '2026-01-01 00:00:00') ON CONFLICT DO NOTHING;
INSERT INTO shopjoy_2604.sy_i18n (i18n_id, i18n_key, i18n_scope_cd, i18n_category, sort_ord, use_yn, reg_by, reg_date) VALUES ('I8N000018', 'common.msg.confirm_delete', 'COMMON', 'message', 18, 'Y', 'SYSTEM', '2026-01-01 00:00:00') ON CONFLICT DO NOTHING;
INSERT INTO shopjoy_2604.sy_i18n_msg (i18n_msg_id, i18n_id, lang_cd, i18n_msg, reg_by, reg_date) VALUES ('IM000035', 'I8N000018', 'ko', '삭제하시겠습니까?', 'SYSTEM', '2026-01-01 00:00:00') ON CONFLICT DO NOTHING;
INSERT INTO shopjoy_2604.sy_i18n_msg (i18n_msg_id, i18n_id, lang_cd, i18n_msg, reg_by, reg_date) VALUES ('IM000036', 'I8N000018', 'en', 'Are you sure to delete?', 'SYSTEM', '2026-01-01 00:00:00') ON CONFLICT DO NOTHING;
INSERT INTO shopjoy_2604.sy_i18n (i18n_id, i18n_key, i18n_scope_cd, i18n_category, sort_ord, use_yn, reg_by, reg_date) VALUES ('I8N000019', 'error.404', 'COMMON', 'error', 19, 'Y', 'SYSTEM', '2026-01-01 00:00:00') ON CONFLICT DO NOTHING;
INSERT INTO shopjoy_2604.sy_i18n_msg (i18n_msg_id, i18n_id, lang_cd, i18n_msg, reg_by, reg_date) VALUES ('IM000037', 'I8N000019', 'ko', '페이지를 찾을 수 없습니다', 'SYSTEM', '2026-01-01 00:00:00') ON CONFLICT DO NOTHING;
INSERT INTO shopjoy_2604.sy_i18n_msg (i18n_msg_id, i18n_id, lang_cd, i18n_msg, reg_by, reg_date) VALUES ('IM000038', 'I8N000019', 'en', 'Page not found', 'SYSTEM', '2026-01-01 00:00:00') ON CONFLICT DO NOTHING;
INSERT INTO shopjoy_2604.sy_i18n (i18n_id, i18n_key, i18n_scope_cd, i18n_category, sort_ord, use_yn, reg_by, reg_date) VALUES ('I8N000020', 'error.500', 'COMMON', 'error', 20, 'Y', 'SYSTEM', '2026-01-01 00:00:00') ON CONFLICT DO NOTHING;
INSERT INTO shopjoy_2604.sy_i18n_msg (i18n_msg_id, i18n_id, lang_cd, i18n_msg, reg_by, reg_date) VALUES ('IM000039', 'I8N000020', 'ko', '서버 오류가 발생했습니다', 'SYSTEM', '2026-01-01 00:00:00') ON CONFLICT DO NOTHING;
INSERT INTO shopjoy_2604.sy_i18n_msg (i18n_msg_id, i18n_id, lang_cd, i18n_msg, reg_by, reg_date) VALUES ('IM000040', 'I8N000020', 'en', 'Internal server error', 'SYSTEM', '2026-01-01 00:00:00') ON CONFLICT DO NOTHING;

-- ================================================================
-- 19. sy_template — 발송 템플릿
-- ================================================================
INSERT INTO shopjoy_2604.sy_template (template_id, site_id, template_type_cd, template_code, template_nm, template_subject, template_content, use_yn, reg_by, reg_date) VALUES ('TP000001', 'SITE000001', 'EMAIL', 'ORDER_CONFIRM', '주문 확인 이메일', '[ShopJoy] 주문이 접수되었습니다', '<p>안녕하세요 {member_nm}님, 주문번호 {order_no}가 접수되었습니다.</p>', 'Y', 'US000001', '2026-01-01 00:00:00') ON CONFLICT DO NOTHING;
INSERT INTO shopjoy_2604.sy_template (template_id, site_id, template_type_cd, template_code, template_nm, template_subject, template_content, use_yn, reg_by, reg_date) VALUES ('TP000002', 'SITE000001', 'EMAIL', 'DLIV_SHIPPED', '배송 출발 이메일', '[ShopJoy] 상품이 출발하였습니다', '<p>주문번호 {order_no} 상품이 {carrier}로 출발하였습니다. 운송장: {tracking_no}</p>', 'Y', 'US000001', '2026-01-01 00:00:00') ON CONFLICT DO NOTHING;
INSERT INTO shopjoy_2604.sy_template (template_id, site_id, template_type_cd, template_code, template_nm, template_subject, template_content, use_yn, reg_by, reg_date) VALUES ('TP000003', 'SITE000001', 'EMAIL', 'CLAIM_RECEIVED', '클레임 접수 이메일', '[ShopJoy] 클레임이 접수되었습니다', '<p>클레임 번호 {claim_no}가 접수되었습니다. 처리 결과를 안내드리겠습니다.</p>', 'Y', 'US000001', '2026-01-01 00:00:00') ON CONFLICT DO NOTHING;
INSERT INTO shopjoy_2604.sy_template (template_id, site_id, template_type_cd, template_code, template_nm, template_subject, template_content, use_yn, reg_by, reg_date) VALUES ('TP000004', 'SITE000001', 'EMAIL', 'PASSWORD_RESET', '비밀번호 재설정 이메일', '[ShopJoy] 비밀번호 재설정 안내', '<p>비밀번호 재설정 링크: <a href="{reset_url}">{reset_url}</a></p>', 'Y', 'US000001', '2026-01-01 00:00:00') ON CONFLICT DO NOTHING;
INSERT INTO shopjoy_2604.sy_template (template_id, site_id, template_type_cd, template_code, template_nm, template_subject, template_content, use_yn, reg_by, reg_date) VALUES ('TP000005', 'SITE000001', 'EMAIL', 'JOIN_WELCOME', '가입 환영 이메일', '[ShopJoy] 회원가입을 환영합니다', '<p>안녕하세요 {member_nm}님! 회원가입을 진심으로 환영합니다.</p>', 'Y', 'US000001', '2026-01-01 00:00:00') ON CONFLICT DO NOTHING;
INSERT INTO shopjoy_2604.sy_template (template_id, site_id, template_type_cd, template_code, template_nm, template_subject, template_content, use_yn, reg_by, reg_date) VALUES ('TP000006', 'SITE000001', 'SMS', 'ORDER_SMS', '주문 접수 SMS', NULL, '[ShopJoy] 주문({order_no}) 접수완료. 결제금액 {pay_amt}원', 'Y', 'US000001', '2026-01-01 00:00:00') ON CONFLICT DO NOTHING;
INSERT INTO shopjoy_2604.sy_template (template_id, site_id, template_type_cd, template_code, template_nm, template_subject, template_content, use_yn, reg_by, reg_date) VALUES ('TP000007', 'SITE000001', 'SMS', 'DLIV_SMS', '배송 출발 SMS', NULL, '[ShopJoy] {order_no} 상품 발송. {carrier}/{tracking_no}', 'Y', 'US000001', '2026-01-01 00:00:00') ON CONFLICT DO NOTHING;
INSERT INTO shopjoy_2604.sy_template (template_id, site_id, template_type_cd, template_code, template_nm, template_subject, template_content, use_yn, reg_by, reg_date) VALUES ('TP000008', 'SITE000001', 'KAKAO', 'ORDER_KAKAO', '주문 접수 알림톡', NULL, '주문번호: {order_no}
결제금액: {pay_amt}원
배송예정: {dliv_date}', 'Y', 'US000001', '2026-01-01 00:00:00') ON CONFLICT DO NOTHING;
INSERT INTO shopjoy_2604.sy_template (template_id, site_id, template_type_cd, template_code, template_nm, template_subject, template_content, use_yn, reg_by, reg_date) VALUES ('TP000009', 'SITE000001', 'KAKAO', 'DLIV_KAKAO', '배송 출발 알림톡', NULL, '배송 출발 안내
운송장: {tracking_no}
택배사: {carrier}', 'Y', 'US000001', '2026-01-01 00:00:00') ON CONFLICT DO NOTHING;
INSERT INTO shopjoy_2604.sy_template (template_id, site_id, template_type_cd, template_code, template_nm, template_subject, template_content, use_yn, reg_by, reg_date) VALUES ('TP000010', 'SITE000001', 'PUSH', 'EVENT_PUSH', '이벤트 푸시 알림', NULL, '{event_nm} 이벤트가 시작되었습니다! 지금 확인하세요.', 'Y', 'US000001', '2026-01-01 00:00:00') ON CONFLICT DO NOTHING;

-- ================================================================
-- 20. sy_path — 경로 트리
-- ================================================================
INSERT INTO shopjoy_2604.sy_path (path_id, biz_cd, parent_path_id, path_label, sort_ord, use_yn, reg_by, reg_date) OVERRIDING SYSTEM VALUE VALUES (1, 'sy_brand', NULL, '스포츠', 1, 'Y', 'SYSTEM', '2026-01-01 00:00:00') ON CONFLICT DO NOTHING;
INSERT INTO shopjoy_2604.sy_path (path_id, biz_cd, parent_path_id, path_label, sort_ord, use_yn, reg_by, reg_date) OVERRIDING SYSTEM VALUE VALUES (2, 'sy_brand', 1, '글로벌', 1, 'Y', 'SYSTEM', '2026-01-01 00:00:00') ON CONFLICT DO NOTHING;
INSERT INTO shopjoy_2604.sy_path (path_id, biz_cd, parent_path_id, path_label, sort_ord, use_yn, reg_by, reg_date) OVERRIDING SYSTEM VALUE VALUES (3, 'sy_brand', 1, '국내', 2, 'Y', 'SYSTEM', '2026-01-01 00:00:00') ON CONFLICT DO NOTHING;
INSERT INTO shopjoy_2604.sy_path (path_id, biz_cd, parent_path_id, path_label, sort_ord, use_yn, reg_by, reg_date) OVERRIDING SYSTEM VALUE VALUES (4, 'sy_brand', NULL, '패션', 2, 'Y', 'SYSTEM', '2026-01-01 00:00:00') ON CONFLICT DO NOTHING;
INSERT INTO shopjoy_2604.sy_path (path_id, biz_cd, parent_path_id, path_label, sort_ord, use_yn, reg_by, reg_date) OVERRIDING SYSTEM VALUE VALUES (5, 'sy_brand', 4, 'SPA', 1, 'Y', 'SYSTEM', '2026-01-01 00:00:00') ON CONFLICT DO NOTHING;
INSERT INTO shopjoy_2604.sy_path (path_id, biz_cd, parent_path_id, path_label, sort_ord, use_yn, reg_by, reg_date) OVERRIDING SYSTEM VALUE VALUES (6, 'sy_brand', 4, '데님', 2, 'Y', 'SYSTEM', '2026-01-01 00:00:00') ON CONFLICT DO NOTHING;
INSERT INTO shopjoy_2604.sy_path (path_id, biz_cd, parent_path_id, path_label, sort_ord, use_yn, reg_by, reg_date) OVERRIDING SYSTEM VALUE VALUES (7, 'sy_code_grp', NULL, '회원', 1, 'Y', 'SYSTEM', '2026-01-01 00:00:00') ON CONFLICT DO NOTHING;
INSERT INTO shopjoy_2604.sy_path (path_id, biz_cd, parent_path_id, path_label, sort_ord, use_yn, reg_by, reg_date) OVERRIDING SYSTEM VALUE VALUES (8, 'sy_code_grp', NULL, '주문', 2, 'Y', 'SYSTEM', '2026-01-01 00:00:00') ON CONFLICT DO NOTHING;
INSERT INTO shopjoy_2604.sy_path (path_id, biz_cd, parent_path_id, path_label, sort_ord, use_yn, reg_by, reg_date) OVERRIDING SYSTEM VALUE VALUES (9, 'sy_code_grp', NULL, '클레임', 3, 'Y', 'SYSTEM', '2026-01-01 00:00:00') ON CONFLICT DO NOTHING;
INSERT INTO shopjoy_2604.sy_path (path_id, biz_cd, parent_path_id, path_label, sort_ord, use_yn, reg_by, reg_date) OVERRIDING SYSTEM VALUE VALUES (10, 'sy_code_grp', NULL, '상품', 4, 'Y', 'SYSTEM', '2026-01-01 00:00:00') ON CONFLICT DO NOTHING;
INSERT INTO shopjoy_2604.sy_path (path_id, biz_cd, parent_path_id, path_label, sort_ord, use_yn, reg_by, reg_date) OVERRIDING SYSTEM VALUE VALUES (11, 'sy_code_grp', NULL, '전시', 5, 'Y', 'SYSTEM', '2026-01-01 00:00:00') ON CONFLICT DO NOTHING;
INSERT INTO shopjoy_2604.sy_path (path_id, biz_cd, parent_path_id, path_label, sort_ord, use_yn, reg_by, reg_date) OVERRIDING SYSTEM VALUE VALUES (12, 'sy_prop', NULL, 'site', 1, 'Y', 'SYSTEM', '2026-01-01 00:00:00') ON CONFLICT DO NOTHING;
INSERT INTO shopjoy_2604.sy_path (path_id, biz_cd, parent_path_id, path_label, sort_ord, use_yn, reg_by, reg_date) OVERRIDING SYSTEM VALUE VALUES (13, 'sy_prop', 12, 'email', 1, 'Y', 'SYSTEM', '2026-01-01 00:00:00') ON CONFLICT DO NOTHING;
INSERT INTO shopjoy_2604.sy_path (path_id, biz_cd, parent_path_id, path_label, sort_ord, use_yn, reg_by, reg_date) OVERRIDING SYSTEM VALUE VALUES (14, 'sy_prop', 13, 'smtp', 1, 'Y', 'SYSTEM', '2026-01-01 00:00:00') ON CONFLICT DO NOTHING;
INSERT INTO shopjoy_2604.sy_path (path_id, biz_cd, parent_path_id, path_label, sort_ord, use_yn, reg_by, reg_date) OVERRIDING SYSTEM VALUE VALUES (15, 'sy_prop', NULL, 'order', 2, 'Y', 'SYSTEM', '2026-01-01 00:00:00') ON CONFLICT DO NOTHING;
INSERT INTO shopjoy_2604.sy_path (path_id, biz_cd, parent_path_id, path_label, sort_ord, use_yn, reg_by, reg_date) OVERRIDING SYSTEM VALUE VALUES (16, 'sy_prop', NULL, 'feature', 3, 'Y', 'SYSTEM', '2026-01-01 00:00:00') ON CONFLICT DO NOTHING;

-- ================================================================
-- 21. sy_prop — 시스템 프로퍼티
-- ================================================================
INSERT INTO shopjoy_2604.sy_prop (prop_id, site_id, disp_path, prop_key, prop_value, prop_label, prop_type_cd, sort_ord, use_yn, reg_by, reg_date) OVERRIDING SYSTEM VALUE VALUES (1, 'SITE000001', 'site.email.smtp', 'smtp_host', 'smtp.shopjoy.kr', '이메일 SMTP 호스트', 'STRING', 1, 'Y', 'SYSTEM', '2026-01-01 00:00:00') ON CONFLICT DO NOTHING;
INSERT INTO shopjoy_2604.sy_prop (prop_id, site_id, disp_path, prop_key, prop_value, prop_label, prop_type_cd, sort_ord, use_yn, reg_by, reg_date) OVERRIDING SYSTEM VALUE VALUES (2, 'SITE000001', 'site.email.smtp', 'smtp_port', '587', '이메일 SMTP 포트', 'NUMBER', 2, 'Y', 'SYSTEM', '2026-01-01 00:00:00') ON CONFLICT DO NOTHING;
INSERT INTO shopjoy_2604.sy_prop (prop_id, site_id, disp_path, prop_key, prop_value, prop_label, prop_type_cd, sort_ord, use_yn, reg_by, reg_date) OVERRIDING SYSTEM VALUE VALUES (3, 'SITE000001', 'site.email.smtp', 'smtp_user', 'noreply@shopjoy.kr', 'SMTP 계정', 'STRING', 3, 'Y', 'SYSTEM', '2026-01-01 00:00:00') ON CONFLICT DO NOTHING;
INSERT INTO shopjoy_2604.sy_prop (prop_id, site_id, disp_path, prop_key, prop_value, prop_label, prop_type_cd, sort_ord, use_yn, reg_by, reg_date) OVERRIDING SYSTEM VALUE VALUES (4, 'SITE000001', 'site.email.smtp', 'from_name', 'ShopJoy', '발신자명', 'STRING', 4, 'Y', 'SYSTEM', '2026-01-01 00:00:00') ON CONFLICT DO NOTHING;
INSERT INTO shopjoy_2604.sy_prop (prop_id, site_id, disp_path, prop_key, prop_value, prop_label, prop_type_cd, sort_ord, use_yn, reg_by, reg_date) OVERRIDING SYSTEM VALUE VALUES (5, 'SITE000001', 'site.email', 'admin_email', 'admin@shopjoy.kr', '운영 이메일', 'STRING', 5, 'Y', 'SYSTEM', '2026-01-01 00:00:00') ON CONFLICT DO NOTHING;
INSERT INTO shopjoy_2604.sy_prop (prop_id, site_id, disp_path, prop_key, prop_value, prop_label, prop_type_cd, sort_ord, use_yn, reg_by, reg_date) OVERRIDING SYSTEM VALUE VALUES (6, 'SITE000001', 'site.email', 'cs_email', 'cs@shopjoy.kr', 'CS 이메일', 'STRING', 6, 'Y', 'SYSTEM', '2026-01-01 00:00:00') ON CONFLICT DO NOTHING;
INSERT INTO shopjoy_2604.sy_prop (prop_id, site_id, disp_path, prop_key, prop_value, prop_label, prop_type_cd, sort_ord, use_yn, reg_by, reg_date) OVERRIDING SYSTEM VALUE VALUES (7, 'SITE000001', 'order', 'auto_complete_days', '7', '자동완료일수', 'NUMBER', 7, 'Y', 'SYSTEM', '2026-01-01 00:00:00') ON CONFLICT DO NOTHING;
INSERT INTO shopjoy_2604.sy_prop (prop_id, site_id, disp_path, prop_key, prop_value, prop_label, prop_type_cd, sort_ord, use_yn, reg_by, reg_date) OVERRIDING SYSTEM VALUE VALUES (8, 'SITE000001', 'order', 'cancel_limit_days', '3', '취소가능일수', 'NUMBER', 8, 'Y', 'SYSTEM', '2026-01-01 00:00:00') ON CONFLICT DO NOTHING;
INSERT INTO shopjoy_2604.sy_prop (prop_id, site_id, disp_path, prop_key, prop_value, prop_label, prop_type_cd, sort_ord, use_yn, reg_by, reg_date) OVERRIDING SYSTEM VALUE VALUES (9, 'SITE000001', 'order', 'max_order_qty', '99', '최대주문수량', 'NUMBER', 9, 'Y', 'SYSTEM', '2026-01-01 00:00:00') ON CONFLICT DO NOTHING;
INSERT INTO shopjoy_2604.sy_prop (prop_id, site_id, disp_path, prop_key, prop_value, prop_label, prop_type_cd, sort_ord, use_yn, reg_by, reg_date) OVERRIDING SYSTEM VALUE VALUES (10, 'SITE000001', 'feature', 'coupon_enabled', 'true', '쿠폰기능 사용', 'BOOLEAN', 10, 'Y', 'SYSTEM', '2026-01-01 00:00:00') ON CONFLICT DO NOTHING;
INSERT INTO shopjoy_2604.sy_prop (prop_id, site_id, disp_path, prop_key, prop_value, prop_label, prop_type_cd, sort_ord, use_yn, reg_by, reg_date) OVERRIDING SYSTEM VALUE VALUES (11, 'SITE000001', 'feature', 'cash_enabled', 'true', '캐시기능 사용', 'BOOLEAN', 11, 'Y', 'SYSTEM', '2026-01-01 00:00:00') ON CONFLICT DO NOTHING;
INSERT INTO shopjoy_2604.sy_prop (prop_id, site_id, disp_path, prop_key, prop_value, prop_label, prop_type_cd, sort_ord, use_yn, reg_by, reg_date) OVERRIDING SYSTEM VALUE VALUES (12, 'SITE000001', 'feature', 'event_enabled', 'true', '이벤트기능 사용', 'BOOLEAN', 12, 'Y', 'SYSTEM', '2026-01-01 00:00:00') ON CONFLICT DO NOTHING;
INSERT INTO shopjoy_2604.sy_prop (prop_id, site_id, disp_path, prop_key, prop_value, prop_label, prop_type_cd, sort_ord, use_yn, reg_by, reg_date) OVERRIDING SYSTEM VALUE VALUES (13, 'SITE000001', 'feature', 'review_enabled', 'true', '리뷰기능 사용', 'BOOLEAN', 13, 'Y', 'SYSTEM', '2026-01-01 00:00:00') ON CONFLICT DO NOTHING;
INSERT INTO shopjoy_2604.sy_prop (prop_id, site_id, disp_path, prop_key, prop_value, prop_label, prop_type_cd, sort_ord, use_yn, reg_by, reg_date) OVERRIDING SYSTEM VALUE VALUES (14, 'SITE000001', 'feature', 'chat_enabled', 'true', '채팅기능 사용', 'BOOLEAN', 14, 'Y', 'SYSTEM', '2026-01-01 00:00:00') ON CONFLICT DO NOTHING;
INSERT INTO shopjoy_2604.sy_prop (prop_id, site_id, disp_path, prop_key, prop_value, prop_label, prop_type_cd, sort_ord, use_yn, reg_by, reg_date) OVERRIDING SYSTEM VALUE VALUES (15, 'SITE000001', 'feature', 'i18n_enabled', 'false', '다국어기능 사용', 'BOOLEAN', 15, 'Y', 'SYSTEM', '2026-01-01 00:00:00') ON CONFLICT DO NOTHING;
INSERT INTO shopjoy_2604.sy_prop (prop_id, site_id, disp_path, prop_key, prop_value, prop_label, prop_type_cd, sort_ord, use_yn, reg_by, reg_date) OVERRIDING SYSTEM VALUE VALUES (16, 'SITE000001', 'site', 'site_nm', 'ShopJoy', '사이트명', 'STRING', 16, 'Y', 'SYSTEM', '2026-01-01 00:00:00') ON CONFLICT DO NOTHING;
INSERT INTO shopjoy_2604.sy_prop (prop_id, site_id, disp_path, prop_key, prop_value, prop_label, prop_type_cd, sort_ord, use_yn, reg_by, reg_date) OVERRIDING SYSTEM VALUE VALUES (17, 'SITE000001', 'site', 'site_url', 'https://shopjoy.kr', '사이트 URL', 'STRING', 17, 'Y', 'SYSTEM', '2026-01-01 00:00:00') ON CONFLICT DO NOTHING;
INSERT INTO shopjoy_2604.sy_prop (prop_id, site_id, disp_path, prop_key, prop_value, prop_label, prop_type_cd, sort_ord, use_yn, reg_by, reg_date) OVERRIDING SYSTEM VALUE VALUES (18, 'SITE000001', 'site', 'cdn_host', 'cdn.shopjoy.kr', 'CDN 호스트', 'STRING', 18, 'Y', 'SYSTEM', '2026-01-01 00:00:00') ON CONFLICT DO NOTHING;
INSERT INTO shopjoy_2604.sy_prop (prop_id, site_id, disp_path, prop_key, prop_value, prop_label, prop_type_cd, sort_ord, use_yn, reg_by, reg_date) OVERRIDING SYSTEM VALUE VALUES (19, 'SITE000001', 'site', 'file_max_size_mb', '50', '최대 파일크기MB', 'NUMBER', 19, 'Y', 'SYSTEM', '2026-01-01 00:00:00') ON CONFLICT DO NOTHING;
INSERT INTO shopjoy_2604.sy_prop (prop_id, site_id, disp_path, prop_key, prop_value, prop_label, prop_type_cd, sort_ord, use_yn, reg_by, reg_date) OVERRIDING SYSTEM VALUE VALUES (20, 'SITE000001', 'site', 'session_timeout', '60', '세션 타임아웃(분)', 'NUMBER', 20, 'Y', 'SYSTEM', '2026-01-01 00:00:00') ON CONFLICT DO NOTHING;

-- ================================================================
-- 22. syh_api_log — 외부 API 연동 로그
-- ================================================================
INSERT INTO shopjoy_2604.syh_api_log (log_id, site_id, api_type_cd, api_nm, method_cd, endpoint, http_status, result_cd, elapsed_ms, ref_type_cd, ref_id, call_date, reg_by, reg_date) VALUES ('ALOG000001', 'SITE000001', 'PG', '결제승인', 'POST', '/toss/v1/payments/confirm', 200, 'SUCCESS', 245, 'ORDER', 'ORD-2026-001', '2026-04-10 09:00:00', 'SYSTEM', '2026-01-01 00:00:00') ON CONFLICT DO NOTHING;
INSERT INTO shopjoy_2604.syh_api_log (log_id, site_id, api_type_cd, api_nm, method_cd, endpoint, http_status, result_cd, elapsed_ms, ref_type_cd, ref_id, call_date, reg_by, reg_date) VALUES ('ALOG000002', 'SITE000001', 'PG', '결제취소', 'POST', '/toss/v1/payments/cancel', 200, 'SUCCESS', 180, 'ORDER', 'ORD-2026-003', '2026-04-10 09:00:00', 'SYSTEM', '2026-01-01 00:00:00') ON CONFLICT DO NOTHING;
INSERT INTO shopjoy_2604.syh_api_log (log_id, site_id, api_type_cd, api_nm, method_cd, endpoint, http_status, result_cd, elapsed_ms, ref_type_cd, ref_id, call_date, reg_by, reg_date) VALUES ('ALOG000003', 'SITE000001', 'PG', '결제승인', 'POST', '/kakao/v1/payment/approve', 200, 'SUCCESS', 312, 'ORDER', 'ORD-2026-005', '2026-04-10 09:00:00', 'SYSTEM', '2026-01-01 00:00:00') ON CONFLICT DO NOTHING;
INSERT INTO shopjoy_2604.syh_api_log (log_id, site_id, api_type_cd, api_nm, method_cd, endpoint, http_status, result_cd, elapsed_ms, ref_type_cd, ref_id, call_date, reg_by, reg_date) VALUES ('ALOG000004', 'SITE000001', 'PG', '결제승인', 'POST', '/naver/v1/payments/apply', 200, 'SUCCESS', 290, 'ORDER', 'ORD-2026-008', '2026-04-10 09:00:00', 'SYSTEM', '2026-01-01 00:00:00') ON CONFLICT DO NOTHING;
INSERT INTO shopjoy_2604.syh_api_log (log_id, site_id, api_type_cd, api_nm, method_cd, endpoint, http_status, result_cd, elapsed_ms, ref_type_cd, ref_id, call_date, reg_by, reg_date) VALUES ('ALOG000005', 'SITE000001', 'PG', '결제승인', 'POST', '/toss/v1/payments/confirm', 500, 'FAIL', 3020, 'ORDER', 'ORD-2026-010', '2026-04-10 09:00:00', 'SYSTEM', '2026-01-01 00:00:00') ON CONFLICT DO NOTHING;
INSERT INTO shopjoy_2604.syh_api_log (log_id, site_id, api_type_cd, api_nm, method_cd, endpoint, http_status, result_cd, elapsed_ms, ref_type_cd, ref_id, call_date, reg_by, reg_date) VALUES ('ALOG000006', 'SITE000001', 'LOGISTICS', '운송장등록', 'POST', '/cjlogistics/api/waybill', 200, 'SUCCESS', 456, 'DLIV', 'DLIV-016', '2026-04-10 09:00:00', 'SYSTEM', '2026-01-01 00:00:00') ON CONFLICT DO NOTHING;
INSERT INTO shopjoy_2604.syh_api_log (log_id, site_id, api_type_cd, api_nm, method_cd, endpoint, http_status, result_cd, elapsed_ms, ref_type_cd, ref_id, call_date, reg_by, reg_date) VALUES ('ALOG000007', 'SITE000001', 'LOGISTICS', '배송조회', 'GET', '/cjlogistics/api/track', 200, 'SUCCESS', 89, 'DLIV', 'DLIV-017', '2026-04-10 09:00:00', 'SYSTEM', '2026-01-01 00:00:00') ON CONFLICT DO NOTHING;
INSERT INTO shopjoy_2604.syh_api_log (log_id, site_id, api_type_cd, api_nm, method_cd, endpoint, http_status, result_cd, elapsed_ms, ref_type_cd, ref_id, call_date, reg_by, reg_date) VALUES ('ALOG000008', 'SITE000001', 'LOGISTICS', '운송장등록', 'POST', '/lottegls/api/waybill', 200, 'SUCCESS', 523, 'DLIV', 'DLIV-020', '2026-04-10 09:00:00', 'SYSTEM', '2026-01-01 00:00:00') ON CONFLICT DO NOTHING;
INSERT INTO shopjoy_2604.syh_api_log (log_id, site_id, api_type_cd, api_nm, method_cd, endpoint, http_status, result_cd, elapsed_ms, ref_type_cd, ref_id, call_date, reg_by, reg_date) VALUES ('ALOG000009', 'SITE000001', 'LOGISTICS', '배송조회', 'GET', '/hanjin/api/track', 200, 'SUCCESS', 112, 'DLIV', 'DLIV-021', '2026-04-10 09:00:00', 'SYSTEM', '2026-01-01 00:00:00') ON CONFLICT DO NOTHING;
INSERT INTO shopjoy_2604.syh_api_log (log_id, site_id, api_type_cd, api_nm, method_cd, endpoint, http_status, result_cd, elapsed_ms, ref_type_cd, ref_id, call_date, reg_by, reg_date) VALUES ('ALOG000010', 'SITE000001', 'KAKAO', '알림톡발송', 'POST', '/kakao/alimtalk/v2/send', 200, 'SUCCESS', 145, 'ORDER', 'ORD-2026-001', '2026-04-10 09:00:00', 'SYSTEM', '2026-01-01 00:00:00') ON CONFLICT DO NOTHING;
INSERT INTO shopjoy_2604.syh_api_log (log_id, site_id, api_type_cd, api_nm, method_cd, endpoint, http_status, result_cd, elapsed_ms, ref_type_cd, ref_id, call_date, reg_by, reg_date) VALUES ('ALOG000011', 'SITE000001', 'SMS', 'SMS발송', 'POST', '/koreatel/sms/v1/send', 200, 'SUCCESS', 88, 'ORDER', 'ORD-2026-002', '2026-04-10 09:00:00', 'SYSTEM', '2026-01-01 00:00:00') ON CONFLICT DO NOTHING;
INSERT INTO shopjoy_2604.syh_api_log (log_id, site_id, api_type_cd, api_nm, method_cd, endpoint, http_status, result_cd, elapsed_ms, ref_type_cd, ref_id, call_date, reg_by, reg_date) VALUES ('ALOG000012', 'SITE000001', 'NAVER', '검색광고', 'GET', '/naver/v1/ads/stats', 200, 'SUCCESS', 324, 'PUSH', NULL, '2026-04-10 09:00:00', 'SYSTEM', '2026-01-01 00:00:00') ON CONFLICT DO NOTHING;
INSERT INTO shopjoy_2604.syh_api_log (log_id, site_id, api_type_cd, api_nm, method_cd, endpoint, http_status, result_cd, elapsed_ms, ref_type_cd, ref_id, call_date, reg_by, reg_date) VALUES ('ALOG000013', 'SITE000001', 'PG', '환불처리', 'POST', '/toss/v1/payments/refund', 200, 'SUCCESS', 198, 'CLAIM', 'CLM-2026-001', '2026-04-10 09:00:00', 'SYSTEM', '2026-01-01 00:00:00') ON CONFLICT DO NOTHING;
INSERT INTO shopjoy_2604.syh_api_log (log_id, site_id, api_type_cd, api_nm, method_cd, endpoint, http_status, result_cd, elapsed_ms, ref_type_cd, ref_id, call_date, reg_by, reg_date) VALUES ('ALOG000014', 'SITE000001', 'PG', '환불처리', 'POST', '/kakao/v1/payment/cancel', 200, 'SUCCESS', 201, 'CLAIM', 'CLM-2026-002', '2026-04-10 09:00:00', 'SYSTEM', '2026-01-01 00:00:00') ON CONFLICT DO NOTHING;
INSERT INTO shopjoy_2604.syh_api_log (log_id, site_id, api_type_cd, api_nm, method_cd, endpoint, http_status, result_cd, elapsed_ms, ref_type_cd, ref_id, call_date, reg_by, reg_date) VALUES ('ALOG000015', 'SITE000001', 'LOGISTICS', '배송조회', 'GET', '/cjlogistics/api/track', 504, 'FAIL', 30000, 'DLIV', 'DLIV-022', '2026-04-10 09:00:00', 'SYSTEM', '2026-01-01 00:00:00') ON CONFLICT DO NOTHING;

-- ================================================================
-- 23. syh_send_email_log — 이메일 발송 로그
-- ================================================================
INSERT INTO shopjoy_2604.syh_send_email_log (log_id, site_id, template_id, template_code, member_id, from_addr, to_addr, subject, result_cd, send_date, ref_type_cd, ref_id, reg_by, reg_date) VALUES ('EL000001', 'SITE000001', 'TP000001', 'ORDER_CONFIRM', 'MB000001', 'noreply@shopjoy.kr', 'member1@demo.com', '주문 접수 완료 안내', 'SUCCESS', '2026-04-10 09:00:00', 'ORDER', 'ORD-2026-001', 'SYSTEM', '2026-01-01 00:00:00') ON CONFLICT DO NOTHING;
INSERT INTO shopjoy_2604.syh_send_email_log (log_id, site_id, template_id, template_code, member_id, from_addr, to_addr, subject, result_cd, send_date, ref_type_cd, ref_id, reg_by, reg_date) VALUES ('EL000002', 'SITE000001', 'TP000002', 'ORDER_CONFIRM', 'MB000001', 'noreply@shopjoy.kr', 'member1@demo.com', '배송 출발 안내', 'SUCCESS', '2026-04-10 09:00:00', 'DLIV', 'DLIV-016', 'SYSTEM', '2026-01-01 00:00:00') ON CONFLICT DO NOTHING;
INSERT INTO shopjoy_2604.syh_send_email_log (log_id, site_id, template_id, template_code, member_id, from_addr, to_addr, subject, result_cd, send_date, ref_type_cd, ref_id, reg_by, reg_date) VALUES ('EL000003', 'SITE000001', 'TP000003', 'ORDER_CONFIRM', 'MB000001', 'noreply@shopjoy.kr', 'member1@demo.com', '클레임 접수 안내', 'SUCCESS', '2026-04-10 09:00:00', 'CLAIM', 'CLM-2026-001', 'SYSTEM', '2026-01-01 00:00:00') ON CONFLICT DO NOTHING;
INSERT INTO shopjoy_2604.syh_send_email_log (log_id, site_id, template_id, template_code, member_id, from_addr, to_addr, subject, result_cd, send_date, ref_type_cd, ref_id, reg_by, reg_date) VALUES ('EL000004', 'SITE000001', 'TP000004', 'ORDER_CONFIRM', 'MB000002', 'noreply@shopjoy.kr', 'member2@demo.com', '비밀번호 재설정 링크', 'SUCCESS', '2026-04-10 09:00:00', 'JOIN', NULL, 'SYSTEM', '2026-01-01 00:00:00') ON CONFLICT DO NOTHING;
INSERT INTO shopjoy_2604.syh_send_email_log (log_id, site_id, template_id, template_code, member_id, from_addr, to_addr, subject, result_cd, send_date, ref_type_cd, ref_id, reg_by, reg_date) VALUES ('EL000005', 'SITE000001', 'TP000005', 'ORDER_CONFIRM', 'MB000001', 'noreply@shopjoy.kr', 'member1@demo.com', '회원가입 환영 이메일', 'SUCCESS', '2026-04-10 09:00:00', 'JOIN', NULL, 'SYSTEM', '2026-01-01 00:00:00') ON CONFLICT DO NOTHING;
INSERT INTO shopjoy_2604.syh_send_email_log (log_id, site_id, template_id, template_code, member_id, from_addr, to_addr, subject, result_cd, send_date, ref_type_cd, ref_id, reg_by, reg_date) VALUES ('EL000006', 'SITE000001', 'TP000001', 'ORDER_CONFIRM', 'MB000003', 'noreply@shopjoy.kr', 'member3@demo.com', '주문 접수 완료 안내', 'SUCCESS', '2026-04-10 09:00:00', 'ORDER', 'ORD-2026-005', 'SYSTEM', '2026-01-01 00:00:00') ON CONFLICT DO NOTHING;
INSERT INTO shopjoy_2604.syh_send_email_log (log_id, site_id, template_id, template_code, member_id, from_addr, to_addr, subject, result_cd, send_date, ref_type_cd, ref_id, reg_by, reg_date) VALUES ('EL000007', 'SITE000001', 'TP000002', 'ORDER_CONFIRM', 'MB000003', 'noreply@shopjoy.kr', 'member3@demo.com', '배송 출발 안내', 'SUCCESS', '2026-04-10 09:00:00', 'DLIV', 'DLIV-020', 'SYSTEM', '2026-01-01 00:00:00') ON CONFLICT DO NOTHING;
INSERT INTO shopjoy_2604.syh_send_email_log (log_id, site_id, template_id, template_code, member_id, from_addr, to_addr, subject, result_cd, send_date, ref_type_cd, ref_id, reg_by, reg_date) VALUES ('EL000008', 'SITE000001', 'TP000001', 'ORDER_CONFIRM', 'MB000004', 'noreply@shopjoy.kr', 'member4@demo.com', '주문 접수 완료 안내', 'SUCCESS', '2026-04-10 09:00:00', 'ORDER', 'ORD-2026-008', 'SYSTEM', '2026-01-01 00:00:00') ON CONFLICT DO NOTHING;
INSERT INTO shopjoy_2604.syh_send_email_log (log_id, site_id, template_id, template_code, member_id, from_addr, to_addr, subject, result_cd, send_date, ref_type_cd, ref_id, reg_by, reg_date) VALUES ('EL000009', 'SITE000001', 'TP000001', 'ORDER_CONFIRM', 'MB000005', 'noreply@shopjoy.kr', 'member5@demo.com', '봄 시즌 이벤트 안내', 'SUCCESS', '2026-04-10 09:00:00', 'ORDER', NULL, 'SYSTEM', '2026-01-01 00:00:00') ON CONFLICT DO NOTHING;
INSERT INTO shopjoy_2604.syh_send_email_log (log_id, site_id, template_id, template_code, member_id, from_addr, to_addr, subject, result_cd, send_date, ref_type_cd, ref_id, reg_by, reg_date) VALUES ('EL000010', 'SITE000001', 'TP000001', 'ORDER_CONFIRM', 'MB000006', 'noreply@shopjoy.kr', 'member6@demo.com', '주문 접수 완료 안내', 'FAIL', '2026-04-10 09:00:00', 'ORDER', 'ORD-2026-010', 'SYSTEM', '2026-01-01 00:00:00') ON CONFLICT DO NOTHING;

-- ================================================================
-- 24. syh_send_msg_log — SMS/카카오 발송 로그
-- ================================================================
INSERT INTO shopjoy_2604.syh_send_msg_log (log_id, site_id, channel_cd, template_id, member_id, recv_phone, content, result_cd, send_date, ref_type_cd, ref_id, reg_by, reg_date) VALUES ('ML000001', 'SITE000001', 'KAKAO', 'TP000008', 'MB000001', '010-1000-0001', '주문 접수 알림톡', 'SUCCESS', '2026-04-10 09:00:00', 'ORDER', 'ORD-2026-001', 'SYSTEM', '2026-01-01 00:00:00') ON CONFLICT DO NOTHING;
INSERT INTO shopjoy_2604.syh_send_msg_log (log_id, site_id, channel_cd, template_id, member_id, recv_phone, content, result_cd, send_date, ref_type_cd, ref_id, reg_by, reg_date) VALUES ('ML000002', 'SITE000001', 'SMS', 'TP000006', 'MB000001', '010-1000-0001', '주문 결제 확인 SMS', 'SUCCESS', '2026-04-10 09:00:00', 'ORDER', 'ORD-2026-001', 'SYSTEM', '2026-01-01 00:00:00') ON CONFLICT DO NOTHING;
INSERT INTO shopjoy_2604.syh_send_msg_log (log_id, site_id, channel_cd, template_id, member_id, recv_phone, content, result_cd, send_date, ref_type_cd, ref_id, reg_by, reg_date) VALUES ('ML000003', 'SITE000001', 'KAKAO', 'TP000009', 'MB000001', '010-1000-0001', '배송 출발 알림톡', 'SUCCESS', '2026-04-10 09:00:00', 'DLIV', 'DLIV-016', 'SYSTEM', '2026-01-01 00:00:00') ON CONFLICT DO NOTHING;
INSERT INTO shopjoy_2604.syh_send_msg_log (log_id, site_id, channel_cd, template_id, member_id, recv_phone, content, result_cd, send_date, ref_type_cd, ref_id, reg_by, reg_date) VALUES ('ML000004', 'SITE000001', 'KAKAO', 'TP000008', 'MB000002', '010-2000-0001', '주문 접수 알림톡', 'SUCCESS', '2026-04-10 09:00:00', 'ORDER', 'ORD-2026-005', 'SYSTEM', '2026-01-01 00:00:00') ON CONFLICT DO NOTHING;
INSERT INTO shopjoy_2604.syh_send_msg_log (log_id, site_id, channel_cd, template_id, member_id, recv_phone, content, result_cd, send_date, ref_type_cd, ref_id, reg_by, reg_date) VALUES ('ML000005', 'SITE000001', 'SMS', 'TP000006', 'MB000002', '010-2000-0001', '주문 결제 확인 SMS', 'SUCCESS', '2026-04-10 09:00:00', 'ORDER', 'ORD-2026-005', 'SYSTEM', '2026-01-01 00:00:00') ON CONFLICT DO NOTHING;
INSERT INTO shopjoy_2604.syh_send_msg_log (log_id, site_id, channel_cd, template_id, member_id, recv_phone, content, result_cd, send_date, ref_type_cd, ref_id, reg_by, reg_date) VALUES ('ML000006', 'SITE000001', 'KAKAO', 'TP000008', 'MB000003', '010-3000-0001', '주문 접수 알림톡', 'SUCCESS', '2026-04-10 09:00:00', 'ORDER', 'ORD-2026-008', 'SYSTEM', '2026-01-01 00:00:00') ON CONFLICT DO NOTHING;
INSERT INTO shopjoy_2604.syh_send_msg_log (log_id, site_id, channel_cd, template_id, member_id, recv_phone, content, result_cd, send_date, ref_type_cd, ref_id, reg_by, reg_date) VALUES ('ML000007', 'SITE000001', 'KAKAO', 'TP000009', 'MB000003', '010-3000-0001', '배송 출발 알림톡', 'SUCCESS', '2026-04-10 09:00:00', 'DLIV', 'DLIV-020', 'SYSTEM', '2026-01-01 00:00:00') ON CONFLICT DO NOTHING;
INSERT INTO shopjoy_2604.syh_send_msg_log (log_id, site_id, channel_cd, template_id, member_id, recv_phone, content, result_cd, send_date, ref_type_cd, ref_id, reg_by, reg_date) VALUES ('ML000008', 'SITE000001', 'SMS', 'TP000006', 'MB000004', '010-4000-0001', '주문 결제 확인 SMS', 'SUCCESS', '2026-04-10 09:00:00', 'ORDER', 'ORD-2026-012', 'SYSTEM', '2026-01-01 00:00:00') ON CONFLICT DO NOTHING;
INSERT INTO shopjoy_2604.syh_send_msg_log (log_id, site_id, channel_cd, template_id, member_id, recv_phone, content, result_cd, send_date, ref_type_cd, ref_id, reg_by, reg_date) VALUES ('ML000009', 'SITE000001', 'KAKAO', 'TP000010', 'MB000005', '010-5000-0001', '이벤트 푸시', 'SUCCESS', '2026-04-10 09:00:00', 'ORDER', NULL, 'SYSTEM', '2026-01-01 00:00:00') ON CONFLICT DO NOTHING;
INSERT INTO shopjoy_2604.syh_send_msg_log (log_id, site_id, channel_cd, template_id, member_id, recv_phone, content, result_cd, send_date, ref_type_cd, ref_id, reg_by, reg_date) VALUES ('ML000010', 'SITE000001', 'SMS', 'TP000006', 'MB000006', '010-6000-0001', 'SMS 발송 실패', 'FAIL', '2026-04-10 09:00:00', 'ORDER', 'ORD-2026-010', 'SYSTEM', '2026-01-01 00:00:00') ON CONFLICT DO NOTHING;

-- ================================================================
-- 25. syh_user_login_hist — 관리자 로그인 이력
-- ================================================================
INSERT INTO shopjoy_2604.syh_user_login_hist (login_hist_id, site_id, user_id, login_date, ip, device, result_cd, reg_by, reg_date) VALUES ('UH000001', 'SITE000001', 'US000001', '2026-04-07 09:12:00', '121.165.30.11', 'PC / Chrome', 'SUCCESS', 'SYSTEM', '2026-01-01 00:00:00') ON CONFLICT DO NOTHING;
INSERT INTO shopjoy_2604.syh_user_login_hist (login_hist_id, site_id, user_id, login_date, ip, device, result_cd, reg_by, reg_date) VALUES ('UH000002', 'SITE000001', 'US000001', '2026-04-05 22:44:00', '121.165.30.11', 'Mobile / Safari', 'SUCCESS', 'SYSTEM', '2026-01-01 00:00:00') ON CONFLICT DO NOTHING;
INSERT INTO shopjoy_2604.syh_user_login_hist (login_hist_id, site_id, user_id, login_date, ip, device, result_cd, reg_by, reg_date) VALUES ('UH000003', 'SITE000001', 'US000001', '2026-04-03 14:28:00', '121.165.30.11', 'PC / Chrome', 'SUCCESS', 'SYSTEM', '2026-01-01 00:00:00') ON CONFLICT DO NOTHING;
INSERT INTO shopjoy_2604.syh_user_login_hist (login_hist_id, site_id, user_id, login_date, ip, device, result_cd, reg_by, reg_date) VALUES ('UH000004', 'SITE000001', 'US000001', '2026-03-28 08:05:00', '203.248.12.99', 'PC / Edge', 'FAIL', 'SYSTEM', '2026-01-01 00:00:00') ON CONFLICT DO NOTHING;
INSERT INTO shopjoy_2604.syh_user_login_hist (login_hist_id, site_id, user_id, login_date, ip, device, result_cd, reg_by, reg_date) VALUES ('UH000005', 'SITE000001', 'US000001', '2026-03-20 17:33:00', '121.165.30.11', 'PC / Chrome', 'SUCCESS', 'SYSTEM', '2026-01-01 00:00:00') ON CONFLICT DO NOTHING;
INSERT INTO shopjoy_2604.syh_user_login_hist (login_hist_id, site_id, user_id, login_date, ip, device, result_cd, reg_by, reg_date) VALUES ('UH000006', 'SITE000001', 'US000002', '2026-04-05 11:30:00', '59.6.102.45', 'Mobile / Chrome', 'SUCCESS', 'SYSTEM', '2026-01-01 00:00:00') ON CONFLICT DO NOTHING;
INSERT INTO shopjoy_2604.syh_user_login_hist (login_hist_id, site_id, user_id, login_date, ip, device, result_cd, reg_by, reg_date) VALUES ('UH000007', 'SITE000001', 'US000002', '2026-03-29 19:15:00', '59.6.102.45', 'Mobile / Chrome', 'SUCCESS', 'SYSTEM', '2026-01-01 00:00:00') ON CONFLICT DO NOTHING;
INSERT INTO shopjoy_2604.syh_user_login_hist (login_hist_id, site_id, user_id, login_date, ip, device, result_cd, reg_by, reg_date) VALUES ('UH000008', 'SITE000001', 'US000003', '2026-04-03 10:20:00', '175.209.45.6', 'PC / Chrome', 'SUCCESS', 'SYSTEM', '2026-01-01 00:00:00') ON CONFLICT DO NOTHING;
INSERT INTO shopjoy_2604.syh_user_login_hist (login_hist_id, site_id, user_id, login_date, ip, device, result_cd, reg_by, reg_date) VALUES ('UH000009', 'SITE000001', 'US000003', '2026-03-25 16:40:00', '175.209.45.6', 'PC / Firefox', 'SUCCESS', 'SYSTEM', '2026-01-01 00:00:00') ON CONFLICT DO NOTHING;
INSERT INTO shopjoy_2604.syh_user_login_hist (login_hist_id, site_id, user_id, login_date, ip, device, result_cd, reg_by, reg_date) VALUES ('UH000010', 'SITE000001', 'US000004', '2026-04-06 13:55:00', '211.36.133.77', 'Mobile / Safari', 'SUCCESS', 'SYSTEM', '2026-01-01 00:00:00') ON CONFLICT DO NOTHING;
INSERT INTO shopjoy_2604.syh_user_login_hist (login_hist_id, site_id, user_id, login_date, ip, device, result_cd, reg_by, reg_date) VALUES ('UH000011', 'SITE000001', 'US000004', '2026-03-18 09:02:00', '211.36.133.77', 'PC / Chrome', 'SUCCESS', 'SYSTEM', '2026-01-01 00:00:00') ON CONFLICT DO NOTHING;
INSERT INTO shopjoy_2604.syh_user_login_hist (login_hist_id, site_id, user_id, login_date, ip, device, result_cd, reg_by, reg_date) VALUES ('UH000012', 'SITE000001', 'US000006', '2026-04-07 08:44:00', '106.101.22.55', 'PC / Chrome', 'SUCCESS', 'SYSTEM', '2026-01-01 00:00:00') ON CONFLICT DO NOTHING;
INSERT INTO shopjoy_2604.syh_user_login_hist (login_hist_id, site_id, user_id, login_date, ip, device, result_cd, reg_by, reg_date) VALUES ('UH000013', 'SITE000001', 'US000006', '2026-04-01 21:10:00', '106.101.22.55', 'Mobile / Chrome', 'SUCCESS', 'SYSTEM', '2026-01-01 00:00:00') ON CONFLICT DO NOTHING;
INSERT INTO shopjoy_2604.syh_user_login_hist (login_hist_id, site_id, user_id, login_date, ip, device, result_cd, reg_by, reg_date) VALUES ('UH000014', 'SITE000001', 'US000008', '2026-04-07 07:58:00', '14.52.88.120', 'PC / Chrome', 'SUCCESS', 'SYSTEM', '2026-01-01 00:00:00') ON CONFLICT DO NOTHING;
INSERT INTO shopjoy_2604.syh_user_login_hist (login_hist_id, site_id, user_id, login_date, ip, device, result_cd, reg_by, reg_date) VALUES ('UH000015', 'SITE000001', 'US000008', '2026-04-04 23:11:00', '14.52.88.120', 'Mobile / Safari', 'SUCCESS', 'SYSTEM', '2026-01-01 00:00:00') ON CONFLICT DO NOTHING;
INSERT INTO shopjoy_2604.syh_user_login_hist (login_hist_id, site_id, user_id, login_date, ip, device, result_cd, reg_by, reg_date) VALUES ('UH000016', 'SITE000001', 'US000011', '2026-04-10 09:00:00', '10.0.0.1', 'PC / Chrome', 'SUCCESS', 'SYSTEM', '2026-01-01 00:00:00') ON CONFLICT DO NOTHING;
INSERT INTO shopjoy_2604.syh_user_login_hist (login_hist_id, site_id, user_id, login_date, ip, device, result_cd, reg_by, reg_date) VALUES ('UH000017', 'SITE000001', 'US000019', '2026-04-10 11:00:00', '10.0.0.5', 'PC / Chrome', 'SUCCESS', 'SYSTEM', '2026-01-01 00:00:00') ON CONFLICT DO NOTHING;

-- ================================================================
-- 26. syh_user_login_log — 상세 로그인 로그
-- ================================================================
INSERT INTO shopjoy_2604.syh_user_login_log (log_id, site_id, user_id, login_id, login_date, result_cd, fail_cnt, ip, device, os, browser, reg_by, reg_date) VALUES ('UL000001', 'SITE000001', 'US000001', 'admin1', '2026-04-10 09:00:00', 'SUCCESS', 0, '121.165.30.11', 'Mozilla/5.0', 'Windows', 'Chrome', 'SYSTEM', '2026-01-01 00:00:00') ON CONFLICT DO NOTHING;
INSERT INTO shopjoy_2604.syh_user_login_log (log_id, site_id, user_id, login_id, login_date, result_cd, fail_cnt, ip, device, os, browser, reg_by, reg_date) VALUES ('UL000002', 'SITE000001', 'US000002', 'admin2', '2026-04-10 08:45:00', 'SUCCESS', 0, '59.6.102.45', 'Mozilla/5.0', 'Mac', 'Safari', 'SYSTEM', '2026-01-01 00:00:00') ON CONFLICT DO NOTHING;
INSERT INTO shopjoy_2604.syh_user_login_log (log_id, site_id, user_id, login_id, login_date, result_cd, fail_cnt, ip, device, os, browser, reg_by, reg_date) VALUES ('UL000003', 'SITE000001', 'US000003', 'oper1', '2026-04-09 17:30:00', 'SUCCESS', 0, '175.209.45.6', 'Mozilla/5.0', 'Windows', 'Chrome', 'SYSTEM', '2026-01-01 00:00:00') ON CONFLICT DO NOTHING;
INSERT INTO shopjoy_2604.syh_user_login_log (log_id, site_id, user_id, login_id, login_date, result_cd, fail_cnt, ip, device, os, browser, reg_by, reg_date) VALUES ('UL000004', 'SITE000001', 'US000004', 'oper2', '2026-04-10 09:15:00', 'SUCCESS', 0, '211.36.133.77', 'Mozilla/5.0', 'Android', 'Chrome', 'SYSTEM', '2026-01-01 00:00:00') ON CONFLICT DO NOTHING;
INSERT INTO shopjoy_2604.syh_user_login_log (log_id, site_id, user_id, login_id, login_date, result_cd, fail_cnt, ip, device, os, browser, reg_by, reg_date) VALUES ('UL000005', 'SITE000001', 'US000005', 'sales1', '2026-04-08 18:00:00', 'SUCCESS', 0, '106.101.22.55', 'Mozilla/5.0', 'Windows', 'Edge', 'SYSTEM', '2026-01-01 00:00:00') ON CONFLICT DO NOTHING;
INSERT INTO shopjoy_2604.syh_user_login_log (log_id, site_id, user_id, login_id, login_date, result_cd, fail_cnt, ip, device, os, browser, reg_by, reg_date) VALUES ('UL000006', 'SITE000001', NULL, 'unknwn', '2026-04-08 07:00:00', 'FAIL_PWD', 1, '192.168.1.100', 'Mozilla/5.0', 'Windows', 'Chrome', 'SYSTEM', '2026-01-01 00:00:00') ON CONFLICT DO NOTHING;
INSERT INTO shopjoy_2604.syh_user_login_log (log_id, site_id, user_id, login_id, login_date, result_cd, fail_cnt, ip, device, os, browser, reg_by, reg_date) VALUES ('UL000007', 'SITE000001', NULL, 'unknwn', '2026-04-08 07:01:00', 'FAIL_PWD', 2, '192.168.1.100', 'Mozilla/5.0', 'Windows', 'Chrome', 'SYSTEM', '2026-01-01 00:00:00') ON CONFLICT DO NOTHING;
INSERT INTO shopjoy_2604.syh_user_login_log (log_id, site_id, user_id, login_id, login_date, result_cd, fail_cnt, ip, device, os, browser, reg_by, reg_date) VALUES ('UL000008', 'SITE000001', NULL, 'unknwn', '2026-04-08 07:02:00', 'FAIL_PWD', 3, '192.168.1.100', 'Mozilla/5.0', 'Windows', 'Chrome', 'SYSTEM', '2026-01-01 00:00:00') ON CONFLICT DO NOTHING;
INSERT INTO shopjoy_2604.syh_user_login_log (log_id, site_id, user_id, login_id, login_date, result_cd, fail_cnt, ip, device, os, browser, reg_by, reg_date) VALUES ('UL000009', 'SITE000001', 'US000011', 'sysadmin', '2026-04-10 09:00:00', 'SUCCESS', 0, '10.0.0.1', 'Mozilla/5.0', 'Windows', 'Chrome', 'SYSTEM', '2026-01-01 00:00:00') ON CONFLICT DO NOTHING;
INSERT INTO shopjoy_2604.syh_user_login_log (log_id, site_id, user_id, login_id, login_date, result_cd, fail_cnt, ip, device, os, browser, reg_by, reg_date) VALUES ('UL000010', 'SITE000001', 'US000019', 'csmgr', '2026-04-10 11:00:00', 'SUCCESS', 0, '10.0.0.5', 'Mozilla/5.0', 'Mac', 'Safari', 'SYSTEM', '2026-01-01 00:00:00') ON CONFLICT DO NOTHING;
INSERT INTO shopjoy_2604.syh_user_login_log (log_id, site_id, user_id, login_id, login_date, result_cd, fail_cnt, ip, device, os, browser, reg_by, reg_date) VALUES ('UL000011', 'SITE000001', 'US000048', 'progrep', '2026-04-10 09:00:00', 'SUCCESS', 0, '10.10.0.1', 'Mozilla/5.0', 'Linux', 'Firefox', 'SYSTEM', '2026-01-01 00:00:00') ON CONFLICT DO NOTHING;
INSERT INTO shopjoy_2604.syh_user_login_log (log_id, site_id, user_id, login_id, login_date, result_cd, fail_cnt, ip, device, os, browser, reg_by, reg_date) VALUES ('UL000012', 'SITE000001', 'US000001', 'admin1', '2026-04-09 09:00:00', 'SUCCESS', 0, '121.165.30.11', 'Mozilla/5.0', 'Windows', 'Chrome', 'SYSTEM', '2026-01-01 00:00:00') ON CONFLICT DO NOTHING;
INSERT INTO shopjoy_2604.syh_user_login_log (log_id, site_id, user_id, login_id, login_date, result_cd, fail_cnt, ip, device, os, browser, reg_by, reg_date) VALUES ('UL000013', 'SITE000001', 'US000002', 'admin2', '2026-04-09 08:30:00', 'SUCCESS', 0, '59.6.102.45', 'Mozilla/5.0', 'Mac', 'Chrome', 'SYSTEM', '2026-01-01 00:00:00') ON CONFLICT DO NOTHING;
INSERT INTO shopjoy_2604.syh_user_login_log (log_id, site_id, user_id, login_id, login_date, result_cd, fail_cnt, ip, device, os, browser, reg_by, reg_date) VALUES ('UL000014', 'SITE000001', 'US000003', 'oper1', '2026-04-08 17:00:00', 'SUCCESS', 0, '175.209.45.6', 'Mozilla/5.0', 'Windows', 'Chrome', 'SYSTEM', '2026-01-01 00:00:00') ON CONFLICT DO NOTHING;

-- ================================================================
-- 27. syh_user_token_log — 토큰 이력
-- ================================================================
INSERT INTO shopjoy_2604.syh_user_token_log (log_id, site_id, user_id, action_cd, token_type_cd, token, token_exp, ip, reg_by, reg_date) VALUES ('TL000001', 'SITE000001', 'US000001', 'ISSUE', 'ACCESS', 'acc_hash_admin1_20260410_1', '2026-04-10 10:00:00', '121.165.30.11', 'SYSTEM', '2026-01-01 00:00:00') ON CONFLICT DO NOTHING;
INSERT INTO shopjoy_2604.syh_user_token_log (log_id, site_id, user_id, action_cd, token_type_cd, token, token_exp, ip, reg_by, reg_date) VALUES ('TL000002', 'SITE000001', 'US000001', 'ISSUE', 'REFRESH', 'ref_hash_admin1_20260410_1', '2026-04-24 09:00:00', '121.165.30.11', 'SYSTEM', '2026-01-01 00:00:00') ON CONFLICT DO NOTHING;
INSERT INTO shopjoy_2604.syh_user_token_log (log_id, site_id, user_id, action_cd, token_type_cd, token, token_exp, ip, reg_by, reg_date) VALUES ('TL000003', 'SITE000001', 'US000002', 'ISSUE', 'ACCESS', 'acc_hash_admin2_20260410_1', '2026-04-10 09:45:00', '59.6.102.45', 'SYSTEM', '2026-01-01 00:00:00') ON CONFLICT DO NOTHING;
INSERT INTO shopjoy_2604.syh_user_token_log (log_id, site_id, user_id, action_cd, token_type_cd, token, token_exp, ip, reg_by, reg_date) VALUES ('TL000004', 'SITE000001', 'US000002', 'ISSUE', 'REFRESH', 'ref_hash_admin2_20260410_1', '2026-04-24 08:45:00', '59.6.102.45', 'SYSTEM', '2026-01-01 00:00:00') ON CONFLICT DO NOTHING;
INSERT INTO shopjoy_2604.syh_user_token_log (log_id, site_id, user_id, action_cd, token_type_cd, token, token_exp, ip, reg_by, reg_date) VALUES ('TL000005', 'SITE000001', 'US000003', 'ISSUE', 'ACCESS', 'acc_hash_oper1_20260410_1', '2026-04-10 08:30:00', '175.209.45.6', 'SYSTEM', '2026-01-01 00:00:00') ON CONFLICT DO NOTHING;
INSERT INTO shopjoy_2604.syh_user_token_log (log_id, site_id, user_id, action_cd, token_type_cd, token, token_exp, ip, reg_by, reg_date) VALUES ('TL000006', 'SITE000001', 'US000003', 'REFRESH', 'ACCESS', 'acc_hash_oper1_20260410_2', '2026-04-10 10:30:00', '175.209.45.6', 'SYSTEM', '2026-01-01 00:00:00') ON CONFLICT DO NOTHING;
INSERT INTO shopjoy_2604.syh_user_token_log (log_id, site_id, user_id, action_cd, token_type_cd, token, token_exp, ip, reg_by, reg_date) VALUES ('TL000007', 'SITE000001', 'US000004', 'ISSUE', 'ACCESS', 'acc_hash_oper2_20260410_1', '2026-04-10 09:15:00', '211.36.133.77', 'SYSTEM', '2026-01-01 00:00:00') ON CONFLICT DO NOTHING;
INSERT INTO shopjoy_2604.syh_user_token_log (log_id, site_id, user_id, action_cd, token_type_cd, token, token_exp, ip, reg_by, reg_date) VALUES ('TL000008', 'SITE000001', 'US000011', 'ISSUE', 'ACCESS', 'acc_hash_sysadmin_20260410', '2026-04-10 10:00:00', '10.0.0.1', 'SYSTEM', '2026-01-01 00:00:00') ON CONFLICT DO NOTHING;
INSERT INTO shopjoy_2604.syh_user_token_log (log_id, site_id, user_id, action_cd, token_type_cd, token, token_exp, ip, reg_by, reg_date) VALUES ('TL000009', 'SITE000001', 'US000011', 'ISSUE', 'REFRESH', 'ref_hash_sysadmin_20260410', '2026-04-24 09:00:00', '10.0.0.1', 'SYSTEM', '2026-01-01 00:00:00') ON CONFLICT DO NOTHING;
INSERT INTO shopjoy_2604.syh_user_token_log (log_id, site_id, user_id, action_cd, token_type_cd, token, token_exp, ip, reg_by, reg_date) VALUES ('TL000010', 'SITE000001', 'US000001', 'REVOKE', 'ACCESS', 'acc_hash_admin1_20260409_1', '2026-04-09 18:00:00', '121.165.30.11', 'SYSTEM', '2026-01-01 00:00:00') ON CONFLICT DO NOTHING;
INSERT INTO shopjoy_2604.syh_user_token_log (log_id, site_id, user_id, action_cd, token_type_cd, token, token_exp, ip, reg_by, reg_date) VALUES ('TL000011', 'SITE000001', 'US000001', 'EXPIRE', 'REFRESH', 'ref_hash_admin1_20260409_1', '2026-04-09 18:30:00', '121.165.30.11', 'SYSTEM', '2026-01-01 00:00:00') ON CONFLICT DO NOTHING;
INSERT INTO shopjoy_2604.syh_user_token_log (log_id, site_id, user_id, action_cd, token_type_cd, token, token_exp, ip, reg_by, reg_date) VALUES ('TL000012', 'SITE000001', 'US000048', 'ISSUE', 'ACCESS', 'acc_hash_progrep_20260410', '2026-04-10 09:00:00', '10.10.0.1', 'SYSTEM', '2026-01-01 00:00:00') ON CONFLICT DO NOTHING;
INSERT INTO shopjoy_2604.syh_user_token_log (log_id, site_id, user_id, action_cd, token_type_cd, token, token_exp, ip, reg_by, reg_date) VALUES ('TL000013', 'SITE000001', 'US000048', 'REVOKE', 'ACCESS', 'acc_hash_progrep_20260410', '2026-04-10 17:00:00', '10.10.0.1', 'SYSTEM', '2026-01-01 00:00:00') ON CONFLICT DO NOTHING;
