-- ================================================================
-- pm_* 프로모션 샘플 데이터
-- 생성: generate_sample_sql_pm.js
-- 스키마: shopjoy_2604
-- 전제: generate_sample_sql_ec.js + generate_sample_sql_front.js 완료
-- ================================================================
SET search_path TO shopjoy_2604;

-- ================================================================
-- 1. pm_coupon — 신규 쿠폰 7건
-- ================================================================
INSERT INTO shopjoy_2604.pm_coupon (coupon_id, site_id, coupon_cd, coupon_nm, coupon_type_cd, discount_rate, discount_amt, min_order_amt, max_discount_amt, issue_limit, valid_from, valid_to, coupon_status_cd, use_yn, reg_by, reg_date) VALUES ('CO000009', 'SITE000001', 'BOTTOMS05', '하의류 5% 할인', 'RATE', 5, 0, 30000, 10000, 300, '2026-04-01 00:00:00', '2026-09-30 00:00:00', 'ACTIVE', 'Y', 'SYSTEM', '2026-04-20 00:00:00') ON CONFLICT DO NOTHING;
INSERT INTO shopjoy_2604.pm_coupon (coupon_id, site_id, coupon_cd, coupon_nm, coupon_type_cd, discount_rate, discount_amt, min_order_amt, max_discount_amt, issue_limit, valid_from, valid_to, coupon_status_cd, use_yn, reg_by, reg_date) VALUES ('CO000010', 'SITE000001', 'OUTER3000', '아우터 3,000원 할인', 'AMT', 0, 3000, 80000, NULL, 200, '2026-03-01 00:00:00', '2026-08-31 00:00:00', 'ACTIVE', 'Y', 'SYSTEM', '2026-04-20 00:00:00') ON CONFLICT DO NOTHING;
INSERT INTO shopjoy_2604.pm_coupon (coupon_id, site_id, coupon_cd, coupon_nm, coupon_type_cd, discount_rate, discount_amt, min_order_amt, max_discount_amt, issue_limit, valid_from, valid_to, coupon_status_cd, use_yn, reg_by, reg_date) VALUES ('CO000011', 'SITE000001', 'BDAY10', '생일 축하 10% 할인', 'RATE', 10, 0, 0, 20000, 999, '2026-01-01 00:00:00', '2026-12-31 00:00:00', 'ACTIVE', 'Y', 'SYSTEM', '2026-04-20 00:00:00') ON CONFLICT DO NOTHING;
INSERT INTO shopjoy_2604.pm_coupon (coupon_id, site_id, coupon_cd, coupon_nm, coupon_type_cd, discount_rate, discount_amt, min_order_amt, max_discount_amt, issue_limit, valid_from, valid_to, coupon_status_cd, use_yn, reg_by, reg_date) VALUES ('CO000012', 'SITE000001', 'NEWMEM', '신규 무료배송 쿠폰', 'FREE', 0, 0, 0, NULL, 999, '2026-01-01 00:00:00', '2026-12-31 00:00:00', 'ACTIVE', 'Y', 'SYSTEM', '2026-04-20 00:00:00') ON CONFLICT DO NOTHING;
INSERT INTO shopjoy_2604.pm_coupon (coupon_id, site_id, coupon_cd, coupon_nm, coupon_type_cd, discount_rate, discount_amt, min_order_amt, max_discount_amt, issue_limit, valid_from, valid_to, coupon_status_cd, use_yn, reg_by, reg_date) VALUES ('CO000013', 'SITE000001', 'REVIEW2000', '리뷰 작성 2,000원 보상', 'AMT', 0, 2000, 20000, NULL, 999, '2026-01-01 00:00:00', '2026-12-31 00:00:00', 'ACTIVE', 'Y', 'SYSTEM', '2026-04-20 00:00:00') ON CONFLICT DO NOTHING;
INSERT INTO shopjoy_2604.pm_coupon (coupon_id, site_id, coupon_cd, coupon_nm, coupon_type_cd, discount_rate, discount_amt, min_order_amt, max_discount_amt, issue_limit, valid_from, valid_to, coupon_status_cd, use_yn, reg_by, reg_date) VALUES ('CO000014', 'SITE000001', 'APP1000', '앱 전용 1,000원 할인', 'AMT', 0, 1000, 15000, NULL, 999, '2026-01-01 00:00:00', '2026-12-31 00:00:00', 'ACTIVE', 'Y', 'SYSTEM', '2026-04-20 00:00:00') ON CONFLICT DO NOTHING;
INSERT INTO shopjoy_2604.pm_coupon (coupon_id, site_id, coupon_cd, coupon_nm, coupon_type_cd, discount_rate, discount_amt, min_order_amt, max_discount_amt, issue_limit, valid_from, valid_to, coupon_status_cd, use_yn, reg_by, reg_date) VALUES ('CO000015', 'SITE000001', 'VIP15', 'VIP 연간 15% 할인', 'RATE', 15, 0, 100000, 30000, 50, '2026-01-01 00:00:00', '2026-12-31 00:00:00', 'ACTIVE', 'Y', 'SYSTEM', '2026-04-20 00:00:00') ON CONFLICT DO NOTHING;

-- ================================================================
-- 2. pm_coupon_item — 쿠폰 적용 대상
-- ================================================================
INSERT INTO shopjoy_2604.pm_coupon_item (coupon_item_id, coupon_id, site_id, target_type_cd, target_id, reg_by, reg_date) VALUES ('CPIT000001', 'CO000003', 'SITE000001', 'PRODUCT', 'PD000001', 'SYSTEM', '2026-04-20 00:00:00') ON CONFLICT DO NOTHING;
INSERT INTO shopjoy_2604.pm_coupon_item (coupon_item_id, coupon_id, site_id, target_type_cd, target_id, reg_by, reg_date) VALUES ('CPIT000002', 'CO000003', 'SITE000001', 'PRODUCT', 'PD000002', 'SYSTEM', '2026-04-20 00:00:00') ON CONFLICT DO NOTHING;
INSERT INTO shopjoy_2604.pm_coupon_item (coupon_item_id, coupon_id, site_id, target_type_cd, target_id, reg_by, reg_date) VALUES ('CPIT000003', 'CO000003', 'SITE000001', 'PRODUCT', 'PD000003', 'SYSTEM', '2026-04-20 00:00:00') ON CONFLICT DO NOTHING;
INSERT INTO shopjoy_2604.pm_coupon_item (coupon_item_id, coupon_id, site_id, target_type_cd, target_id, reg_by, reg_date) VALUES ('CPIT000004', 'CO000003', 'SITE000001', 'PRODUCT', 'PD000011', 'SYSTEM', '2026-04-20 00:00:00') ON CONFLICT DO NOTHING;
INSERT INTO shopjoy_2604.pm_coupon_item (coupon_item_id, coupon_id, site_id, target_type_cd, target_id, reg_by, reg_date) VALUES ('CPIT000005', 'CO000003', 'SITE000001', 'PRODUCT', 'PD000012', 'SYSTEM', '2026-04-20 00:00:00') ON CONFLICT DO NOTHING;
INSERT INTO shopjoy_2604.pm_coupon_item (coupon_item_id, coupon_id, site_id, target_type_cd, target_id, reg_by, reg_date) VALUES ('CPIT000006', 'CO000009', 'SITE000001', 'PRODUCT', 'PD000011', 'SYSTEM', '2026-04-20 00:00:00') ON CONFLICT DO NOTHING;
INSERT INTO shopjoy_2604.pm_coupon_item (coupon_item_id, coupon_id, site_id, target_type_cd, target_id, reg_by, reg_date) VALUES ('CPIT000007', 'CO000009', 'SITE000001', 'PRODUCT', 'PD000012', 'SYSTEM', '2026-04-20 00:00:00') ON CONFLICT DO NOTHING;
INSERT INTO shopjoy_2604.pm_coupon_item (coupon_item_id, coupon_id, site_id, target_type_cd, target_id, reg_by, reg_date) VALUES ('CPIT000008', 'CO000009', 'SITE000001', 'PRODUCT', 'PD000013', 'SYSTEM', '2026-04-20 00:00:00') ON CONFLICT DO NOTHING;
INSERT INTO shopjoy_2604.pm_coupon_item (coupon_item_id, coupon_id, site_id, target_type_cd, target_id, reg_by, reg_date) VALUES ('CPIT000009', 'CO000009', 'SITE000001', 'PRODUCT', 'PD000014', 'SYSTEM', '2026-04-20 00:00:00') ON CONFLICT DO NOTHING;
INSERT INTO shopjoy_2604.pm_coupon_item (coupon_item_id, coupon_id, site_id, target_type_cd, target_id, reg_by, reg_date) VALUES ('CPIT000010', 'CO000009', 'SITE000001', 'PRODUCT', 'PD000015', 'SYSTEM', '2026-04-20 00:00:00') ON CONFLICT DO NOTHING;
INSERT INTO shopjoy_2604.pm_coupon_item (coupon_item_id, coupon_id, site_id, target_type_cd, target_id, reg_by, reg_date) VALUES ('CPIT000011', 'CO000010', 'SITE000001', 'PRODUCT', 'PD000021', 'SYSTEM', '2026-04-20 00:00:00') ON CONFLICT DO NOTHING;
INSERT INTO shopjoy_2604.pm_coupon_item (coupon_item_id, coupon_id, site_id, target_type_cd, target_id, reg_by, reg_date) VALUES ('CPIT000012', 'CO000010', 'SITE000001', 'PRODUCT', 'PD000022', 'SYSTEM', '2026-04-20 00:00:00') ON CONFLICT DO NOTHING;
INSERT INTO shopjoy_2604.pm_coupon_item (coupon_item_id, coupon_id, site_id, target_type_cd, target_id, reg_by, reg_date) VALUES ('CPIT000013', 'CO000010', 'SITE000001', 'PRODUCT', 'PD000023', 'SYSTEM', '2026-04-20 00:00:00') ON CONFLICT DO NOTHING;
INSERT INTO shopjoy_2604.pm_coupon_item (coupon_item_id, coupon_id, site_id, target_type_cd, target_id, reg_by, reg_date) VALUES ('CPIT000014', 'CO000010', 'SITE000001', 'PRODUCT', 'PD000024', 'SYSTEM', '2026-04-20 00:00:00') ON CONFLICT DO NOTHING;
INSERT INTO shopjoy_2604.pm_coupon_item (coupon_item_id, coupon_id, site_id, target_type_cd, target_id, reg_by, reg_date) VALUES ('CPIT000015', 'CO000010', 'SITE000001', 'PRODUCT', 'PD000025', 'SYSTEM', '2026-04-20 00:00:00') ON CONFLICT DO NOTHING;
INSERT INTO shopjoy_2604.pm_coupon_item (coupon_item_id, coupon_id, site_id, target_type_cd, target_id, reg_by, reg_date) VALUES ('CPIT000016', 'CO000015', 'SITE000001', 'PRODUCT', 'PD000031', 'SYSTEM', '2026-04-20 00:00:00') ON CONFLICT DO NOTHING;
INSERT INTO shopjoy_2604.pm_coupon_item (coupon_item_id, coupon_id, site_id, target_type_cd, target_id, reg_by, reg_date) VALUES ('CPIT000017', 'CO000015', 'SITE000001', 'PRODUCT', 'PD000033', 'SYSTEM', '2026-04-20 00:00:00') ON CONFLICT DO NOTHING;
INSERT INTO shopjoy_2604.pm_coupon_item (coupon_item_id, coupon_id, site_id, target_type_cd, target_id, reg_by, reg_date) VALUES ('CPIT000018', 'CO000015', 'SITE000001', 'PRODUCT', 'PD000035', 'SYSTEM', '2026-04-20 00:00:00') ON CONFLICT DO NOTHING;
INSERT INTO shopjoy_2604.pm_coupon_item (coupon_item_id, coupon_id, site_id, target_type_cd, target_id, reg_by, reg_date) VALUES ('CPIT000019', 'CO000015', 'SITE000001', 'PRODUCT', 'PD000047', 'SYSTEM', '2026-04-20 00:00:00') ON CONFLICT DO NOTHING;
INSERT INTO shopjoy_2604.pm_coupon_item (coupon_item_id, coupon_id, site_id, target_type_cd, target_id, reg_by, reg_date) VALUES ('CPIT000020', 'CO000015', 'SITE000001', 'PRODUCT', 'PD000049', 'SYSTEM', '2026-04-20 00:00:00') ON CONFLICT DO NOTHING;

-- ================================================================
-- 3. pm_coupon_issue — 추가 발급 (~35건)
-- ================================================================
INSERT INTO shopjoy_2604.pm_coupon_issue (issue_id, site_id, coupon_id, member_id, issue_date, use_yn, reg_by, reg_date) VALUES ('CI000013', 'SITE000001', 'CO000004', 'MB000001', '2026-04-01 10:00:00', 'N', 'SYSTEM', '2026-04-20 00:00:00') ON CONFLICT DO NOTHING;
INSERT INTO shopjoy_2604.pm_coupon_issue (issue_id, site_id, coupon_id, member_id, issue_date, use_yn, reg_by, reg_date, use_date, order_id) VALUES ('CI000014', 'SITE000001', 'CO000006', 'MB000001', '2026-03-15 09:00:00', 'Y', 'SYSTEM', '2026-04-20 00:00:00', '2026-03-22 11:27:00', 'ORD-2026-021') ON CONFLICT DO NOTHING;
INSERT INTO shopjoy_2604.pm_coupon_issue (issue_id, site_id, coupon_id, member_id, issue_date, use_yn, reg_by, reg_date) VALUES ('CI000015', 'SITE000001', 'CO000015', 'MB000001', '2026-01-01 00:00:00', 'N', 'SYSTEM', '2026-04-20 00:00:00') ON CONFLICT DO NOTHING;
INSERT INTO shopjoy_2604.pm_coupon_issue (issue_id, site_id, coupon_id, member_id, issue_date, use_yn, reg_by, reg_date, use_date, order_id) VALUES ('CI000016', 'SITE000001', 'CO000001', 'MB000002', '2026-01-15 15:00:00', 'Y', 'SYSTEM', '2026-04-20 00:00:00', '2026-04-02 21:05:00', 'ORD-2026-023') ON CONFLICT DO NOTHING;
INSERT INTO shopjoy_2604.pm_coupon_issue (issue_id, site_id, coupon_id, member_id, issue_date, use_yn, reg_by, reg_date) VALUES ('CI000017', 'SITE000001', 'CO000005', 'MB000002', '2026-03-10 10:00:00', 'N', 'SYSTEM', '2026-04-20 00:00:00') ON CONFLICT DO NOTHING;
INSERT INTO shopjoy_2604.pm_coupon_issue (issue_id, site_id, coupon_id, member_id, issue_date, use_yn, reg_by, reg_date, use_date, order_id) VALUES ('CI000018', 'SITE000001', 'CO000012', 'MB000002', '2026-01-15 15:00:00', 'Y', 'SYSTEM', '2026-04-20 00:00:00', '2026-02-20 14:00:00', 'ORD-2026-019') ON CONFLICT DO NOTHING;
INSERT INTO shopjoy_2604.pm_coupon_issue (issue_id, site_id, coupon_id, member_id, issue_date, use_yn, reg_by, reg_date) VALUES ('CI000019', 'SITE000001', 'CO000002', 'MB000003', '2026-04-01 10:00:00', 'N', 'SYSTEM', '2026-04-20 00:00:00') ON CONFLICT DO NOTHING;
INSERT INTO shopjoy_2604.pm_coupon_issue (issue_id, site_id, coupon_id, member_id, issue_date, use_yn, reg_by, reg_date, use_date, order_id) VALUES ('CI000020', 'SITE000001', 'CO000013', 'MB000003', '2026-03-05 09:00:00', 'Y', 'SYSTEM', '2026-04-20 00:00:00', '2026-03-28 16:44:00', 'ORD-2026-022') ON CONFLICT DO NOTHING;
INSERT INTO shopjoy_2604.pm_coupon_issue (issue_id, site_id, coupon_id, member_id, issue_date, use_yn, reg_by, reg_date) VALUES ('CI000021', 'SITE000001', 'CO000013', 'MB000003', '2026-04-05 09:00:00', 'N', 'SYSTEM', '2026-04-20 00:00:00') ON CONFLICT DO NOTHING;
INSERT INTO shopjoy_2604.pm_coupon_issue (issue_id, site_id, coupon_id, member_id, issue_date, use_yn, reg_by, reg_date, use_date, order_id) VALUES ('CI000022', 'SITE000001', 'CO000001', 'MB000004', '2026-03-01 15:30:00', 'Y', 'SYSTEM', '2026-04-20 00:00:00', '2026-03-18 08:53:00', 'ORD-2026-020') ON CONFLICT DO NOTHING;
INSERT INTO shopjoy_2604.pm_coupon_issue (issue_id, site_id, coupon_id, member_id, issue_date, use_yn, reg_by, reg_date) VALUES ('CI000023', 'SITE000001', 'CO000002', 'MB000004', '2026-04-01 10:00:00', 'N', 'SYSTEM', '2026-04-20 00:00:00') ON CONFLICT DO NOTHING;
INSERT INTO shopjoy_2604.pm_coupon_issue (issue_id, site_id, coupon_id, member_id, issue_date, use_yn, reg_by, reg_date) VALUES ('CI000024', 'SITE000001', 'CO000012', 'MB000004', '2026-03-01 15:30:00', 'N', 'SYSTEM', '2026-04-20 00:00:00') ON CONFLICT DO NOTHING;
INSERT INTO shopjoy_2604.pm_coupon_issue (issue_id, site_id, coupon_id, member_id, issue_date, use_yn, reg_by, reg_date) VALUES ('CI000025', 'SITE000001', 'CO000001', 'MB000005', '2025-12-10 11:00:00', 'N', 'SYSTEM', '2026-04-20 00:00:00') ON CONFLICT DO NOTHING;
INSERT INTO shopjoy_2604.pm_coupon_issue (issue_id, site_id, coupon_id, member_id, issue_date, use_yn, reg_by, reg_date) VALUES ('CI000026', 'SITE000001', 'CO000005', 'MB000005', '2026-01-05 10:00:00', 'N', 'SYSTEM', '2026-04-20 00:00:00') ON CONFLICT DO NOTHING;
INSERT INTO shopjoy_2604.pm_coupon_issue (issue_id, site_id, coupon_id, member_id, issue_date, use_yn, reg_by, reg_date) VALUES ('CI000027', 'SITE000001', 'CO000002', 'MB000006', '2026-04-01 10:00:00', 'N', 'SYSTEM', '2026-04-20 00:00:00') ON CONFLICT DO NOTHING;
INSERT INTO shopjoy_2604.pm_coupon_issue (issue_id, site_id, coupon_id, member_id, issue_date, use_yn, reg_by, reg_date) VALUES ('CI000028', 'SITE000001', 'CO000003', 'MB000006', '2026-04-15 10:00:00', 'N', 'SYSTEM', '2026-04-20 00:00:00') ON CONFLICT DO NOTHING;
INSERT INTO shopjoy_2604.pm_coupon_issue (issue_id, site_id, coupon_id, member_id, issue_date, use_yn, reg_by, reg_date) VALUES ('CI000029', 'SITE000001', 'CO000009', 'MB000006', '2026-04-10 10:00:00', 'N', 'SYSTEM', '2026-04-20 00:00:00') ON CONFLICT DO NOTHING;
INSERT INTO shopjoy_2604.pm_coupon_issue (issue_id, site_id, coupon_id, member_id, issue_date, use_yn, reg_by, reg_date) VALUES ('CI000030', 'SITE000001', 'CO000010', 'MB000006', '2026-04-10 10:00:00', 'N', 'SYSTEM', '2026-04-20 00:00:00') ON CONFLICT DO NOTHING;
INSERT INTO shopjoy_2604.pm_coupon_issue (issue_id, site_id, coupon_id, member_id, issue_date, use_yn, reg_by, reg_date) VALUES ('CI000031', 'SITE000001', 'CO000001', 'MB000007', '2026-02-14 13:00:00', 'N', 'SYSTEM', '2026-04-20 00:00:00') ON CONFLICT DO NOTHING;
INSERT INTO shopjoy_2604.pm_coupon_issue (issue_id, site_id, coupon_id, member_id, issue_date, use_yn, reg_by, reg_date) VALUES ('CI000032', 'SITE000001', 'CO000002', 'MB000007', '2026-04-01 10:00:00', 'N', 'SYSTEM', '2026-04-20 00:00:00') ON CONFLICT DO NOTHING;
INSERT INTO shopjoy_2604.pm_coupon_issue (issue_id, site_id, coupon_id, member_id, issue_date, use_yn, reg_by, reg_date) VALUES ('CI000033', 'SITE000001', 'CO000013', 'MB000007', '2026-03-20 09:00:00', 'N', 'SYSTEM', '2026-04-20 00:00:00') ON CONFLICT DO NOTHING;
INSERT INTO shopjoy_2604.pm_coupon_issue (issue_id, site_id, coupon_id, member_id, issue_date, use_yn, reg_by, reg_date, use_date, order_id) VALUES ('CI000034', 'SITE000001', 'CO000004', 'MB000008', '2026-01-01 00:00:00', 'Y', 'SYSTEM', '2026-04-20 00:00:00', '2026-02-22 22:14:00', 'ORD-2026-015') ON CONFLICT DO NOTHING;
INSERT INTO shopjoy_2604.pm_coupon_issue (issue_id, site_id, coupon_id, member_id, issue_date, use_yn, reg_by, reg_date) VALUES ('CI000035', 'SITE000001', 'CO000006', 'MB000008', '2026-04-01 09:00:00', 'N', 'SYSTEM', '2026-04-20 00:00:00') ON CONFLICT DO NOTHING;
INSERT INTO shopjoy_2604.pm_coupon_issue (issue_id, site_id, coupon_id, member_id, issue_date, use_yn, reg_by, reg_date) VALUES ('CI000036', 'SITE000001', 'CO000015', 'MB000008', '2026-01-01 00:00:00', 'N', 'SYSTEM', '2026-04-20 00:00:00') ON CONFLICT DO NOTHING;
INSERT INTO shopjoy_2604.pm_coupon_issue (issue_id, site_id, coupon_id, member_id, issue_date, use_yn, reg_by, reg_date, use_date) VALUES ('CI000037', 'SITE000001', 'CO000012', 'MB000001', '2025-11-01 00:00:00', 'Y', 'SYSTEM', '2026-04-20 00:00:00', '2025-11-15 14:00:00') ON CONFLICT DO NOTHING;
INSERT INTO shopjoy_2604.pm_coupon_issue (issue_id, site_id, coupon_id, member_id, issue_date, use_yn, reg_by, reg_date) VALUES ('CI000038', 'SITE000001', 'CO000011', 'MB000001', '2026-04-01 00:00:00', 'N', 'SYSTEM', '2026-04-20 00:00:00') ON CONFLICT DO NOTHING;
INSERT INTO shopjoy_2604.pm_coupon_issue (issue_id, site_id, coupon_id, member_id, issue_date, use_yn, reg_by, reg_date) VALUES ('CI000039', 'SITE000001', 'CO000011', 'MB000008', '2025-10-20 00:00:00', 'N', 'SYSTEM', '2026-04-20 00:00:00') ON CONFLICT DO NOTHING;
INSERT INTO shopjoy_2604.pm_coupon_issue (issue_id, site_id, coupon_id, member_id, issue_date, use_yn, reg_by, reg_date) VALUES ('CI000040', 'SITE000001', 'CO000003', 'MB000001', '2026-04-15 10:00:00', 'N', 'SYSTEM', '2026-04-20 00:00:00') ON CONFLICT DO NOTHING;
INSERT INTO shopjoy_2604.pm_coupon_issue (issue_id, site_id, coupon_id, member_id, issue_date, use_yn, reg_by, reg_date) VALUES ('CI000041', 'SITE000001', 'CO000003', 'MB000003', '2026-04-15 10:00:00', 'N', 'SYSTEM', '2026-04-20 00:00:00') ON CONFLICT DO NOTHING;
INSERT INTO shopjoy_2604.pm_coupon_issue (issue_id, site_id, coupon_id, member_id, issue_date, use_yn, reg_by, reg_date) VALUES ('CI000042', 'SITE000001', 'CO000008', 'MB000002', '2026-04-01 10:00:00', 'N', 'SYSTEM', '2026-04-20 00:00:00') ON CONFLICT DO NOTHING;
INSERT INTO shopjoy_2604.pm_coupon_issue (issue_id, site_id, coupon_id, member_id, issue_date, use_yn, reg_by, reg_date) VALUES ('CI000043', 'SITE000001', 'CO000008', 'MB000003', '2026-04-01 10:00:00', 'N', 'SYSTEM', '2026-04-20 00:00:00') ON CONFLICT DO NOTHING;
INSERT INTO shopjoy_2604.pm_coupon_issue (issue_id, site_id, coupon_id, member_id, issue_date, use_yn, reg_by, reg_date) VALUES ('CI000044', 'SITE000001', 'CO000014', 'MB000001', '2026-04-01 10:00:00', 'N', 'SYSTEM', '2026-04-20 00:00:00') ON CONFLICT DO NOTHING;
INSERT INTO shopjoy_2604.pm_coupon_issue (issue_id, site_id, coupon_id, member_id, issue_date, use_yn, reg_by, reg_date) VALUES ('CI000045', 'SITE000001', 'CO000014', 'MB000006', '2026-04-01 10:00:00', 'N', 'SYSTEM', '2026-04-20 00:00:00') ON CONFLICT DO NOTHING;

-- ================================================================
-- 4. pm_coupon_usage — 쿠폰 사용 이력 (~20건)
-- ================================================================
INSERT INTO shopjoy_2604.pm_coupon_usage (usage_id, site_id, coupon_id, coupon_code, coupon_nm, member_id, order_id, discount_type_cd, discount_value, discount_amt, used_date, reg_by, reg_date) VALUES ('COUS000001', 'SITE000001', 'CO000006', 'EXTRA20', '추가 20% 할인 (특별)', 'MB000001', 'ORD-2026-021', 'RATE', 20, 11000, '2026-03-22 11:27:00', 'SYSTEM', '2026-04-20 00:00:00') ON CONFLICT DO NOTHING;
INSERT INTO shopjoy_2604.pm_coupon_usage (usage_id, site_id, coupon_id, coupon_code, coupon_nm, member_id, order_id, discount_type_cd, discount_value, discount_amt, used_date, reg_by, reg_date) VALUES ('COUS000002', 'SITE000001', 'CO000004', 'VIP10000', 'VIP 10,000원 할인', 'MB000008', 'ORD-2026-015', 'AMT', 10000, 10000, '2026-02-22 22:14:00', 'SYSTEM', '2026-04-20 00:00:00') ON CONFLICT DO NOTHING;
INSERT INTO shopjoy_2604.pm_coupon_usage (usage_id, site_id, coupon_id, coupon_code, coupon_nm, member_id, order_id, discount_type_cd, discount_value, discount_amt, used_date, reg_by, reg_date) VALUES ('COUS000003', 'SITE000001', 'CO000001', 'WELCOME10', '신규가입 10% 할인', 'MB000002', 'ORD-2026-023', 'RATE', 10, 10400, '2026-04-02 21:05:00', 'SYSTEM', '2026-04-20 00:00:00') ON CONFLICT DO NOTHING;
INSERT INTO shopjoy_2604.pm_coupon_usage (usage_id, site_id, coupon_id, coupon_code, coupon_nm, member_id, order_id, discount_type_cd, discount_value, discount_amt, used_date, reg_by, reg_date) VALUES ('COUS000004', 'SITE000001', 'CO000013', NULL, NULL, 'MB000003', 'ORD-2026-022', 'AMT', 2000, 2000, '2026-03-28 16:44:00', 'SYSTEM', '2026-04-20 00:00:00') ON CONFLICT DO NOTHING;
INSERT INTO shopjoy_2604.pm_coupon_usage (usage_id, site_id, coupon_id, coupon_code, coupon_nm, member_id, order_id, discount_type_cd, discount_value, discount_amt, used_date, reg_by, reg_date) VALUES ('COUS000005', 'SITE000001', 'CO000001', 'WELCOME10', '신규가입 10% 할인', 'MB000004', 'ORD-2026-020', 'RATE', 10, 4500, '2026-03-18 08:53:00', 'SYSTEM', '2026-04-20 00:00:00') ON CONFLICT DO NOTHING;
INSERT INTO shopjoy_2604.pm_coupon_usage (usage_id, site_id, coupon_id, coupon_code, coupon_nm, member_id, order_id, discount_type_cd, discount_value, discount_amt, used_date, reg_by, reg_date) VALUES ('COUS000006', 'SITE000001', 'CO000012', NULL, NULL, 'MB000002', 'ORD-2026-019', 'FREE', 0, 3000, '2026-02-20 14:00:00', 'SYSTEM', '2026-04-20 00:00:00') ON CONFLICT DO NOTHING;
INSERT INTO shopjoy_2604.pm_coupon_usage (usage_id, site_id, coupon_id, coupon_code, coupon_nm, member_id, order_id, discount_type_cd, discount_value, discount_amt, used_date, reg_by, reg_date) VALUES ('COUS000007', 'SITE000001', 'CO000002', 'SPRING5000', '봄맞이 5,000원 할인', 'MB000001', 'ORD-2026-018', 'AMT', 5000, 5000, '2026-03-10 13:22:00', 'SYSTEM', '2026-04-20 00:00:00') ON CONFLICT DO NOTHING;
INSERT INTO shopjoy_2604.pm_coupon_usage (usage_id, site_id, coupon_id, coupon_code, coupon_nm, member_id, order_id, discount_type_cd, discount_value, discount_amt, used_date, reg_by, reg_date) VALUES ('COUS000008', 'SITE000001', 'CO000005', 'FREESHIP', '무료배송 쿠폰', 'MB000001', 'ORD-2026-024', 'FREE', 0, 3000, '2026-04-04 09:18:00', 'SYSTEM', '2026-04-20 00:00:00') ON CONFLICT DO NOTHING;
INSERT INTO shopjoy_2604.pm_coupon_usage (usage_id, site_id, coupon_id, coupon_code, coupon_nm, member_id, order_id, discount_type_cd, discount_value, discount_amt, used_date, reg_by, reg_date) VALUES ('COUS000009', 'SITE000001', 'CO000007', 'USED3000', '3,000원 할인', 'MB000003', 'ORD-2026-016', 'AMT', 3000, 3000, '2026-02-27 15:36:00', 'SYSTEM', '2026-04-20 00:00:00') ON CONFLICT DO NOTHING;
INSERT INTO shopjoy_2604.pm_coupon_usage (usage_id, site_id, coupon_id, coupon_code, coupon_nm, member_id, order_id, discount_type_cd, discount_value, discount_amt, used_date, reg_by, reg_date) VALUES ('COUS000010', 'SITE000001', 'CO000008', 'APP2000', '앱 전용 2,000원 할인', 'MB000006', 'ORD-2026-017', 'AMT', 2000, 2000, '2026-03-07 10:48:00', 'SYSTEM', '2026-04-20 00:00:00') ON CONFLICT DO NOTHING;
INSERT INTO shopjoy_2604.pm_coupon_usage (usage_id, site_id, coupon_id, coupon_code, coupon_nm, member_id, order_id, discount_type_cd, discount_value, discount_amt, used_date, reg_by, reg_date) VALUES ('COUS000011', 'SITE000001', 'CO000003', 'SUMMER15', '여름 시즌 15% 할인', 'MB000008', 'ORD-2026-014', 'RATE', 15, 8250, '2026-02-18 07:59:00', 'SYSTEM', '2026-04-20 00:00:00') ON CONFLICT DO NOTHING;

-- ================================================================
-- 5. pm_discnt — 할인 정책 5건
-- ================================================================
INSERT INTO shopjoy_2604.pm_discnt (discnt_id, site_id, discnt_nm, discnt_type_cd, discnt_target_cd, discnt_value, min_order_amt, discnt_status_cd, start_date, end_date, discnt_desc, use_yn, reg_by, reg_date) VALUES ('DI000001', 'SITE000001', '정률 10% 할인', 'RATE', 'ALL', 10, 30000, 'ACTIVE', '2026-04-01 00:00:00', '2026-06-30 00:00:00', '4월~6월 정기 할인', 'Y', 'SYSTEM', '2026-04-20 00:00:00') ON CONFLICT DO NOTHING;
INSERT INTO shopjoy_2604.pm_discnt (discnt_id, site_id, discnt_nm, discnt_type_cd, discnt_target_cd, discnt_value, min_order_amt, discnt_status_cd, start_date, end_date, discnt_desc, use_yn, reg_by, reg_date) VALUES ('DI000002', 'SITE000001', '5,000원 정액 할인', 'FIXED', 'ALL', 5000, 50000, 'ACTIVE', '2026-04-10 00:00:00', '2026-05-31 00:00:00', '봄 시즌 특가', 'Y', 'SYSTEM', '2026-04-20 00:00:00') ON CONFLICT DO NOTHING;
INSERT INTO shopjoy_2604.pm_discnt (discnt_id, site_id, discnt_nm, discnt_type_cd, discnt_target_cd, discnt_value, min_order_amt, discnt_status_cd, start_date, end_date, discnt_desc, use_yn, reg_by, reg_date) VALUES ('DI000003', 'SITE000001', '장바구니 10% 할인', 'CART', 'ALL', 10, 0, 'ACTIVE', '2026-03-15 00:00:00', '2026-12-31 00:00:00', '연중 장바구니 할인', 'Y', 'SYSTEM', '2026-04-20 00:00:00') ON CONFLICT DO NOTHING;
INSERT INTO shopjoy_2604.pm_discnt (discnt_id, site_id, discnt_nm, discnt_type_cd, discnt_target_cd, discnt_value, min_order_amt, discnt_status_cd, start_date, end_date, discnt_desc, use_yn, reg_by, reg_date) VALUES ('DI000004', 'SITE000001', '선착순 15% 할인', 'RATE', 'ALL', 15, 80000, 'INACTIVE', '2026-05-01 00:00:00', '2026-05-15 00:00:00', '5월 플래시 세일', 'Y', 'SYSTEM', '2026-04-20 00:00:00') ON CONFLICT DO NOTHING;
INSERT INTO shopjoy_2604.pm_discnt (discnt_id, site_id, discnt_nm, discnt_type_cd, discnt_target_cd, discnt_value, min_order_amt, discnt_status_cd, start_date, end_date, discnt_desc, use_yn, reg_by, reg_date) VALUES ('DI000005', 'SITE000001', '회원가입 3,000원 쿠폰', 'FIXED', 'ALL', 3000, 20000, 'ACTIVE', '2026-01-01 00:00:00', '2026-12-31 00:00:00', '신규가입 감사', 'Y', 'SYSTEM', '2026-04-20 00:00:00') ON CONFLICT DO NOTHING;

-- ================================================================
-- 6. pm_discnt_item — 할인 대상 항목 (~8건)
-- ================================================================
INSERT INTO shopjoy_2604.pm_discnt_item (discnt_item_id, discnt_id, site_id, target_type_cd, target_id, reg_by, reg_date) VALUES ('DITI000001', 'DI000001', 'SITE000001', 'PRODUCT', 'PD000001', 'SYSTEM', '2026-04-20 00:00:00') ON CONFLICT DO NOTHING;
INSERT INTO shopjoy_2604.pm_discnt_item (discnt_item_id, discnt_id, site_id, target_type_cd, target_id, reg_by, reg_date) VALUES ('DITI000002', 'DI000001', 'SITE000001', 'PRODUCT', 'PD000002', 'SYSTEM', '2026-04-20 00:00:00') ON CONFLICT DO NOTHING;
INSERT INTO shopjoy_2604.pm_discnt_item (discnt_item_id, discnt_id, site_id, target_type_cd, target_id, reg_by, reg_date) VALUES ('DITI000003', 'DI000001', 'SITE000001', 'PRODUCT', 'PD000003', 'SYSTEM', '2026-04-20 00:00:00') ON CONFLICT DO NOTHING;
INSERT INTO shopjoy_2604.pm_discnt_item (discnt_item_id, discnt_id, site_id, target_type_cd, target_id, reg_by, reg_date) VALUES ('DITI000004', 'DI000001', 'SITE000001', 'PRODUCT', 'PD000004', 'SYSTEM', '2026-04-20 00:00:00') ON CONFLICT DO NOTHING;
INSERT INTO shopjoy_2604.pm_discnt_item (discnt_item_id, discnt_id, site_id, target_type_cd, target_id, reg_by, reg_date) VALUES ('DITI000005', 'DI000001', 'SITE000001', 'PRODUCT', 'PD000005', 'SYSTEM', '2026-04-20 00:00:00') ON CONFLICT DO NOTHING;
INSERT INTO shopjoy_2604.pm_discnt_item (discnt_item_id, discnt_id, site_id, target_type_cd, target_id, reg_by, reg_date) VALUES ('DITI000006', 'DI000002', 'SITE000001', 'PRODUCT', 'PD000031', 'SYSTEM', '2026-04-20 00:00:00') ON CONFLICT DO NOTHING;
INSERT INTO shopjoy_2604.pm_discnt_item (discnt_item_id, discnt_id, site_id, target_type_cd, target_id, reg_by, reg_date) VALUES ('DITI000007', 'DI000002', 'SITE000001', 'PRODUCT', 'PD000032', 'SYSTEM', '2026-04-20 00:00:00') ON CONFLICT DO NOTHING;
INSERT INTO shopjoy_2604.pm_discnt_item (discnt_item_id, discnt_id, site_id, target_type_cd, target_id, reg_by, reg_date) VALUES ('DITI000008', 'DI000002', 'SITE000001', 'PRODUCT', 'PD000033', 'SYSTEM', '2026-04-20 00:00:00') ON CONFLICT DO NOTHING;
INSERT INTO shopjoy_2604.pm_discnt_item (discnt_item_id, discnt_id, site_id, target_type_cd, target_id, reg_by, reg_date) VALUES ('DITI000009', 'DI000002', 'SITE000001', 'PRODUCT', 'PD000034', 'SYSTEM', '2026-04-20 00:00:00') ON CONFLICT DO NOTHING;

-- ================================================================
-- 7. pm_discnt_usage — 할인 적용 이력 (~12건)
-- ================================================================
INSERT INTO shopjoy_2604.pm_discnt_usage (discnt_usage_id, site_id, discnt_id, discnt_nm, member_id, order_id, discnt_type_cd, discnt_value, discnt_amt, used_date, reg_by, reg_date) VALUES ('DIUS000001', 'SITE000001', 'DI000001', '정률 10% 할인', 'MB000001', 'ORD-2026-024', 'RATE', 10, 23880, '2026-04-04 09:18:00', 'SYSTEM', '2026-04-20 00:00:00') ON CONFLICT DO NOTHING;
INSERT INTO shopjoy_2604.pm_discnt_usage (discnt_usage_id, site_id, discnt_id, discnt_nm, member_id, order_id, discnt_type_cd, discnt_value, discnt_amt, used_date, reg_by, reg_date) VALUES ('DIUS000002', 'SITE000001', 'DI000001', '정률 10% 할인', 'MB000003', 'ORD-2026-016', 'RATE', 10, 5990, '2026-02-27 15:36:00', 'SYSTEM', '2026-04-20 00:00:00') ON CONFLICT DO NOTHING;
INSERT INTO shopjoy_2604.pm_discnt_usage (discnt_usage_id, site_id, discnt_id, discnt_nm, member_id, order_id, discnt_type_cd, discnt_value, discnt_amt, used_date, reg_by, reg_date) VALUES ('DIUS000003', 'SITE000001', 'DI000002', '5,000원 정액 할인', 'MB000002', 'ORD-2026-023', 'FIXED', 5000, 5000, '2026-04-02 21:05:00', 'SYSTEM', '2026-04-20 00:00:00') ON CONFLICT DO NOTHING;
INSERT INTO shopjoy_2604.pm_discnt_usage (discnt_usage_id, site_id, discnt_id, discnt_nm, member_id, order_id, discnt_type_cd, discnt_value, discnt_amt, used_date, reg_by, reg_date) VALUES ('DIUS000004', 'SITE000001', 'DI000003', '장바구니 10% 할인', 'MB000001', 'ORD-2026-021', 'RATE', 10, 5500, '2026-03-22 11:27:00', 'SYSTEM', '2026-04-20 00:00:00') ON CONFLICT DO NOTHING;
INSERT INTO shopjoy_2604.pm_discnt_usage (discnt_usage_id, site_id, discnt_id, discnt_nm, member_id, order_id, discnt_type_cd, discnt_value, discnt_amt, used_date, reg_by, reg_date) VALUES ('DIUS000005', 'SITE000001', 'DI000003', '장바구니 10% 할인', 'MB000008', 'ORD-2026-015', 'RATE', 10, 10890, '2026-02-22 22:14:00', 'SYSTEM', '2026-04-20 00:00:00') ON CONFLICT DO NOTHING;
INSERT INTO shopjoy_2604.pm_discnt_usage (discnt_usage_id, site_id, discnt_id, discnt_nm, member_id, order_id, discnt_type_cd, discnt_value, discnt_amt, used_date, reg_by, reg_date) VALUES ('DIUS000006', 'SITE000001', 'DI000003', '장바구니 10% 할인', 'MB000006', 'ORD-2026-017', 'RATE', 10, 4900, '2026-03-07 10:48:00', 'SYSTEM', '2026-04-20 00:00:00') ON CONFLICT DO NOTHING;
INSERT INTO shopjoy_2604.pm_discnt_usage (discnt_usage_id, site_id, discnt_id, discnt_nm, member_id, order_id, discnt_type_cd, discnt_value, discnt_amt, used_date, reg_by, reg_date) VALUES ('DIUS000007', 'SITE000001', 'DI000005', '회원가입 3,000원 쿠폰', 'MB000004', 'ORD-2026-020', 'FIXED', 3000, 3000, '2026-03-18 08:53:00', 'SYSTEM', '2026-04-20 00:00:00') ON CONFLICT DO NOTHING;
INSERT INTO shopjoy_2604.pm_discnt_usage (discnt_usage_id, site_id, discnt_id, discnt_nm, member_id, order_id, discnt_type_cd, discnt_value, discnt_amt, used_date, reg_by, reg_date) VALUES ('DIUS000008', 'SITE000001', 'DI000005', '회원가입 3,000원 쿠폰', 'MB000007', 'ORD-2026-012', 'FIXED', 3000, 3000, '2026-02-10 18:07:00', 'SYSTEM', '2026-04-20 00:00:00') ON CONFLICT DO NOTHING;

-- ================================================================
-- 8. pm_event — 신규 이벤트 4건
-- ================================================================
INSERT INTO shopjoy_2604.pm_event (event_id, site_id, event_nm, event_type_cd, event_title, event_content, start_date, end_date, event_status_cd, use_yn, reg_by, reg_date) VALUES ('EV000007', 'SITE000001', '리뷰 이벤트 - 포토리뷰 적립금 2배', 'CAMPAIGN', '포토리뷰 작성하고 적립금 2배 받자!', '<p>포토리뷰 작성 시 기본 적립금 2배 지급! 솔직한 후기를 남겨주세요.</p>', '2026-04-01 00:00:00', '2026-12-31 00:00:00', 'ACTIVE', 'Y', 'SYSTEM', '2026-04-20 00:00:00') ON CONFLICT DO NOTHING;
INSERT INTO shopjoy_2604.pm_event (event_id, site_id, event_nm, event_type_cd, event_title, event_content, start_date, end_date, event_status_cd, use_yn, reg_by, reg_date) VALUES ('EV000008', 'SITE000001', '5월 골든위크 세일', 'FLASH', '5월 1주 골든위크 최대 50% 할인!', '<p style="color:#e8587a;font-weight:700;">⏰ 5월 1~7일 한정! 최대 50% 할인 + 무료배송</p><p>기간 한정 특가 상품을 지금 바로 만나보세요.</p>', '2026-05-01 00:00:00', '2026-05-07 00:00:00', 'DRAFT', 'Y', 'SYSTEM', '2026-04-20 00:00:00') ON CONFLICT DO NOTHING;
INSERT INTO shopjoy_2604.pm_event (event_id, site_id, event_nm, event_type_cd, event_title, event_content, start_date, end_date, event_status_cd, use_yn, reg_by, reg_date) VALUES ('EV000009', 'SITE000001', '여름 준비 카테고리 세일', 'PROMOTION', '2026 썸머 컬렉션 얼리버드 세일', '<p>여름을 준비하세요! 썸머 의류 전품목 30% 할인. 선착순 500명 추가 5% 쿠폰 증정.</p>', '2026-05-15 00:00:00', '2026-07-15 00:00:00', 'DRAFT', 'Y', 'SYSTEM', '2026-04-20 00:00:00') ON CONFLICT DO NOTHING;
INSERT INTO shopjoy_2604.pm_event (event_id, site_id, event_nm, event_type_cd, event_title, event_content, start_date, end_date, event_status_cd, use_yn, reg_by, reg_date) VALUES ('EV000010', 'SITE000001', '친구 초대 이벤트', 'CAMPAIGN', '친구 초대하고 10,000원 적립금 받자!', '<p>친구를 초대할 때마다 10,000원 적립금 지급! 친구도 가입 혜택 5,000원 쿠폰 제공.</p>', '2026-04-01 00:00:00', '2026-12-31 00:00:00', 'ACTIVE', 'Y', 'SYSTEM', '2026-04-20 00:00:00') ON CONFLICT DO NOTHING;

-- ================================================================
-- 9. pm_event_benefit — 이벤트 혜택 (~22건)
-- ================================================================
INSERT INTO shopjoy_2604.pm_event_benefit (benefit_id, site_id, event_id, benefit_nm, benefit_type_cd, condition_desc, benefit_value, coupon_id, sort_ord, reg_by, reg_date) VALUES ('EVBT000001', 'SITE000001', 'EV000001', '봄 신규회원 15% 추가할인 쿠폰', 'COUPON', '첫 구매 시 15% 추가할인', '15%', 'CO000001', 1, 'SYSTEM', '2026-04-20 00:00:00') ON CONFLICT DO NOTHING;
INSERT INTO shopjoy_2604.pm_event_benefit (benefit_id, site_id, event_id, benefit_nm, benefit_type_cd, condition_desc, benefit_value, coupon_id, sort_ord, reg_by, reg_date) VALUES ('EVBT000002', 'SITE000001', 'EV000001', '5만원 이상 무료배송', 'FREE_SHIP', '5만원 이상 구매 시', '3000', NULL, 2, 'SYSTEM', '2026-04-20 00:00:00') ON CONFLICT DO NOTHING;
INSERT INTO shopjoy_2604.pm_event_benefit (benefit_id, site_id, event_id, benefit_nm, benefit_type_cd, condition_desc, benefit_value, coupon_id, sort_ord, reg_by, reg_date) VALUES ('EVBT000003', 'SITE000001', 'EV000002', 'VIP 전품목 20% 할인', 'DISCOUNT', '모든 상품 20% 할인', '20%', NULL, 1, 'SYSTEM', '2026-04-20 00:00:00') ON CONFLICT DO NOTHING;
INSERT INTO shopjoy_2604.pm_event_benefit (benefit_id, site_id, event_id, benefit_nm, benefit_type_cd, condition_desc, benefit_value, coupon_id, sort_ord, reg_by, reg_date) VALUES ('EVBT000004', 'SITE000001', 'EV000002', '전 상품 무료배송', 'FREE_SHIP', '배송비 100% 지원', '전액', NULL, 2, 'SYSTEM', '2026-04-20 00:00:00') ON CONFLICT DO NOTHING;
INSERT INTO shopjoy_2604.pm_event_benefit (benefit_id, site_id, event_id, benefit_nm, benefit_type_cd, condition_desc, benefit_value, coupon_id, sort_ord, reg_by, reg_date) VALUES ('EVBT000005', 'SITE000001', 'EV000002', 'VIP 전용 쿠폰 증정', 'COUPON', 'VIP 전용 10,000원 쿠폰', '10000원', 'CO000004', 3, 'SYSTEM', '2026-04-20 00:00:00') ON CONFLICT DO NOTHING;
INSERT INTO shopjoy_2604.pm_event_benefit (benefit_id, site_id, event_id, benefit_nm, benefit_type_cd, condition_desc, benefit_value, coupon_id, sort_ord, reg_by, reg_date) VALUES ('EVBT000006', 'SITE000001', 'EV000003', '의류 최대 50% 할인', 'DISCOUNT', '의류 카테고리 30~50% 할인', '최대50%', NULL, 1, 'SYSTEM', '2026-04-20 00:00:00') ON CONFLICT DO NOTHING;
INSERT INTO shopjoy_2604.pm_event_benefit (benefit_id, site_id, event_id, benefit_nm, benefit_type_cd, condition_desc, benefit_value, coupon_id, sort_ord, reg_by, reg_date) VALUES ('EVBT000007', 'SITE000001', 'EV000003', '봄 시즌 쿠폰', 'COUPON', '봄맞이 5,000원 할인 쿠폰', '5000원', 'CO000002', 2, 'SYSTEM', '2026-04-20 00:00:00') ON CONFLICT DO NOTHING;
INSERT INTO shopjoy_2604.pm_event_benefit (benefit_id, site_id, event_id, benefit_nm, benefit_type_cd, condition_desc, benefit_value, coupon_id, sort_ord, reg_by, reg_date) VALUES ('EVBT000008', 'SITE000001', 'EV000004', '얼리버드 45% 할인', 'DISCOUNT', '프리뷰 상품 45% 할인', '45%', NULL, 1, 'SYSTEM', '2026-04-20 00:00:00') ON CONFLICT DO NOTHING;
INSERT INTO shopjoy_2604.pm_event_benefit (benefit_id, site_id, event_id, benefit_nm, benefit_type_cd, condition_desc, benefit_value, coupon_id, sort_ord, reg_by, reg_date) VALUES ('EVBT000009', 'SITE000001', 'EV000004', '10만원 이상 쿠폰 증정', 'COUPON', '봄맞이 5,000원 쿠폰', '5000원', 'CO000002', 2, 'SYSTEM', '2026-04-20 00:00:00') ON CONFLICT DO NOTHING;
INSERT INTO shopjoy_2604.pm_event_benefit (benefit_id, site_id, event_id, benefit_nm, benefit_type_cd, condition_desc, benefit_value, coupon_id, sort_ord, reg_by, reg_date) VALUES ('EVBT000010', 'SITE000001', 'EV000004', '30만원 이상 선물 세트', 'GIFT', 'VIP 업그레이드 신청 + 선물', '선물세트', NULL, 3, 'SYSTEM', '2026-04-20 00:00:00') ON CONFLICT DO NOTHING;
INSERT INTO shopjoy_2604.pm_event_benefit (benefit_id, site_id, event_id, benefit_nm, benefit_type_cd, condition_desc, benefit_value, coupon_id, sort_ord, reg_by, reg_date) VALUES ('EVBT000011', 'SITE000001', 'EV000005', '신규가입 쿠폰 10,000원', 'COUPON', '가입 즉시 지급', '10000원', 'CO000001', 1, 'SYSTEM', '2026-04-20 00:00:00') ON CONFLICT DO NOTHING;
INSERT INTO shopjoy_2604.pm_event_benefit (benefit_id, site_id, event_id, benefit_nm, benefit_type_cd, condition_desc, benefit_value, coupon_id, sort_ord, reg_by, reg_date) VALUES ('EVBT000012', 'SITE000001', 'EV000005', '첫 구매 추가 15% 할인', 'DISCOUNT', '첫 구매 주문 한정', '15%', NULL, 2, 'SYSTEM', '2026-04-20 00:00:00') ON CONFLICT DO NOTHING;
INSERT INTO shopjoy_2604.pm_event_benefit (benefit_id, site_id, event_id, benefit_nm, benefit_type_cd, condition_desc, benefit_value, coupon_id, sort_ord, reg_by, reg_date) VALUES ('EVBT000013', 'SITE000001', 'EV000005', '무료배송 쿠폰', 'FREE_SHIP', '첫 구매 무료배송', '3000원', 'CO000012', 3, 'SYSTEM', '2026-04-20 00:00:00') ON CONFLICT DO NOTHING;
INSERT INTO shopjoy_2604.pm_event_benefit (benefit_id, site_id, event_id, benefit_nm, benefit_type_cd, condition_desc, benefit_value, coupon_id, sort_ord, reg_by, reg_date) VALUES ('EVBT000014', 'SITE000001', 'EV000006', '브랜드별 20~40% 할인', 'DISCOUNT', '참여 브랜드 상품 할인', '최대40%', NULL, 1, 'SYSTEM', '2026-04-20 00:00:00') ON CONFLICT DO NOTHING;
INSERT INTO shopjoy_2604.pm_event_benefit (benefit_id, site_id, event_id, benefit_nm, benefit_type_cd, condition_desc, benefit_value, coupon_id, sort_ord, reg_by, reg_date) VALUES ('EVBT000015', 'SITE000001', 'EV000006', '번들 추가 15% 할인 쿠폰', 'COUPON', '2개 이상 구매 시', '15%', 'CO000006', 2, 'SYSTEM', '2026-04-20 00:00:00') ON CONFLICT DO NOTHING;
INSERT INTO shopjoy_2604.pm_event_benefit (benefit_id, site_id, event_id, benefit_nm, benefit_type_cd, condition_desc, benefit_value, coupon_id, sort_ord, reg_by, reg_date) VALUES ('EVBT000016', 'SITE000001', 'EV000007', '포토리뷰 적립금 2배', 'POINT', '포토리뷰 작성 시 2,000원', '2000원', NULL, 1, 'SYSTEM', '2026-04-20 00:00:00') ON CONFLICT DO NOTHING;
INSERT INTO shopjoy_2604.pm_event_benefit (benefit_id, site_id, event_id, benefit_nm, benefit_type_cd, condition_desc, benefit_value, coupon_id, sort_ord, reg_by, reg_date) VALUES ('EVBT000017', 'SITE000001', 'EV000007', '우수리뷰 쿠폰 증정', 'COUPON', '베스트리뷰 선정 시 쿠폰', '2000원', 'CO000013', 2, 'SYSTEM', '2026-04-20 00:00:00') ON CONFLICT DO NOTHING;
INSERT INTO shopjoy_2604.pm_event_benefit (benefit_id, site_id, event_id, benefit_nm, benefit_type_cd, condition_desc, benefit_value, coupon_id, sort_ord, reg_by, reg_date) VALUES ('EVBT000018', 'SITE000001', 'EV000008', '골든위크 최대 50% 할인', 'DISCOUNT', '기간 내 전품목 50% 할인', '50%', NULL, 1, 'SYSTEM', '2026-04-20 00:00:00') ON CONFLICT DO NOTHING;
INSERT INTO shopjoy_2604.pm_event_benefit (benefit_id, site_id, event_id, benefit_nm, benefit_type_cd, condition_desc, benefit_value, coupon_id, sort_ord, reg_by, reg_date) VALUES ('EVBT000019', 'SITE000001', 'EV000008', '무료배송 + 쿠폰 증정', 'FREE_SHIP', '기간 중 모든 주문 무료배송', '전액', NULL, 2, 'SYSTEM', '2026-04-20 00:00:00') ON CONFLICT DO NOTHING;
INSERT INTO shopjoy_2604.pm_event_benefit (benefit_id, site_id, event_id, benefit_nm, benefit_type_cd, condition_desc, benefit_value, coupon_id, sort_ord, reg_by, reg_date) VALUES ('EVBT000020', 'SITE000001', 'EV000009', '얼리버드 30% 할인', 'DISCOUNT', '썸머 카테고리 30% 할인', '30%', NULL, 1, 'SYSTEM', '2026-04-20 00:00:00') ON CONFLICT DO NOTHING;
INSERT INTO shopjoy_2604.pm_event_benefit (benefit_id, site_id, event_id, benefit_nm, benefit_type_cd, condition_desc, benefit_value, coupon_id, sort_ord, reg_by, reg_date) VALUES ('EVBT000021', 'SITE000001', 'EV000009', '선착순 5% 추가 쿠폰', 'COUPON', '선착순 500명 추가 5% 쿠폰', '5%', 'CO000003', 2, 'SYSTEM', '2026-04-20 00:00:00') ON CONFLICT DO NOTHING;
INSERT INTO shopjoy_2604.pm_event_benefit (benefit_id, site_id, event_id, benefit_nm, benefit_type_cd, condition_desc, benefit_value, coupon_id, sort_ord, reg_by, reg_date) VALUES ('EVBT000022', 'SITE000001', 'EV000010', '초대인 10,000원 적립금', 'POINT', '친구 초대 성공 시 지급', '10000원', NULL, 1, 'SYSTEM', '2026-04-20 00:00:00') ON CONFLICT DO NOTHING;
INSERT INTO shopjoy_2604.pm_event_benefit (benefit_id, site_id, event_id, benefit_nm, benefit_type_cd, condition_desc, benefit_value, coupon_id, sort_ord, reg_by, reg_date) VALUES ('EVBT000023', 'SITE000001', 'EV000010', '피초대인 신규가입 쿠폰', 'COUPON', '초대받은 신규 회원', '5000원', 'CO000012', 2, 'SYSTEM', '2026-04-20 00:00:00') ON CONFLICT DO NOTHING;

-- ================================================================
-- 10. pm_event_item — 이벤트 대상 상품 (~30건)
-- ================================================================
INSERT INTO shopjoy_2604.pm_event_item (event_item_id, event_id, site_id, target_type_cd, target_id, sort_no, reg_by, reg_date) VALUES ('EVIT000001', 'EV000001', 'SITE000001', 'PRODUCT', 'PD000001', 1, 'SYSTEM', '2026-04-20 00:00:00') ON CONFLICT DO NOTHING;
INSERT INTO shopjoy_2604.pm_event_item (event_item_id, event_id, site_id, target_type_cd, target_id, sort_no, reg_by, reg_date) VALUES ('EVIT000002', 'EV000001', 'SITE000001', 'PRODUCT', 'PD000002', 2, 'SYSTEM', '2026-04-20 00:00:00') ON CONFLICT DO NOTHING;
INSERT INTO shopjoy_2604.pm_event_item (event_item_id, event_id, site_id, target_type_cd, target_id, sort_no, reg_by, reg_date) VALUES ('EVIT000003', 'EV000001', 'SITE000001', 'PRODUCT', 'PD000003', 3, 'SYSTEM', '2026-04-20 00:00:00') ON CONFLICT DO NOTHING;
INSERT INTO shopjoy_2604.pm_event_item (event_item_id, event_id, site_id, target_type_cd, target_id, sort_no, reg_by, reg_date) VALUES ('EVIT000004', 'EV000002', 'SITE000001', 'PRODUCT', 'PD000006', 1, 'SYSTEM', '2026-04-20 00:00:00') ON CONFLICT DO NOTHING;
INSERT INTO shopjoy_2604.pm_event_item (event_item_id, event_id, site_id, target_type_cd, target_id, sort_no, reg_by, reg_date) VALUES ('EVIT000005', 'EV000002', 'SITE000001', 'PRODUCT', 'PD000009', 2, 'SYSTEM', '2026-04-20 00:00:00') ON CONFLICT DO NOTHING;
INSERT INTO shopjoy_2604.pm_event_item (event_item_id, event_id, site_id, target_type_cd, target_id, sort_no, reg_by, reg_date) VALUES ('EVIT000006', 'EV000002', 'SITE000001', 'PRODUCT', 'PD000014', 3, 'SYSTEM', '2026-04-20 00:00:00') ON CONFLICT DO NOTHING;
INSERT INTO shopjoy_2604.pm_event_item (event_item_id, event_id, site_id, target_type_cd, target_id, sort_no, reg_by, reg_date) VALUES ('EVIT000007', 'EV000003', 'SITE000001', 'PRODUCT', 'PD000003', 1, 'SYSTEM', '2026-04-20 00:00:00') ON CONFLICT DO NOTHING;
INSERT INTO shopjoy_2604.pm_event_item (event_item_id, event_id, site_id, target_type_cd, target_id, sort_no, reg_by, reg_date) VALUES ('EVIT000008', 'EV000003', 'SITE000001', 'PRODUCT', 'PD000006', 2, 'SYSTEM', '2026-04-20 00:00:00') ON CONFLICT DO NOTHING;
INSERT INTO shopjoy_2604.pm_event_item (event_item_id, event_id, site_id, target_type_cd, target_id, sort_no, reg_by, reg_date) VALUES ('EVIT000009', 'EV000003', 'SITE000001', 'PRODUCT', 'PD000007', 3, 'SYSTEM', '2026-04-20 00:00:00') ON CONFLICT DO NOTHING;
INSERT INTO shopjoy_2604.pm_event_item (event_item_id, event_id, site_id, target_type_cd, target_id, sort_no, reg_by, reg_date) VALUES ('EVIT000010', 'EV000004', 'SITE000001', 'PRODUCT', 'PD000004', 1, 'SYSTEM', '2026-04-20 00:00:00') ON CONFLICT DO NOTHING;
INSERT INTO shopjoy_2604.pm_event_item (event_item_id, event_id, site_id, target_type_cd, target_id, sort_no, reg_by, reg_date) VALUES ('EVIT000011', 'EV000004', 'SITE000001', 'PRODUCT', 'PD000005', 2, 'SYSTEM', '2026-04-20 00:00:00') ON CONFLICT DO NOTHING;
INSERT INTO shopjoy_2604.pm_event_item (event_item_id, event_id, site_id, target_type_cd, target_id, sort_no, reg_by, reg_date) VALUES ('EVIT000012', 'EV000004', 'SITE000001', 'PRODUCT', 'PD000011', 3, 'SYSTEM', '2026-04-20 00:00:00') ON CONFLICT DO NOTHING;
INSERT INTO shopjoy_2604.pm_event_item (event_item_id, event_id, site_id, target_type_cd, target_id, sort_no, reg_by, reg_date) VALUES ('EVIT000013', 'EV000005', 'SITE000001', 'PRODUCT', 'PD000001', 1, 'SYSTEM', '2026-04-20 00:00:00') ON CONFLICT DO NOTHING;
INSERT INTO shopjoy_2604.pm_event_item (event_item_id, event_id, site_id, target_type_cd, target_id, sort_no, reg_by, reg_date) VALUES ('EVIT000014', 'EV000005', 'SITE000001', 'PRODUCT', 'PD000002', 2, 'SYSTEM', '2026-04-20 00:00:00') ON CONFLICT DO NOTHING;
INSERT INTO shopjoy_2604.pm_event_item (event_item_id, event_id, site_id, target_type_cd, target_id, sort_no, reg_by, reg_date) VALUES ('EVIT000015', 'EV000005', 'SITE000001', 'PRODUCT', 'PD000005', 3, 'SYSTEM', '2026-04-20 00:00:00') ON CONFLICT DO NOTHING;
INSERT INTO shopjoy_2604.pm_event_item (event_item_id, event_id, site_id, target_type_cd, target_id, sort_no, reg_by, reg_date) VALUES ('EVIT000016', 'EV000005', 'SITE000001', 'PRODUCT', 'PD000008', 4, 'SYSTEM', '2026-04-20 00:00:00') ON CONFLICT DO NOTHING;
INSERT INTO shopjoy_2604.pm_event_item (event_item_id, event_id, site_id, target_type_cd, target_id, sort_no, reg_by, reg_date) VALUES ('EVIT000017', 'EV000006', 'SITE000001', 'PRODUCT', 'PD000002', 1, 'SYSTEM', '2026-04-20 00:00:00') ON CONFLICT DO NOTHING;
INSERT INTO shopjoy_2604.pm_event_item (event_item_id, event_id, site_id, target_type_cd, target_id, sort_no, reg_by, reg_date) VALUES ('EVIT000018', 'EV000006', 'SITE000001', 'PRODUCT', 'PD000006', 2, 'SYSTEM', '2026-04-20 00:00:00') ON CONFLICT DO NOTHING;
INSERT INTO shopjoy_2604.pm_event_item (event_item_id, event_id, site_id, target_type_cd, target_id, sort_no, reg_by, reg_date) VALUES ('EVIT000019', 'EV000006', 'SITE000001', 'PRODUCT', 'PD000009', 3, 'SYSTEM', '2026-04-20 00:00:00') ON CONFLICT DO NOTHING;
INSERT INTO shopjoy_2604.pm_event_item (event_item_id, event_id, site_id, target_type_cd, target_id, sort_no, reg_by, reg_date) VALUES ('EVIT000020', 'EV000006', 'SITE000001', 'PRODUCT', 'PD000012', 4, 'SYSTEM', '2026-04-20 00:00:00') ON CONFLICT DO NOTHING;
INSERT INTO shopjoy_2604.pm_event_item (event_item_id, event_id, site_id, target_type_cd, target_id, sort_no, reg_by, reg_date) VALUES ('EVIT000021', 'EV000007', 'SITE000001', 'PRODUCT', 'PD000001', 1, 'SYSTEM', '2026-04-20 00:00:00') ON CONFLICT DO NOTHING;
INSERT INTO shopjoy_2604.pm_event_item (event_item_id, event_id, site_id, target_type_cd, target_id, sort_no, reg_by, reg_date) VALUES ('EVIT000022', 'EV000007', 'SITE000001', 'PRODUCT', 'PD000002', 2, 'SYSTEM', '2026-04-20 00:00:00') ON CONFLICT DO NOTHING;
INSERT INTO shopjoy_2604.pm_event_item (event_item_id, event_id, site_id, target_type_cd, target_id, sort_no, reg_by, reg_date) VALUES ('EVIT000023', 'EV000007', 'SITE000001', 'PRODUCT', 'PD000003', 3, 'SYSTEM', '2026-04-20 00:00:00') ON CONFLICT DO NOTHING;
INSERT INTO shopjoy_2604.pm_event_item (event_item_id, event_id, site_id, target_type_cd, target_id, sort_no, reg_by, reg_date) VALUES ('EVIT000024', 'EV000008', 'SITE000001', 'PRODUCT', 'PD000021', 1, 'SYSTEM', '2026-04-20 00:00:00') ON CONFLICT DO NOTHING;
INSERT INTO shopjoy_2604.pm_event_item (event_item_id, event_id, site_id, target_type_cd, target_id, sort_no, reg_by, reg_date) VALUES ('EVIT000025', 'EV000008', 'SITE000001', 'PRODUCT', 'PD000022', 2, 'SYSTEM', '2026-04-20 00:00:00') ON CONFLICT DO NOTHING;
INSERT INTO shopjoy_2604.pm_event_item (event_item_id, event_id, site_id, target_type_cd, target_id, sort_no, reg_by, reg_date) VALUES ('EVIT000026', 'EV000008', 'SITE000001', 'PRODUCT', 'PD000023', 3, 'SYSTEM', '2026-04-20 00:00:00') ON CONFLICT DO NOTHING;
INSERT INTO shopjoy_2604.pm_event_item (event_item_id, event_id, site_id, target_type_cd, target_id, sort_no, reg_by, reg_date) VALUES ('EVIT000027', 'EV000008', 'SITE000001', 'PRODUCT', 'PD000073', 4, 'SYSTEM', '2026-04-20 00:00:00') ON CONFLICT DO NOTHING;
INSERT INTO shopjoy_2604.pm_event_item (event_item_id, event_id, site_id, target_type_cd, target_id, sort_no, reg_by, reg_date) VALUES ('EVIT000028', 'EV000008', 'SITE000001', 'PRODUCT', 'PD000074', 5, 'SYSTEM', '2026-04-20 00:00:00') ON CONFLICT DO NOTHING;
INSERT INTO shopjoy_2604.pm_event_item (event_item_id, event_id, site_id, target_type_cd, target_id, sort_no, reg_by, reg_date) VALUES ('EVIT000029', 'EV000009', 'SITE000001', 'PRODUCT', 'PD000015', 1, 'SYSTEM', '2026-04-20 00:00:00') ON CONFLICT DO NOTHING;
INSERT INTO shopjoy_2604.pm_event_item (event_item_id, event_id, site_id, target_type_cd, target_id, sort_no, reg_by, reg_date) VALUES ('EVIT000030', 'EV000009', 'SITE000001', 'PRODUCT', 'PD000016', 2, 'SYSTEM', '2026-04-20 00:00:00') ON CONFLICT DO NOTHING;
INSERT INTO shopjoy_2604.pm_event_item (event_item_id, event_id, site_id, target_type_cd, target_id, sort_no, reg_by, reg_date) VALUES ('EVIT000031', 'EV000009', 'SITE000001', 'PRODUCT', 'PD000017', 3, 'SYSTEM', '2026-04-20 00:00:00') ON CONFLICT DO NOTHING;
INSERT INTO shopjoy_2604.pm_event_item (event_item_id, event_id, site_id, target_type_cd, target_id, sort_no, reg_by, reg_date) VALUES ('EVIT000032', 'EV000009', 'SITE000001', 'PRODUCT', 'PD000018', 4, 'SYSTEM', '2026-04-20 00:00:00') ON CONFLICT DO NOTHING;
INSERT INTO shopjoy_2604.pm_event_item (event_item_id, event_id, site_id, target_type_cd, target_id, sort_no, reg_by, reg_date) VALUES ('EVIT000033', 'EV000009', 'SITE000001', 'PRODUCT', 'PD000032', 5, 'SYSTEM', '2026-04-20 00:00:00') ON CONFLICT DO NOTHING;
INSERT INTO shopjoy_2604.pm_event_item (event_item_id, event_id, site_id, target_type_cd, target_id, sort_no, reg_by, reg_date) VALUES ('EVIT000034', 'EV000009', 'SITE000001', 'PRODUCT', 'PD000034', 6, 'SYSTEM', '2026-04-20 00:00:00') ON CONFLICT DO NOTHING;

-- ================================================================
-- 11. pm_gift — 사은품 5건
-- ================================================================
INSERT INTO shopjoy_2604.pm_gift (gift_id, site_id, gift_nm, gift_type_cd, gift_stock, gift_desc, start_date, end_date, min_order_amt, min_order_qty, gift_status_cd, use_yn, reg_by, reg_date) VALUES ('GT000001', 'SITE000001', '500원대 선물세트', 'ORDER_AMT', 100, '5만원 구매 이상', '2026-01-01 00:00:00', '2026-12-31 00:00:00', 50000, NULL, 'ACTIVE', 'Y', 'SYSTEM', '2026-04-20 00:00:00') ON CONFLICT DO NOTHING;
INSERT INTO shopjoy_2604.pm_gift (gift_id, site_id, gift_nm, gift_type_cd, gift_stock, gift_desc, start_date, end_date, min_order_amt, min_order_qty, gift_status_cd, use_yn, reg_by, reg_date) VALUES ('GT000002', 'SITE000001', '1,000원대 에코백', 'ORDER_AMT', 200, '10만원 구매 이상', '2026-02-01 00:00:00', '2026-12-31 00:00:00', 100000, NULL, 'ACTIVE', 'Y', 'SYSTEM', '2026-04-20 00:00:00') ON CONFLICT DO NOTHING;
INSERT INTO shopjoy_2604.pm_gift (gift_id, site_id, gift_nm, gift_type_cd, gift_stock, gift_desc, start_date, end_date, min_order_amt, min_order_qty, gift_status_cd, use_yn, reg_by, reg_date) VALUES ('GT000003', 'SITE000001', '샘플 세트 - 향수', 'ORDER_QTY', 150, '상품 3개 이상 구매', '2026-03-01 00:00:00', '2026-12-31 00:00:00', 0, 3, 'ACTIVE', 'Y', 'SYSTEM', '2026-04-20 00:00:00') ON CONFLICT DO NOTHING;
INSERT INTO shopjoy_2604.pm_gift (gift_id, site_id, gift_nm, gift_type_cd, gift_stock, gift_desc, start_date, end_date, min_order_amt, min_order_qty, gift_status_cd, use_yn, reg_by, reg_date) VALUES ('GT000004', 'SITE000001', '스타벅스 기프트카드 5천원', 'ORDER_AMT', 50, '20만원 구매 이상', '2026-04-01 00:00:00', '2026-12-31 00:00:00', 200000, NULL, 'ACTIVE', 'Y', 'SYSTEM', '2026-04-20 00:00:00') ON CONFLICT DO NOTHING;
INSERT INTO shopjoy_2604.pm_gift (gift_id, site_id, gift_nm, gift_type_cd, gift_stock, gift_desc, start_date, end_date, min_order_amt, min_order_qty, gift_status_cd, use_yn, reg_by, reg_date) VALUES ('GT000005', 'SITE000001', '무조건 선물 - 쇼핑백', 'FREE', 300, '5월 프로모션', '2026-05-01 00:00:00', '2026-05-31 00:00:00', 0, NULL, 'INACTIVE', 'Y', 'SYSTEM', '2026-04-20 00:00:00') ON CONFLICT DO NOTHING;

-- ================================================================
-- 12. pm_gift_cond — 사은품 지급 조건 (~8건)
-- ================================================================
INSERT INTO shopjoy_2604.pm_gift_cond (gift_cond_id, gift_id, site_id, cond_type_cd, min_order_amt, reg_by, reg_date) VALUES ('GCND000001', 'GT000001', 'SITE000001', 'ORDER_AMT', 50000, 'SYSTEM', '2026-04-20 00:00:00') ON CONFLICT DO NOTHING;
INSERT INTO shopjoy_2604.pm_gift_cond (gift_cond_id, gift_id, site_id, cond_type_cd, min_order_amt, reg_by, reg_date) VALUES ('GCND000002', 'GT000002', 'SITE000001', 'ORDER_AMT', 100000, 'SYSTEM', '2026-04-20 00:00:00') ON CONFLICT DO NOTHING;
INSERT INTO shopjoy_2604.pm_gift_cond (gift_cond_id, gift_id, site_id, cond_type_cd, min_order_amt, reg_by, reg_date) VALUES ('GCND000003', 'GT000003', 'SITE000001', 'ORDER_QTY', 0, 'SYSTEM', '2026-04-20 00:00:00') ON CONFLICT DO NOTHING;
INSERT INTO shopjoy_2604.pm_gift_cond (gift_cond_id, gift_id, site_id, cond_type_cd, min_order_amt, reg_by, reg_date) VALUES ('GCND000004', 'GT000004', 'SITE000001', 'ORDER_AMT', 200000, 'SYSTEM', '2026-04-20 00:00:00') ON CONFLICT DO NOTHING;
INSERT INTO shopjoy_2604.pm_gift_cond (gift_cond_id, gift_id, site_id, cond_type_cd, min_order_amt, reg_by, reg_date) VALUES ('GCND000005', 'GT000005', 'SITE000001', 'ORDER_AMT', 0, 'SYSTEM', '2026-04-20 00:00:00') ON CONFLICT DO NOTHING;

-- ================================================================
-- 13. pm_gift_issue — 사은품 발급 (~15건)
-- ================================================================
INSERT INTO shopjoy_2604.pm_gift_issue (gift_issue_id, gift_id, site_id, member_id, order_id, issue_date, gift_issue_status_cd, gift_issue_memo, reg_by, reg_date) VALUES ('GFIS000001', 'GT000001', 'SITE000001', 'MB000001', 'ORD-2026-015', '2026-02-23 12:00:00', 'DELIVERED', NULL, 'SYSTEM', '2026-04-20 00:00:00') ON CONFLICT DO NOTHING;
INSERT INTO shopjoy_2604.pm_gift_issue (gift_issue_id, gift_id, site_id, member_id, order_id, issue_date, gift_issue_status_cd, gift_issue_memo, reg_by, reg_date) VALUES ('GFIS000002', 'GT000001', 'SITE000001', 'MB000001', 'ORD-2026-018', '2026-03-11 10:00:00', 'DELIVERED', NULL, 'SYSTEM', '2026-04-20 00:00:00') ON CONFLICT DO NOTHING;
INSERT INTO shopjoy_2604.pm_gift_issue (gift_issue_id, gift_id, site_id, member_id, order_id, issue_date, gift_issue_status_cd, gift_issue_memo, reg_by, reg_date) VALUES ('GFIS000003', 'GT000001', 'SITE000001', 'MB000008', 'ORD-2026-014', '2026-02-19 09:00:00', 'DELIVERED', NULL, 'SYSTEM', '2026-04-20 00:00:00') ON CONFLICT DO NOTHING;
INSERT INTO shopjoy_2604.pm_gift_issue (gift_issue_id, gift_id, site_id, member_id, order_id, issue_date, gift_issue_status_cd, gift_issue_memo, reg_by, reg_date) VALUES ('GFIS000004', 'GT000001', 'SITE000001', 'MB000003', 'ORD-2026-016', '2026-02-28 09:00:00', 'ISSUED', NULL, 'SYSTEM', '2026-04-20 00:00:00') ON CONFLICT DO NOTHING;
INSERT INTO shopjoy_2604.pm_gift_issue (gift_issue_id, gift_id, site_id, member_id, order_id, issue_date, gift_issue_status_cd, gift_issue_memo, reg_by, reg_date) VALUES ('GFIS000005', 'GT000002', 'SITE000001', 'MB000001', 'ORD-2026-024', '2026-04-05 09:00:00', 'ISSUED', NULL, 'SYSTEM', '2026-04-20 00:00:00') ON CONFLICT DO NOTHING;
INSERT INTO shopjoy_2604.pm_gift_issue (gift_issue_id, gift_id, site_id, member_id, order_id, issue_date, gift_issue_status_cd, gift_issue_memo, reg_by, reg_date) VALUES ('GFIS000006', 'GT000002', 'SITE000001', 'MB000008', 'ORD-2026-015', '2026-02-23 12:00:00', 'DELIVERED', NULL, 'SYSTEM', '2026-04-20 00:00:00') ON CONFLICT DO NOTHING;
INSERT INTO shopjoy_2604.pm_gift_issue (gift_issue_id, gift_id, site_id, member_id, order_id, issue_date, gift_issue_status_cd, gift_issue_memo, reg_by, reg_date) VALUES ('GFIS000007', 'GT000003', 'SITE000001', 'MB000008', 'ORD-2026-015', '2026-02-23 12:00:00', 'DELIVERED', NULL, 'SYSTEM', '2026-04-20 00:00:00') ON CONFLICT DO NOTHING;
INSERT INTO shopjoy_2604.pm_gift_issue (gift_issue_id, gift_id, site_id, member_id, order_id, issue_date, gift_issue_status_cd, gift_issue_memo, reg_by, reg_date) VALUES ('GFIS000008', 'GT000003', 'SITE000001', 'MB000001', 'ORD-2026-024', '2026-04-05 09:00:00', 'ISSUED', NULL, 'SYSTEM', '2026-04-20 00:00:00') ON CONFLICT DO NOTHING;
INSERT INTO shopjoy_2604.pm_gift_issue (gift_issue_id, gift_id, site_id, member_id, order_id, issue_date, gift_issue_status_cd, gift_issue_memo, reg_by, reg_date) VALUES ('GFIS000009', 'GT000004', 'SITE000001', 'MB000008', 'ORD-2026-015', '2026-02-23 12:00:00', 'DELIVERED', NULL, 'SYSTEM', '2026-04-20 00:00:00') ON CONFLICT DO NOTHING;
INSERT INTO shopjoy_2604.pm_gift_issue (gift_issue_id, gift_id, site_id, member_id, order_id, issue_date, gift_issue_status_cd, gift_issue_memo, reg_by, reg_date) VALUES ('GFIS000010', 'GT000001', 'SITE000001', 'MB000006', 'ORD-2026-017', '2026-03-08 10:00:00', 'DELIVERED', NULL, 'SYSTEM', '2026-04-20 00:00:00') ON CONFLICT DO NOTHING;
INSERT INTO shopjoy_2604.pm_gift_issue (gift_issue_id, gift_id, site_id, member_id, order_id, issue_date, gift_issue_status_cd, gift_issue_memo, reg_by, reg_date) VALUES ('GFIS000011', 'GT000001', 'SITE000001', 'MB000003', 'ORD-2026-022', '2026-03-29 09:00:00', 'CANCELLED', '반품으로 취소', 'SYSTEM', '2026-04-20 00:00:00') ON CONFLICT DO NOTHING;
INSERT INTO shopjoy_2604.pm_gift_issue (gift_issue_id, gift_id, site_id, member_id, order_id, issue_date, gift_issue_status_cd, gift_issue_memo, reg_by, reg_date) VALUES ('GFIS000012', 'GT000002', 'SITE000001', 'MB000003', 'ORD-2026-022', '2026-03-29 09:00:00', 'CANCELLED', '반품으로 취소', 'SYSTEM', '2026-04-20 00:00:00') ON CONFLICT DO NOTHING;

-- ================================================================
-- 14. pm_plan — 기획전 8건
-- ================================================================
INSERT INTO shopjoy_2604.pm_plan (plan_id, site_id, plan_nm, plan_title, plan_type_cd, plan_desc, thumbnail_url, start_date, end_date, plan_status_cd, sort_ord, use_yn, reg_by, reg_date) VALUES ('PL000001', 'SITE000001', '봄 시즌 NEW 컬렉션', '봄 시즌 NEW 컬렉션', 'SEASON', '봄맞이', '🌸', '2026-03-01 00:00:00', '2026-05-31 00:00:00', 'ACTIVE', 1, 'Y', 'SYSTEM', '2026-04-20 00:00:00') ON CONFLICT DO NOTHING;
INSERT INTO shopjoy_2604.pm_plan (plan_id, site_id, plan_nm, plan_title, plan_type_cd, plan_desc, thumbnail_url, start_date, end_date, plan_status_cd, sort_ord, use_yn, reg_by, reg_date) VALUES ('PL000002', 'SITE000001', '아우터 전문점 SALE', '아우터 전문점 SALE', 'THEME', '세일', '🧥', '2026-03-15 00:00:00', '2026-04-15 00:00:00', 'ACTIVE', 2, 'Y', 'SYSTEM', '2026-04-20 00:00:00') ON CONFLICT DO NOTHING;
INSERT INTO shopjoy_2604.pm_plan (plan_id, site_id, plan_nm, plan_title, plan_type_cd, plan_desc, thumbnail_url, start_date, end_date, plan_status_cd, sort_ord, use_yn, reg_by, reg_date) VALUES ('PL000003', 'SITE000001', '여름 하의류 특가전', '여름 하의류 특가전', 'SEASON', '여름', '👖', '2026-05-01 00:00:00', '2026-07-31 00:00:00', 'DRAFT', 3, 'Y', 'SYSTEM', '2026-04-20 00:00:00') ON CONFLICT DO NOTHING;
INSERT INTO shopjoy_2604.pm_plan (plan_id, site_id, plan_nm, plan_title, plan_type_cd, plan_desc, thumbnail_url, start_date, end_date, plan_status_cd, sort_ord, use_yn, reg_by, reg_date) VALUES ('PL000004', 'SITE000001', '원피스 여신 기획전', '원피스 여신 기획전', 'SEASON', '신상', '👗', '2026-03-20 00:00:00', '2026-06-30 00:00:00', 'ACTIVE', 4, 'Y', 'SYSTEM', '2026-04-20 00:00:00') ON CONFLICT DO NOTHING;
INSERT INTO shopjoy_2604.pm_plan (plan_id, site_id, plan_nm, plan_title, plan_type_cd, plan_desc, thumbnail_url, start_date, end_date, plan_status_cd, sort_ord, use_yn, reg_by, reg_date) VALUES ('PL000005', 'SITE000001', '나이키 공식 배너', '나이키 공식 배너', 'BRAND', '브랜드', '⚽', '2026-04-01 00:00:00', '2026-05-31 00:00:00', 'ACTIVE', 5, 'Y', 'SYSTEM', '2026-04-20 00:00:00') ON CONFLICT DO NOTHING;
INSERT INTO shopjoy_2604.pm_plan (plan_id, site_id, plan_nm, plan_title, plan_type_cd, plan_desc, thumbnail_url, start_date, end_date, plan_status_cd, sort_ord, use_yn, reg_by, reg_date) VALUES ('PL000006', 'SITE000001', '캐주얼 정글룩 기획전', '캐주얼 정글룩 기획전', 'THEME', '트렌드', '👔', '2026-04-10 00:00:00', '2026-06-30 00:00:00', 'ACTIVE', 6, 'Y', 'SYSTEM', '2026-04-20 00:00:00') ON CONFLICT DO NOTHING;
INSERT INTO shopjoy_2604.pm_plan (plan_id, site_id, plan_nm, plan_title, plan_type_cd, plan_desc, thumbnail_url, start_date, end_date, plan_status_cd, sort_ord, use_yn, reg_by, reg_date) VALUES ('PL000007', 'SITE000001', '직원 할인 기획전', '직원 할인 기획전', 'THEME', '혜택', '💼', '2026-02-15 00:00:00', '2026-12-31 00:00:00', 'ACTIVE', 7, 'Y', 'SYSTEM', '2026-04-20 00:00:00') ON CONFLICT DO NOTHING;
INSERT INTO shopjoy_2604.pm_plan (plan_id, site_id, plan_nm, plan_title, plan_type_cd, plan_desc, thumbnail_url, start_date, end_date, plan_status_cd, sort_ord, use_yn, reg_by, reg_date) VALUES ('PL000008', 'SITE000001', 'VIP 회원 초이스', 'VIP 회원 초이스', 'THEME', '프리미엄', '💎', '2026-03-01 00:00:00', '2026-12-31 00:00:00', 'ACTIVE', 8, 'Y', 'SYSTEM', '2026-04-20 00:00:00') ON CONFLICT DO NOTHING;

-- ================================================================
-- 15. pm_plan_item — 기획전 상품 (~35건)
-- ================================================================
INSERT INTO shopjoy_2604.pm_plan_item (plan_item_id, plan_id, site_id, prod_id, sort_ord, reg_by, reg_date) VALUES ('PLIT000001', 'PL000001', 'SITE000001', 'PD000001', 1, 'SYSTEM', '2026-04-20 00:00:00') ON CONFLICT DO NOTHING;
INSERT INTO shopjoy_2604.pm_plan_item (plan_item_id, plan_id, site_id, prod_id, sort_ord, reg_by, reg_date) VALUES ('PLIT000002', 'PL000001', 'SITE000001', 'PD000002', 2, 'SYSTEM', '2026-04-20 00:00:00') ON CONFLICT DO NOTHING;
INSERT INTO shopjoy_2604.pm_plan_item (plan_item_id, plan_id, site_id, prod_id, sort_ord, reg_by, reg_date) VALUES ('PLIT000003', 'PL000001', 'SITE000001', 'PD000003', 3, 'SYSTEM', '2026-04-20 00:00:00') ON CONFLICT DO NOTHING;
INSERT INTO shopjoy_2604.pm_plan_item (plan_item_id, plan_id, site_id, prod_id, sort_ord, reg_by, reg_date) VALUES ('PLIT000004', 'PL000001', 'SITE000001', 'PD000007', 4, 'SYSTEM', '2026-04-20 00:00:00') ON CONFLICT DO NOTHING;
INSERT INTO shopjoy_2604.pm_plan_item (plan_item_id, plan_id, site_id, prod_id, sort_ord, reg_by, reg_date) VALUES ('PLIT000005', 'PL000001', 'SITE000001', 'PD000012', 5, 'SYSTEM', '2026-04-20 00:00:00') ON CONFLICT DO NOTHING;
INSERT INTO shopjoy_2604.pm_plan_item (plan_item_id, plan_id, site_id, prod_id, sort_ord, reg_by, reg_date) VALUES ('PLIT000006', 'PL000002', 'SITE000001', 'PD000006', 1, 'SYSTEM', '2026-04-20 00:00:00') ON CONFLICT DO NOTHING;
INSERT INTO shopjoy_2604.pm_plan_item (plan_item_id, plan_id, site_id, prod_id, sort_ord, reg_by, reg_date) VALUES ('PLIT000007', 'PL000002', 'SITE000001', 'PD000009', 2, 'SYSTEM', '2026-04-20 00:00:00') ON CONFLICT DO NOTHING;
INSERT INTO shopjoy_2604.pm_plan_item (plan_item_id, plan_id, site_id, prod_id, sort_ord, reg_by, reg_date) VALUES ('PLIT000008', 'PL000002', 'SITE000001', 'PD000014', 3, 'SYSTEM', '2026-04-20 00:00:00') ON CONFLICT DO NOTHING;
INSERT INTO shopjoy_2604.pm_plan_item (plan_item_id, plan_id, site_id, prod_id, sort_ord, reg_by, reg_date) VALUES ('PLIT000009', 'PL000003', 'SITE000001', 'PD000002', 1, 'SYSTEM', '2026-04-20 00:00:00') ON CONFLICT DO NOTHING;
INSERT INTO shopjoy_2604.pm_plan_item (plan_item_id, plan_id, site_id, prod_id, sort_ord, reg_by, reg_date) VALUES ('PLIT000010', 'PL000003', 'SITE000001', 'PD000005', 2, 'SYSTEM', '2026-04-20 00:00:00') ON CONFLICT DO NOTHING;
INSERT INTO shopjoy_2604.pm_plan_item (plan_item_id, plan_id, site_id, prod_id, sort_ord, reg_by, reg_date) VALUES ('PLIT000011', 'PL000003', 'SITE000001', 'PD000011', 3, 'SYSTEM', '2026-04-20 00:00:00') ON CONFLICT DO NOTHING;
INSERT INTO shopjoy_2604.pm_plan_item (plan_item_id, plan_id, site_id, prod_id, sort_ord, reg_by, reg_date) VALUES ('PLIT000012', 'PL000003', 'SITE000001', 'PD000012', 4, 'SYSTEM', '2026-04-20 00:00:00') ON CONFLICT DO NOTHING;
INSERT INTO shopjoy_2604.pm_plan_item (plan_item_id, plan_id, site_id, prod_id, sort_ord, reg_by, reg_date) VALUES ('PLIT000013', 'PL000004', 'SITE000001', 'PD000004', 1, 'SYSTEM', '2026-04-20 00:00:00') ON CONFLICT DO NOTHING;
INSERT INTO shopjoy_2604.pm_plan_item (plan_item_id, plan_id, site_id, prod_id, sort_ord, reg_by, reg_date) VALUES ('PLIT000014', 'PL000004', 'SITE000001', 'PD000010', 2, 'SYSTEM', '2026-04-20 00:00:00') ON CONFLICT DO NOTHING;
INSERT INTO shopjoy_2604.pm_plan_item (plan_item_id, plan_id, site_id, prod_id, sort_ord, reg_by, reg_date) VALUES ('PLIT000015', 'PL000005', 'SITE000001', 'PD000013', 1, 'SYSTEM', '2026-04-20 00:00:00') ON CONFLICT DO NOTHING;
INSERT INTO shopjoy_2604.pm_plan_item (plan_item_id, plan_id, site_id, prod_id, sort_ord, reg_by, reg_date) VALUES ('PLIT000016', 'PL000006', 'SITE000001', 'PD000007', 1, 'SYSTEM', '2026-04-20 00:00:00') ON CONFLICT DO NOTHING;
INSERT INTO shopjoy_2604.pm_plan_item (plan_item_id, plan_id, site_id, prod_id, sort_ord, reg_by, reg_date) VALUES ('PLIT000017', 'PL000006', 'SITE000001', 'PD000011', 2, 'SYSTEM', '2026-04-20 00:00:00') ON CONFLICT DO NOTHING;
INSERT INTO shopjoy_2604.pm_plan_item (plan_item_id, plan_id, site_id, prod_id, sort_ord, reg_by, reg_date) VALUES ('PLIT000018', 'PL000006', 'SITE000001', 'PD000012', 3, 'SYSTEM', '2026-04-20 00:00:00') ON CONFLICT DO NOTHING;
INSERT INTO shopjoy_2604.pm_plan_item (plan_item_id, plan_id, site_id, prod_id, sort_ord, reg_by, reg_date) VALUES ('PLIT000019', 'PL000006', 'SITE000001', 'PD000013', 4, 'SYSTEM', '2026-04-20 00:00:00') ON CONFLICT DO NOTHING;
INSERT INTO shopjoy_2604.pm_plan_item (plan_item_id, plan_id, site_id, prod_id, sort_ord, reg_by, reg_date) VALUES ('PLIT000020', 'PL000007', 'SITE000001', 'PD000001', 1, 'SYSTEM', '2026-04-20 00:00:00') ON CONFLICT DO NOTHING;
INSERT INTO shopjoy_2604.pm_plan_item (plan_item_id, plan_id, site_id, prod_id, sort_ord, reg_by, reg_date) VALUES ('PLIT000021', 'PL000007', 'SITE000001', 'PD000002', 2, 'SYSTEM', '2026-04-20 00:00:00') ON CONFLICT DO NOTHING;
INSERT INTO shopjoy_2604.pm_plan_item (plan_item_id, plan_id, site_id, prod_id, sort_ord, reg_by, reg_date) VALUES ('PLIT000022', 'PL000007', 'SITE000001', 'PD000003', 3, 'SYSTEM', '2026-04-20 00:00:00') ON CONFLICT DO NOTHING;
INSERT INTO shopjoy_2604.pm_plan_item (plan_item_id, plan_id, site_id, prod_id, sort_ord, reg_by, reg_date) VALUES ('PLIT000023', 'PL000007', 'SITE000001', 'PD000004', 4, 'SYSTEM', '2026-04-20 00:00:00') ON CONFLICT DO NOTHING;
INSERT INTO shopjoy_2604.pm_plan_item (plan_item_id, plan_id, site_id, prod_id, sort_ord, reg_by, reg_date) VALUES ('PLIT000024', 'PL000007', 'SITE000001', 'PD000005', 5, 'SYSTEM', '2026-04-20 00:00:00') ON CONFLICT DO NOTHING;
INSERT INTO shopjoy_2604.pm_plan_item (plan_item_id, plan_id, site_id, prod_id, sort_ord, reg_by, reg_date) VALUES ('PLIT000025', 'PL000007', 'SITE000001', 'PD000006', 6, 'SYSTEM', '2026-04-20 00:00:00') ON CONFLICT DO NOTHING;
INSERT INTO shopjoy_2604.pm_plan_item (plan_item_id, plan_id, site_id, prod_id, sort_ord, reg_by, reg_date) VALUES ('PLIT000026', 'PL000008', 'SITE000001', 'PD000006', 1, 'SYSTEM', '2026-04-20 00:00:00') ON CONFLICT DO NOTHING;
INSERT INTO shopjoy_2604.pm_plan_item (plan_item_id, plan_id, site_id, prod_id, sort_ord, reg_by, reg_date) VALUES ('PLIT000027', 'PL000008', 'SITE000001', 'PD000009', 2, 'SYSTEM', '2026-04-20 00:00:00') ON CONFLICT DO NOTHING;
INSERT INTO shopjoy_2604.pm_plan_item (plan_item_id, plan_id, site_id, prod_id, sort_ord, reg_by, reg_date) VALUES ('PLIT000028', 'PL000008', 'SITE000001', 'PD000014', 3, 'SYSTEM', '2026-04-20 00:00:00') ON CONFLICT DO NOTHING;

-- ================================================================
-- 16. pm_save — 마일리지 원장 (~60건)
-- ================================================================
INSERT INTO shopjoy_2604.pm_save (save_id, site_id, member_id, save_type_cd, save_amt, balance_amt, ref_type_cd, ref_id, expire_date, save_memo, reg_by, reg_date) VALUES ('SV000001', 'SITE000001', 'MB000001', 'EARN', 5000, 5000, 'EVENT', 'EV000005', '2028-12-31 00:00:00', '신규 회원가입 축하 적립금', 'SYSTEM', '2026-04-20 00:00:00') ON CONFLICT DO NOTHING;
INSERT INTO shopjoy_2604.pm_save (save_id, site_id, member_id, save_type_cd, save_amt, balance_amt, ref_type_cd, ref_id, expire_date, save_memo, reg_by, reg_date) VALUES ('SV000002', 'SITE000001', 'MB000002', 'EARN', 5000, 5000, 'EVENT', 'EV000005', '2028-12-31 00:00:00', '신규 회원가입 축하 적립금', 'SYSTEM', '2026-04-20 00:00:00') ON CONFLICT DO NOTHING;
INSERT INTO shopjoy_2604.pm_save (save_id, site_id, member_id, save_type_cd, save_amt, balance_amt, ref_type_cd, ref_id, expire_date, save_memo, reg_by, reg_date) VALUES ('SV000003', 'SITE000001', 'MB000003', 'EARN', 5000, 5000, 'EVENT', 'EV000005', '2028-12-31 00:00:00', '신규 회원가입 축하 적립금', 'SYSTEM', '2026-04-20 00:00:00') ON CONFLICT DO NOTHING;
INSERT INTO shopjoy_2604.pm_save (save_id, site_id, member_id, save_type_cd, save_amt, balance_amt, ref_type_cd, ref_id, expire_date, save_memo, reg_by, reg_date) VALUES ('SV000004', 'SITE000001', 'MB000004', 'EARN', 5000, 5000, 'EVENT', 'EV000005', '2028-12-31 00:00:00', '신규 회원가입 축하 적립금', 'SYSTEM', '2026-04-20 00:00:00') ON CONFLICT DO NOTHING;
INSERT INTO shopjoy_2604.pm_save (save_id, site_id, member_id, save_type_cd, save_amt, balance_amt, ref_type_cd, ref_id, expire_date, save_memo, reg_by, reg_date) VALUES ('SV000005', 'SITE000001', 'MB000005', 'EARN', 5000, 5000, 'EVENT', 'EV000005', '2028-12-31 00:00:00', '신규 회원가입 축하 적립금', 'SYSTEM', '2026-04-20 00:00:00') ON CONFLICT DO NOTHING;
INSERT INTO shopjoy_2604.pm_save (save_id, site_id, member_id, save_type_cd, save_amt, balance_amt, ref_type_cd, ref_id, expire_date, save_memo, reg_by, reg_date) VALUES ('SV000006', 'SITE000001', 'MB000006', 'EARN', 5000, 5000, 'EVENT', 'EV000005', '2028-12-31 00:00:00', '신규 회원가입 축하 적립금', 'SYSTEM', '2026-04-20 00:00:00') ON CONFLICT DO NOTHING;
INSERT INTO shopjoy_2604.pm_save (save_id, site_id, member_id, save_type_cd, save_amt, balance_amt, ref_type_cd, ref_id, expire_date, save_memo, reg_by, reg_date) VALUES ('SV000007', 'SITE000001', 'MB000007', 'EARN', 5000, 5000, 'EVENT', 'EV000005', '2028-12-31 00:00:00', '신규 회원가입 축하 적립금', 'SYSTEM', '2026-04-20 00:00:00') ON CONFLICT DO NOTHING;
INSERT INTO shopjoy_2604.pm_save (save_id, site_id, member_id, save_type_cd, save_amt, balance_amt, ref_type_cd, ref_id, expire_date, save_memo, reg_by, reg_date) VALUES ('SV000008', 'SITE000001', 'MB000008', 'EARN', 5000, 5000, 'EVENT', 'EV000005', '2028-12-31 00:00:00', '신규 회원가입 축하 적립금', 'SYSTEM', '2026-04-20 00:00:00') ON CONFLICT DO NOTHING;
INSERT INTO shopjoy_2604.pm_save (save_id, site_id, member_id, save_type_cd, save_amt, balance_amt, ref_type_cd, ref_id, expire_date, save_memo, reg_by, reg_date) VALUES ('SV000009', 'SITE000001', 'MB000001', 'EARN', 598, 5598, 'ORDER', 'ORD-2026-018', '2027-03-31 00:00:00', '구매 적립금 (ORD-2026-018)', 'SYSTEM', '2026-04-20 00:00:00') ON CONFLICT DO NOTHING;
INSERT INTO shopjoy_2604.pm_save (save_id, site_id, member_id, save_type_cd, save_amt, balance_amt, ref_type_cd, ref_id, expire_date, save_memo, reg_by, reg_date) VALUES ('SV000010', 'SITE000001', 'MB000001', 'EARN', 550, 6148, 'ORDER', 'ORD-2026-021', '2027-03-31 00:00:00', '구매 적립금 (ORD-2026-021)', 'SYSTEM', '2026-04-20 00:00:00') ON CONFLICT DO NOTHING;
INSERT INTO shopjoy_2604.pm_save (save_id, site_id, member_id, save_type_cd, save_amt, balance_amt, ref_type_cd, ref_id, expire_date, save_memo, reg_by, reg_date) VALUES ('SV000011', 'SITE000001', 'MB000008', 'EARN', 550, 5550, 'ORDER', 'ORD-2026-014', '2027-03-31 00:00:00', '구매 적립금 (ORD-2026-014)', 'SYSTEM', '2026-04-20 00:00:00') ON CONFLICT DO NOTHING;
INSERT INTO shopjoy_2604.pm_save (save_id, site_id, member_id, save_type_cd, save_amt, balance_amt, ref_type_cd, ref_id, expire_date, save_memo, reg_by, reg_date) VALUES ('SV000012', 'SITE000001', 'MB000008', 'EARN', 1089, 6639, 'ORDER', 'ORD-2026-015', '2027-03-31 00:00:00', '구매 적립금 (ORD-2026-015)', 'SYSTEM', '2026-04-20 00:00:00') ON CONFLICT DO NOTHING;
INSERT INTO shopjoy_2604.pm_save (save_id, site_id, member_id, save_type_cd, save_amt, balance_amt, ref_type_cd, ref_id, expire_date, save_memo, reg_by, reg_date) VALUES ('SV000013', 'SITE000001', 'MB000003', 'EARN', 599, 5599, 'ORDER', 'ORD-2026-016', '2027-03-31 00:00:00', '구매 적립금 (ORD-2026-016)', 'SYSTEM', '2026-04-20 00:00:00') ON CONFLICT DO NOTHING;
INSERT INTO shopjoy_2604.pm_save (save_id, site_id, member_id, save_type_cd, save_amt, balance_amt, ref_type_cd, ref_id, expire_date, save_memo, reg_by, reg_date) VALUES ('SV000014', 'SITE000001', 'MB000004', 'EARN', 450, 5450, 'ORDER', 'ORD-2026-020', '2027-03-31 00:00:00', '구매 적립금 (ORD-2026-020)', 'SYSTEM', '2026-04-20 00:00:00') ON CONFLICT DO NOTHING;
INSERT INTO shopjoy_2604.pm_save (save_id, site_id, member_id, save_type_cd, save_amt, balance_amt, ref_type_cd, ref_id, expire_date, save_memo, reg_by, reg_date) VALUES ('SV000015', 'SITE000001', 'MB000006', 'EARN', 490, 5490, 'ORDER', 'ORD-2026-017', '2027-03-31 00:00:00', '구매 적립금 (ORD-2026-017)', 'SYSTEM', '2026-04-20 00:00:00') ON CONFLICT DO NOTHING;
INSERT INTO shopjoy_2604.pm_save (save_id, site_id, member_id, save_type_cd, save_amt, balance_amt, ref_type_cd, ref_id, expire_date, save_memo, reg_by, reg_date) VALUES ('SV000016', 'SITE000001', 'MB000007', 'EARN', 949, 5949, 'ORDER', 'ORD-2026-012', '2027-03-31 00:00:00', '구매 적립금 (ORD-2026-012)', 'SYSTEM', '2026-04-20 00:00:00') ON CONFLICT DO NOTHING;
INSERT INTO shopjoy_2604.pm_save (save_id, site_id, member_id, save_type_cd, save_amt, balance_amt, ref_type_cd, ref_id, expire_date, save_memo, reg_by, reg_date) VALUES ('SV000017', 'SITE000001', 'MB000002', 'EARN', 1040, 6040, 'ORDER', 'ORD-2026-023', '2027-03-31 00:00:00', '구매 적립금 (ORD-2026-023)', 'SYSTEM', '2026-04-20 00:00:00') ON CONFLICT DO NOTHING;
INSERT INTO shopjoy_2604.pm_save (save_id, site_id, member_id, save_type_cd, save_amt, balance_amt, ref_type_cd, ref_id, expire_date, save_memo, reg_by, reg_date) VALUES ('SV000018', 'SITE000001', 'MB000001', 'EARN', 2388, 8536, 'ORDER', 'ORD-2026-024', '2027-03-31 00:00:00', '구매 적립금 (ORD-2026-024)', 'SYSTEM', '2026-04-20 00:00:00') ON CONFLICT DO NOTHING;
INSERT INTO shopjoy_2604.pm_save (save_id, site_id, member_id, save_type_cd, save_amt, balance_amt, ref_type_cd, ref_id, expire_date, save_memo, reg_by, reg_date) VALUES ('SV000019', 'SITE000001', 'MB000001', 'EARN', 1000, 9536, 'EVENT', NULL, '2027-04-20 00:00:00', '리뷰 작성 감사 적립금', 'SYSTEM', '2026-04-20 00:00:00') ON CONFLICT DO NOTHING;
INSERT INTO shopjoy_2604.pm_save (save_id, site_id, member_id, save_type_cd, save_amt, balance_amt, ref_type_cd, ref_id, expire_date, save_memo, reg_by, reg_date) VALUES ('SV000020', 'SITE000001', 'MB000003', 'EARN', 1000, 6599, 'EVENT', NULL, '2027-04-20 00:00:00', '리뷰 작성 감사 적립금', 'SYSTEM', '2026-04-20 00:00:00') ON CONFLICT DO NOTHING;
INSERT INTO shopjoy_2604.pm_save (save_id, site_id, member_id, save_type_cd, save_amt, balance_amt, ref_type_cd, ref_id, expire_date, save_memo, reg_by, reg_date) VALUES ('SV000021', 'SITE000001', 'MB000006', 'EARN', 1000, 6490, 'EVENT', NULL, '2027-04-20 00:00:00', '리뷰 작성 감사 적립금', 'SYSTEM', '2026-04-20 00:00:00') ON CONFLICT DO NOTHING;
INSERT INTO shopjoy_2604.pm_save (save_id, site_id, member_id, save_type_cd, save_amt, balance_amt, ref_type_cd, ref_id, expire_date, save_memo, reg_by, reg_date) VALUES ('SV000022', 'SITE000001', 'MB000008', 'EARN', 1000, 7639, 'EVENT', NULL, '2027-04-20 00:00:00', '리뷰 작성 감사 적립금', 'SYSTEM', '2026-04-20 00:00:00') ON CONFLICT DO NOTHING;
INSERT INTO shopjoy_2604.pm_save (save_id, site_id, member_id, save_type_cd, save_amt, balance_amt, ref_type_cd, ref_id, expire_date, save_memo, reg_by, reg_date) VALUES ('SV000023', 'SITE000001', 'MB000001', 'EARN', 10000, 19536, 'EVENT', 'EV000010', '2027-04-20 00:00:00', '친구 초대 이벤트 적립금', 'SYSTEM', '2026-04-20 00:00:00') ON CONFLICT DO NOTHING;
INSERT INTO shopjoy_2604.pm_save (save_id, site_id, member_id, save_type_cd, save_amt, balance_amt, ref_type_cd, ref_id, expire_date, save_memo, reg_by, reg_date) VALUES ('SV000024', 'SITE000001', 'MB000008', 'EARN', 5000, 12639, 'EVENT', 'EV000001', '2027-03-31 00:00:00', '봄맞이 이벤트 참여 적립금', 'SYSTEM', '2026-04-20 00:00:00') ON CONFLICT DO NOTHING;
INSERT INTO shopjoy_2604.pm_save (save_id, site_id, member_id, save_type_cd, save_amt, balance_amt, ref_type_cd, ref_id, expire_date, save_memo, reg_by, reg_date) VALUES ('SV000025', 'SITE000001', 'MB000001', 'USE', -3000, 16536, 'ORDER', 'ORD-2026-021', NULL, '적립금 사용 (ORD-2026-021)', 'SYSTEM', '2026-04-20 00:00:00') ON CONFLICT DO NOTHING;
INSERT INTO shopjoy_2604.pm_save (save_id, site_id, member_id, save_type_cd, save_amt, balance_amt, ref_type_cd, ref_id, expire_date, save_memo, reg_by, reg_date) VALUES ('SV000026', 'SITE000001', 'MB000008', 'USE', -1000, 11639, 'ORDER', 'ORD-2026-014', NULL, '적립금 사용 (ORD-2026-014)', 'SYSTEM', '2026-04-20 00:00:00') ON CONFLICT DO NOTHING;
INSERT INTO shopjoy_2604.pm_save (save_id, site_id, member_id, save_type_cd, save_amt, balance_amt, ref_type_cd, ref_id, expire_date, save_memo, reg_by, reg_date) VALUES ('SV000027', 'SITE000001', 'MB000003', 'USE', -500, 6099, 'ORDER', 'ORD-2026-022', NULL, '적립금 사용 (ORD-2026-022)', 'SYSTEM', '2026-04-20 00:00:00') ON CONFLICT DO NOTHING;
INSERT INTO shopjoy_2604.pm_save (save_id, site_id, member_id, save_type_cd, save_amt, balance_amt, ref_type_cd, ref_id, expire_date, save_memo, reg_by, reg_date) VALUES ('SV000028', 'SITE000001', 'MB000005', 'EXPIRE', -3000, 2000, NULL, NULL, NULL, '유효기간 만료 적립금', 'SYSTEM', '2026-04-20 00:00:00') ON CONFLICT DO NOTHING;

-- ================================================================
-- 17. pm_save_issue — 적립금 지급 이력 (~35건)
-- ================================================================
INSERT INTO shopjoy_2604.pm_save_issue (save_issue_id, site_id, member_id, save_issue_type_cd, save_amt, save_rate, ref_type_cd, ref_id, expire_date, issue_status_cd, save_memo, reg_by, reg_date) VALUES ('SVIS000001', 'SITE000001', 'MB000001', 'EVENT', 5000, NULL, 'EVENT', 'EV000005', '2028-12-31 00:00:00', 'CONFIRMED', '신규 회원가입 축하 적립금', 'SYSTEM', '2025-11-01 00:00:00') ON CONFLICT DO NOTHING;
INSERT INTO shopjoy_2604.pm_save_issue (save_issue_id, site_id, member_id, save_issue_type_cd, save_amt, save_rate, ref_type_cd, ref_id, expire_date, issue_status_cd, save_memo, reg_by, reg_date) VALUES ('SVIS000002', 'SITE000001', 'MB000002', 'EVENT', 5000, NULL, 'EVENT', 'EV000005', '2028-12-31 00:00:00', 'CONFIRMED', '신규 회원가입 축하 적립금', 'SYSTEM', '2026-01-15 00:00:00') ON CONFLICT DO NOTHING;
INSERT INTO shopjoy_2604.pm_save_issue (save_issue_id, site_id, member_id, save_issue_type_cd, save_amt, save_rate, ref_type_cd, ref_id, expire_date, issue_status_cd, save_memo, reg_by, reg_date) VALUES ('SVIS000003', 'SITE000001', 'MB000003', 'EVENT', 5000, NULL, 'EVENT', 'EV000005', '2028-12-31 00:00:00', 'CONFIRMED', '신규 회원가입 축하 적립금', 'SYSTEM', '2026-02-20 00:00:00') ON CONFLICT DO NOTHING;
INSERT INTO shopjoy_2604.pm_save_issue (save_issue_id, site_id, member_id, save_issue_type_cd, save_amt, save_rate, ref_type_cd, ref_id, expire_date, issue_status_cd, save_memo, reg_by, reg_date) VALUES ('SVIS000004', 'SITE000001', 'MB000004', 'EVENT', 5000, NULL, 'EVENT', 'EV000005', '2028-12-31 00:00:00', 'CONFIRMED', '신규 회원가입 축하 적립금', 'SYSTEM', '2026-03-01 00:00:00') ON CONFLICT DO NOTHING;
INSERT INTO shopjoy_2604.pm_save_issue (save_issue_id, site_id, member_id, save_issue_type_cd, save_amt, save_rate, ref_type_cd, ref_id, expire_date, issue_status_cd, save_memo, reg_by, reg_date) VALUES ('SVIS000005', 'SITE000001', 'MB000005', 'EVENT', 5000, NULL, 'EVENT', 'EV000005', '2028-12-31 00:00:00', 'CONFIRMED', '신규 회원가입 축하 적립금', 'SYSTEM', '2025-12-10 00:00:00') ON CONFLICT DO NOTHING;
INSERT INTO shopjoy_2604.pm_save_issue (save_issue_id, site_id, member_id, save_issue_type_cd, save_amt, save_rate, ref_type_cd, ref_id, expire_date, issue_status_cd, save_memo, reg_by, reg_date) VALUES ('SVIS000006', 'SITE000001', 'MB000006', 'EVENT', 5000, NULL, 'EVENT', 'EV000005', '2028-12-31 00:00:00', 'CONFIRMED', '신규 회원가입 축하 적립금', 'SYSTEM', '2026-01-05 00:00:00') ON CONFLICT DO NOTHING;
INSERT INTO shopjoy_2604.pm_save_issue (save_issue_id, site_id, member_id, save_issue_type_cd, save_amt, save_rate, ref_type_cd, ref_id, expire_date, issue_status_cd, save_memo, reg_by, reg_date) VALUES ('SVIS000007', 'SITE000001', 'MB000007', 'EVENT', 5000, NULL, 'EVENT', 'EV000005', '2028-12-31 00:00:00', 'CONFIRMED', '신규 회원가입 축하 적립금', 'SYSTEM', '2026-02-14 00:00:00') ON CONFLICT DO NOTHING;
INSERT INTO shopjoy_2604.pm_save_issue (save_issue_id, site_id, member_id, save_issue_type_cd, save_amt, save_rate, ref_type_cd, ref_id, expire_date, issue_status_cd, save_memo, reg_by, reg_date) VALUES ('SVIS000008', 'SITE000001', 'MB000008', 'EVENT', 5000, NULL, 'EVENT', 'EV000005', '2028-12-31 00:00:00', 'CONFIRMED', '신규 회원가입 축하 적립금', 'SYSTEM', '2025-10-20 00:00:00') ON CONFLICT DO NOTHING;
INSERT INTO shopjoy_2604.pm_save_issue (save_issue_id, site_id, member_id, save_issue_type_cd, save_amt, save_rate, ref_type_cd, ref_id, order_id, expire_date, issue_status_cd, save_memo, reg_by, reg_date) VALUES ('SVIS000009', 'SITE000001', 'MB000001', 'ORDER', 598, 1, 'ORDER', 'ORD-2026-018', 'ORD-2026-018', '2027-03-31 00:00:00', 'CONFIRMED', '구매 적립금 1% (ORD-2026-018)', 'SYSTEM', '2026-04-20 00:00:00') ON CONFLICT DO NOTHING;
INSERT INTO shopjoy_2604.pm_save_issue (save_issue_id, site_id, member_id, save_issue_type_cd, save_amt, save_rate, ref_type_cd, ref_id, order_id, expire_date, issue_status_cd, save_memo, reg_by, reg_date) VALUES ('SVIS000010', 'SITE000001', 'MB000001', 'ORDER', 550, 1, 'ORDER', 'ORD-2026-021', 'ORD-2026-021', '2027-03-31 00:00:00', 'CONFIRMED', '구매 적립금 1% (ORD-2026-021)', 'SYSTEM', '2026-04-20 00:00:00') ON CONFLICT DO NOTHING;
INSERT INTO shopjoy_2604.pm_save_issue (save_issue_id, site_id, member_id, save_issue_type_cd, save_amt, save_rate, ref_type_cd, ref_id, order_id, expire_date, issue_status_cd, save_memo, reg_by, reg_date) VALUES ('SVIS000011', 'SITE000001', 'MB000008', 'ORDER', 550, 1, 'ORDER', 'ORD-2026-014', 'ORD-2026-014', '2027-03-31 00:00:00', 'CONFIRMED', '구매 적립금 1% (ORD-2026-014)', 'SYSTEM', '2026-04-20 00:00:00') ON CONFLICT DO NOTHING;
INSERT INTO shopjoy_2604.pm_save_issue (save_issue_id, site_id, member_id, save_issue_type_cd, save_amt, save_rate, ref_type_cd, ref_id, order_id, expire_date, issue_status_cd, save_memo, reg_by, reg_date) VALUES ('SVIS000012', 'SITE000001', 'MB000008', 'ORDER', 1089, 1, 'ORDER', 'ORD-2026-015', 'ORD-2026-015', '2027-03-31 00:00:00', 'CONFIRMED', '구매 적립금 1% (ORD-2026-015)', 'SYSTEM', '2026-04-20 00:00:00') ON CONFLICT DO NOTHING;
INSERT INTO shopjoy_2604.pm_save_issue (save_issue_id, site_id, member_id, save_issue_type_cd, save_amt, save_rate, ref_type_cd, ref_id, order_id, expire_date, issue_status_cd, save_memo, reg_by, reg_date) VALUES ('SVIS000013', 'SITE000001', 'MB000003', 'ORDER', 599, 1, 'ORDER', 'ORD-2026-016', 'ORD-2026-016', '2027-03-31 00:00:00', 'CONFIRMED', '구매 적립금 1% (ORD-2026-016)', 'SYSTEM', '2026-04-20 00:00:00') ON CONFLICT DO NOTHING;
INSERT INTO shopjoy_2604.pm_save_issue (save_issue_id, site_id, member_id, save_issue_type_cd, save_amt, save_rate, ref_type_cd, ref_id, order_id, expire_date, issue_status_cd, save_memo, reg_by, reg_date) VALUES ('SVIS000014', 'SITE000001', 'MB000004', 'ORDER', 450, 1, 'ORDER', 'ORD-2026-020', 'ORD-2026-020', '2027-03-31 00:00:00', 'CONFIRMED', '구매 적립금 1% (ORD-2026-020)', 'SYSTEM', '2026-04-20 00:00:00') ON CONFLICT DO NOTHING;
INSERT INTO shopjoy_2604.pm_save_issue (save_issue_id, site_id, member_id, save_issue_type_cd, save_amt, save_rate, ref_type_cd, ref_id, order_id, expire_date, issue_status_cd, save_memo, reg_by, reg_date) VALUES ('SVIS000015', 'SITE000001', 'MB000006', 'ORDER', 490, 1, 'ORDER', 'ORD-2026-017', 'ORD-2026-017', '2027-03-31 00:00:00', 'CONFIRMED', '구매 적립금 1% (ORD-2026-017)', 'SYSTEM', '2026-04-20 00:00:00') ON CONFLICT DO NOTHING;
INSERT INTO shopjoy_2604.pm_save_issue (save_issue_id, site_id, member_id, save_issue_type_cd, save_amt, save_rate, ref_type_cd, ref_id, order_id, expire_date, issue_status_cd, save_memo, reg_by, reg_date) VALUES ('SVIS000016', 'SITE000001', 'MB000007', 'ORDER', 949, 1, 'ORDER', 'ORD-2026-012', 'ORD-2026-012', '2027-03-31 00:00:00', 'CONFIRMED', '구매 적립금 1% (ORD-2026-012)', 'SYSTEM', '2026-04-20 00:00:00') ON CONFLICT DO NOTHING;
INSERT INTO shopjoy_2604.pm_save_issue (save_issue_id, site_id, member_id, save_issue_type_cd, save_amt, save_rate, ref_type_cd, ref_id, order_id, expire_date, issue_status_cd, save_memo, reg_by, reg_date) VALUES ('SVIS000017', 'SITE000001', 'MB000002', 'ORDER', 1040, 1, 'ORDER', 'ORD-2026-023', 'ORD-2026-023', '2027-03-31 00:00:00', 'CONFIRMED', '구매 적립금 1% (ORD-2026-023)', 'SYSTEM', '2026-04-20 00:00:00') ON CONFLICT DO NOTHING;
INSERT INTO shopjoy_2604.pm_save_issue (save_issue_id, site_id, member_id, save_issue_type_cd, save_amt, save_rate, ref_type_cd, ref_id, order_id, expire_date, issue_status_cd, save_memo, reg_by, reg_date) VALUES ('SVIS000018', 'SITE000001', 'MB000001', 'ORDER', 2388, 1, 'ORDER', 'ORD-2026-024', 'ORD-2026-024', '2027-03-31 00:00:00', 'CONFIRMED', '구매 적립금 1% (ORD-2026-024)', 'SYSTEM', '2026-04-20 00:00:00') ON CONFLICT DO NOTHING;
INSERT INTO shopjoy_2604.pm_save_issue (save_issue_id, site_id, member_id, save_issue_type_cd, save_amt, save_rate, ref_type_cd, expire_date, issue_status_cd, save_memo, reg_by, reg_date) VALUES ('SVIS000019', 'SITE000001', 'MB000001', 'REVIEW', 1000, NULL, 'EVENT', '2027-04-20 00:00:00', 'CONFIRMED', '리뷰 작성 감사 적립금', 'SYSTEM', '2026-04-20 00:00:00') ON CONFLICT DO NOTHING;
INSERT INTO shopjoy_2604.pm_save_issue (save_issue_id, site_id, member_id, save_issue_type_cd, save_amt, save_rate, ref_type_cd, expire_date, issue_status_cd, save_memo, reg_by, reg_date) VALUES ('SVIS000020', 'SITE000001', 'MB000003', 'REVIEW', 1000, NULL, 'EVENT', '2027-04-20 00:00:00', 'CONFIRMED', '리뷰 작성 감사 적립금', 'SYSTEM', '2026-04-20 00:00:00') ON CONFLICT DO NOTHING;
INSERT INTO shopjoy_2604.pm_save_issue (save_issue_id, site_id, member_id, save_issue_type_cd, save_amt, save_rate, ref_type_cd, expire_date, issue_status_cd, save_memo, reg_by, reg_date) VALUES ('SVIS000021', 'SITE000001', 'MB000006', 'REVIEW', 1000, NULL, 'EVENT', '2027-04-20 00:00:00', 'CONFIRMED', '리뷰 작성 감사 적립금', 'SYSTEM', '2026-04-20 00:00:00') ON CONFLICT DO NOTHING;
INSERT INTO shopjoy_2604.pm_save_issue (save_issue_id, site_id, member_id, save_issue_type_cd, save_amt, save_rate, ref_type_cd, expire_date, issue_status_cd, save_memo, reg_by, reg_date) VALUES ('SVIS000022', 'SITE000001', 'MB000008', 'REVIEW', 1000, NULL, 'EVENT', '2027-04-20 00:00:00', 'CONFIRMED', '리뷰 작성 감사 적립금', 'SYSTEM', '2026-04-20 00:00:00') ON CONFLICT DO NOTHING;
INSERT INTO shopjoy_2604.pm_save_issue (save_issue_id, site_id, member_id, save_issue_type_cd, save_amt, save_rate, ref_type_cd, ref_id, expire_date, issue_status_cd, save_memo, reg_by, reg_date) VALUES ('SVIS000023', 'SITE000001', 'MB000001', 'EVENT', 10000, NULL, 'EVENT', 'EV000010', '2027-04-20 00:00:00', 'CONFIRMED', '친구 초대 이벤트', 'SYSTEM', '2026-04-20 00:00:00') ON CONFLICT DO NOTHING;
INSERT INTO shopjoy_2604.pm_save_issue (save_issue_id, site_id, member_id, save_issue_type_cd, save_amt, save_rate, ref_type_cd, ref_id, expire_date, issue_status_cd, save_memo, reg_by, reg_date) VALUES ('SVIS000024', 'SITE000001', 'MB000008', 'EVENT', 5000, NULL, 'EVENT', 'EV000001', '2027-04-20 00:00:00', 'CONFIRMED', '봄맞이 이벤트 참여', 'SYSTEM', '2026-04-20 00:00:00') ON CONFLICT DO NOTHING;
INSERT INTO shopjoy_2604.pm_save_issue (save_issue_id, site_id, member_id, save_issue_type_cd, save_amt, save_rate, ref_type_cd, ref_id, order_id, expire_date, issue_status_cd, save_memo, reg_by, reg_date) VALUES ('SVIS000025', 'SITE000001', 'MB000003', 'ORDER', 790, 1, 'ORDER', 'ORD-2026-022', 'ORD-2026-022', '2027-03-31 00:00:00', 'CANCELED', '반품으로 인한 적립금 취소 (ORD-2026-022)', 'SYSTEM', '2026-04-20 00:00:00') ON CONFLICT DO NOTHING;

-- ================================================================
-- 18. pm_save_usage — 적립금 사용 이력 (~15건)
-- ================================================================
INSERT INTO shopjoy_2604.pm_save_usage (save_usage_id, site_id, member_id, order_id, use_amt, balance_amt, used_date, reg_by, reg_date) VALUES ('SVUS000001', 'SITE000001', 'MB000001', 'ORD-2026-021', 3000, 19536, '2026-04-20 00:00:00', 'SYSTEM', '2026-04-20 00:00:00') ON CONFLICT DO NOTHING;
INSERT INTO shopjoy_2604.pm_save_usage (save_usage_id, site_id, member_id, order_id, use_amt, balance_amt, used_date, reg_by, reg_date) VALUES ('SVUS000002', 'SITE000001', 'MB000008', 'ORD-2026-014', 1000, 12639, '2026-04-20 00:00:00', 'SYSTEM', '2026-04-20 00:00:00') ON CONFLICT DO NOTHING;
INSERT INTO shopjoy_2604.pm_save_usage (save_usage_id, site_id, member_id, order_id, use_amt, balance_amt, used_date, reg_by, reg_date) VALUES ('SVUS000003', 'SITE000001', 'MB000003', 'ORD-2026-022', 500, 6599, '2026-04-20 00:00:00', 'SYSTEM', '2026-04-20 00:00:00') ON CONFLICT DO NOTHING;

-- ================================================================
-- 19. pm_voucher — 상품권 5건
-- ================================================================
INSERT INTO shopjoy_2604.pm_voucher (voucher_id, site_id, voucher_nm, voucher_type_cd, voucher_value, min_order_amt, expire_month, voucher_status_cd, voucher_desc, use_yn, reg_by, reg_date) VALUES ('VC000001', 'SITE000001', 'ShopJoy 5,000원 상품권', 'AMOUNT', 5000, 0, 12, 'ACTIVE', '기본 소액권', 'Y', 'SYSTEM', '2026-04-20 00:00:00') ON CONFLICT DO NOTHING;
INSERT INTO shopjoy_2604.pm_voucher (voucher_id, site_id, voucher_nm, voucher_type_cd, voucher_value, min_order_amt, expire_month, voucher_status_cd, voucher_desc, use_yn, reg_by, reg_date) VALUES ('VC000002', 'SITE000001', 'ShopJoy 10,000원 상품권', 'AMOUNT', 10000, 0, 12, 'ACTIVE', '중가 상품권', 'Y', 'SYSTEM', '2026-04-20 00:00:00') ON CONFLICT DO NOTHING;
INSERT INTO shopjoy_2604.pm_voucher (voucher_id, site_id, voucher_nm, voucher_type_cd, voucher_value, min_order_amt, expire_month, voucher_status_cd, voucher_desc, use_yn, reg_by, reg_date) VALUES ('VC000003', 'SITE000001', 'ShopJoy 50,000원 상품권', 'AMOUNT', 50000, 0, 12, 'ACTIVE', '고액권', 'Y', 'SYSTEM', '2026-04-20 00:00:00') ON CONFLICT DO NOTHING;
INSERT INTO shopjoy_2604.pm_voucher (voucher_id, site_id, voucher_nm, voucher_type_cd, voucher_value, min_order_amt, expire_month, voucher_status_cd, voucher_desc, use_yn, reg_by, reg_date) VALUES ('VC000004', 'SITE000001', 'ShopJoy 100,000원 상품권', 'AMOUNT', 100000, 0, 12, 'ACTIVE', 'VIP용 고액권', 'Y', 'SYSTEM', '2026-04-20 00:00:00') ON CONFLICT DO NOTHING;
INSERT INTO shopjoy_2604.pm_voucher (voucher_id, site_id, voucher_nm, voucher_type_cd, voucher_value, min_order_amt, expire_month, voucher_status_cd, voucher_desc, use_yn, reg_by, reg_date) VALUES ('VC000005', 'SITE000001', 'ShopJoy 봄시즌 한정 상품권', 'AMOUNT', 15000, 0, 12, 'INACTIVE', '5월 한정 판매', 'Y', 'SYSTEM', '2026-04-20 00:00:00') ON CONFLICT DO NOTHING;

-- ================================================================
-- 20. pm_voucher_issue — 상품권 발급 이력 (~14건)
-- ================================================================
INSERT INTO shopjoy_2604.pm_voucher_issue (voucher_issue_id, voucher_id, site_id, member_id, voucher_code, issue_date, expire_date, use_date, order_id, use_amt, voucher_issue_status_cd, reg_by, reg_date) VALUES ('VCIS000001', 'VC000001', 'SITE000001', 'MB000001', 'V1-001', '2026-04-05 00:00:00', '2026-12-31 00:00:00', NULL, NULL, NULL, 'ISSUED', 'SYSTEM', '2026-04-20 00:00:00') ON CONFLICT DO NOTHING;
INSERT INTO shopjoy_2604.pm_voucher_issue (voucher_issue_id, voucher_id, site_id, member_id, voucher_code, issue_date, expire_date, use_date, order_id, use_amt, voucher_issue_status_cd, reg_by, reg_date) VALUES ('VCIS000002', 'VC000001', 'SITE000001', 'MB000002', 'V1-002', '2026-04-03 00:00:00', '2026-12-31 00:00:00', '2026-04-04 00:00:00', 'ORD-2026-025', 5000, 'USED', 'SYSTEM', '2026-04-20 00:00:00') ON CONFLICT DO NOTHING;
INSERT INTO shopjoy_2604.pm_voucher_issue (voucher_issue_id, voucher_id, site_id, member_id, voucher_code, issue_date, expire_date, use_date, order_id, use_amt, voucher_issue_status_cd, reg_by, reg_date) VALUES ('VCIS000003', 'VC000001', 'SITE000001', 'MB000003', 'V1-003', '2026-04-01 00:00:00', '2026-12-31 00:00:00', '2026-04-02 00:00:00', 'ORD-2026-023', 2500, 'ISSUED', 'SYSTEM', '2026-04-20 00:00:00') ON CONFLICT DO NOTHING;
INSERT INTO shopjoy_2604.pm_voucher_issue (voucher_issue_id, voucher_id, site_id, member_id, voucher_code, issue_date, expire_date, use_date, order_id, use_amt, voucher_issue_status_cd, reg_by, reg_date) VALUES ('VCIS000004', 'VC000001', 'SITE000001', 'MB000004', 'V1-004', '2026-03-30 00:00:00', '2026-12-31 00:00:00', NULL, NULL, NULL, 'EXPIRED', 'SYSTEM', '2026-04-20 00:00:00') ON CONFLICT DO NOTHING;
INSERT INTO shopjoy_2604.pm_voucher_issue (voucher_issue_id, voucher_id, site_id, member_id, voucher_code, issue_date, expire_date, use_date, order_id, use_amt, voucher_issue_status_cd, reg_by, reg_date) VALUES ('VCIS000005', 'VC000001', 'SITE000001', 'MB000005', 'V1-005', '2026-03-25 00:00:00', '2026-12-31 00:00:00', NULL, NULL, NULL, 'ISSUED', 'SYSTEM', '2026-04-20 00:00:00') ON CONFLICT DO NOTHING;
INSERT INTO shopjoy_2604.pm_voucher_issue (voucher_issue_id, voucher_id, site_id, member_id, voucher_code, issue_date, expire_date, use_date, order_id, use_amt, voucher_issue_status_cd, reg_by, reg_date) VALUES ('VCIS000006', 'VC000002', 'SITE000001', 'MB000001', 'V2-001', '2026-04-05 00:00:00', '2026-12-31 00:00:00', NULL, NULL, NULL, 'ISSUED', 'SYSTEM', '2026-04-20 00:00:00') ON CONFLICT DO NOTHING;
INSERT INTO shopjoy_2604.pm_voucher_issue (voucher_issue_id, voucher_id, site_id, member_id, voucher_code, issue_date, expire_date, use_date, order_id, use_amt, voucher_issue_status_cd, reg_by, reg_date) VALUES ('VCIS000007', 'VC000002', 'SITE000001', 'MB000006', 'V2-002', '2026-04-02 00:00:00', '2026-12-31 00:00:00', NULL, NULL, NULL, 'ISSUED', 'SYSTEM', '2026-04-20 00:00:00') ON CONFLICT DO NOTHING;
INSERT INTO shopjoy_2604.pm_voucher_issue (voucher_issue_id, voucher_id, site_id, member_id, voucher_code, issue_date, expire_date, use_date, order_id, use_amt, voucher_issue_status_cd, reg_by, reg_date) VALUES ('VCIS000008', 'VC000002', 'SITE000001', 'MB000008', 'V2-003', '2026-03-28 00:00:00', '2026-12-31 00:00:00', '2026-03-29 00:00:00', 'ORD-2026-022', 10000, 'USED', 'SYSTEM', '2026-04-20 00:00:00') ON CONFLICT DO NOTHING;
INSERT INTO shopjoy_2604.pm_voucher_issue (voucher_issue_id, voucher_id, site_id, member_id, voucher_code, issue_date, expire_date, use_date, order_id, use_amt, voucher_issue_status_cd, reg_by, reg_date) VALUES ('VCIS000009', 'VC000003', 'SITE000001', 'MB000001', 'V3-001', '2026-04-05 00:00:00', '2026-12-31 00:00:00', NULL, NULL, NULL, 'ISSUED', 'SYSTEM', '2026-04-20 00:00:00') ON CONFLICT DO NOTHING;
INSERT INTO shopjoy_2604.pm_voucher_issue (voucher_issue_id, voucher_id, site_id, member_id, voucher_code, issue_date, expire_date, use_date, order_id, use_amt, voucher_issue_status_cd, reg_by, reg_date) VALUES ('VCIS000010', 'VC000003', 'SITE000001', 'MB000008', 'V3-002', '2026-03-15 00:00:00', '2026-12-31 00:00:00', '2026-02-23 00:00:00', 'ORD-2026-015', 50000, 'USED', 'SYSTEM', '2026-04-20 00:00:00') ON CONFLICT DO NOTHING;
INSERT INTO shopjoy_2604.pm_voucher_issue (voucher_issue_id, voucher_id, site_id, member_id, voucher_code, issue_date, expire_date, use_date, order_id, use_amt, voucher_issue_status_cd, reg_by, reg_date) VALUES ('VCIS000011', 'VC000004', 'SITE000001', 'MB000001', 'V4-001', '2026-04-05 00:00:00', '2026-12-31 00:00:00', NULL, NULL, NULL, 'ISSUED', 'SYSTEM', '2026-04-20 00:00:00') ON CONFLICT DO NOTHING;
INSERT INTO shopjoy_2604.pm_voucher_issue (voucher_issue_id, voucher_id, site_id, member_id, voucher_code, issue_date, expire_date, use_date, order_id, use_amt, voucher_issue_status_cd, reg_by, reg_date) VALUES ('VCIS000012', 'VC000004', 'SITE000001', 'MB000008', 'V4-002', '2026-03-20 00:00:00', '2026-12-31 00:00:00', NULL, NULL, NULL, 'ISSUED', 'SYSTEM', '2026-04-20 00:00:00') ON CONFLICT DO NOTHING;

-- ================================================================
-- 21. pm_cache — 추가 충전금 이력 (CC000200+, ~24건)
-- ================================================================
INSERT INTO shopjoy_2604.pm_cache (cache_id, site_id, member_id, member_nm, cache_type_cd, cache_amt, balance_amt, cache_desc, cache_date, reg_by, reg_date) VALUES ('CC000200', 'SITE000001', 'MB000002', '이영희', 'CHARGE', 20000, 20000, '직접 충전', '2026-04-10 10:00:00', 'SYSTEM', '2026-04-20 00:00:00') ON CONFLICT DO NOTHING;
INSERT INTO shopjoy_2604.pm_cache (cache_id, site_id, member_id, member_nm, cache_type_cd, cache_amt, balance_amt, cache_desc, cache_date, reg_by, reg_date) VALUES ('CC000201', 'SITE000001', 'MB000002', '이영희', 'USE', -8000, 12000, 'ORD-2026-023 결제 사용', '2026-04-02 21:05:00', 'SYSTEM', '2026-04-20 00:00:00') ON CONFLICT DO NOTHING;
INSERT INTO shopjoy_2604.pm_cache (cache_id, site_id, member_id, member_nm, cache_type_cd, cache_amt, balance_amt, cache_desc, cache_date, reg_by, reg_date) VALUES ('CC000202', 'SITE000001', 'MB000002', '이영희', 'CHARGE', 5000, 17000, '이벤트 참여 적립', '2026-03-20 09:00:00', 'SYSTEM', '2026-04-20 00:00:00') ON CONFLICT DO NOTHING;
INSERT INTO shopjoy_2604.pm_cache (cache_id, site_id, member_id, member_nm, cache_type_cd, cache_amt, balance_amt, cache_desc, cache_date, reg_by, reg_date) VALUES ('CC000203', 'SITE000001', 'MB000003', '박민준', 'CHARGE', 30000, 30000, '직접 충전', '2026-04-01 09:00:00', 'SYSTEM', '2026-04-20 00:00:00') ON CONFLICT DO NOTHING;
INSERT INTO shopjoy_2604.pm_cache (cache_id, site_id, member_id, member_nm, cache_type_cd, cache_amt, balance_amt, cache_desc, cache_date, reg_by, reg_date) VALUES ('CC000204', 'SITE000001', 'MB000003', '박민준', 'USE', -5000, 25000, 'ORD-2026-022 결제 사용', '2026-03-28 16:44:00', 'SYSTEM', '2026-04-20 00:00:00') ON CONFLICT DO NOTHING;
INSERT INTO shopjoy_2604.pm_cache (cache_id, site_id, member_id, member_nm, cache_type_cd, cache_amt, balance_amt, cache_desc, cache_date, reg_by, reg_date) VALUES ('CC000205', 'SITE000001', 'MB000003', '박민준', 'EARN_EVENT', 1000, 26000, '리뷰 작성 보상', '2026-03-10 09:00:00', 'SYSTEM', '2026-04-20 00:00:00') ON CONFLICT DO NOTHING;
INSERT INTO shopjoy_2604.pm_cache (cache_id, site_id, member_id, member_nm, cache_type_cd, cache_amt, balance_amt, cache_desc, cache_date, reg_by, reg_date) VALUES ('CC000206', 'SITE000001', 'MB000004', '김수현', 'CHARGE', 10000, 10000, '회원가입 웰컴 충전', '2026-03-01 15:30:00', 'SYSTEM', '2026-04-20 00:00:00') ON CONFLICT DO NOTHING;
INSERT INTO shopjoy_2604.pm_cache (cache_id, site_id, member_id, member_nm, cache_type_cd, cache_amt, balance_amt, cache_desc, cache_date, reg_by, reg_date) VALUES ('CC000207', 'SITE000001', 'MB000004', '김수현', 'USE', -5000, 5000, 'ORD-2026-020 결제 사용', '2026-03-18 08:53:00', 'SYSTEM', '2026-04-20 00:00:00') ON CONFLICT DO NOTHING;
INSERT INTO shopjoy_2604.pm_cache (cache_id, site_id, member_id, member_nm, cache_type_cd, cache_amt, balance_amt, cache_desc, cache_date, reg_by, reg_date) VALUES ('CC000208', 'SITE000001', 'MB000005', '최지우', 'CHARGE', 5000, 5000, '직접 충전', '2025-12-10 11:00:00', 'SYSTEM', '2026-04-20 00:00:00') ON CONFLICT DO NOTHING;
INSERT INTO shopjoy_2604.pm_cache (cache_id, site_id, member_id, member_nm, cache_type_cd, cache_amt, balance_amt, cache_desc, cache_date, reg_by, reg_date) VALUES ('CC000209', 'SITE000001', 'MB000005', '최지우', 'EXPIRE', -2000, 3000, '유효기간 만료', '2026-03-10 00:00:00', 'SYSTEM', '2026-04-20 00:00:00') ON CONFLICT DO NOTHING;
INSERT INTO shopjoy_2604.pm_cache (cache_id, site_id, member_id, member_nm, cache_type_cd, cache_amt, balance_amt, cache_desc, cache_date, reg_by, reg_date) VALUES ('CC000210', 'SITE000001', 'MB000006', '정민호', 'CHARGE', 50000, 50000, '직접 충전', '2026-04-05 10:00:00', 'SYSTEM', '2026-04-20 00:00:00') ON CONFLICT DO NOTHING;
INSERT INTO shopjoy_2604.pm_cache (cache_id, site_id, member_id, member_nm, cache_type_cd, cache_amt, balance_amt, cache_desc, cache_date, reg_by, reg_date) VALUES ('CC000211', 'SITE000001', 'MB000006', '정민호', 'USE', -10000, 40000, 'ORD-2026-017 결제 사용', '2026-03-07 10:48:00', 'SYSTEM', '2026-04-20 00:00:00') ON CONFLICT DO NOTHING;
INSERT INTO shopjoy_2604.pm_cache (cache_id, site_id, member_id, member_nm, cache_type_cd, cache_amt, balance_amt, cache_desc, cache_date, reg_by, reg_date) VALUES ('CC000212', 'SITE000001', 'MB000006', '정민호', 'EARN_EVENT', 2000, 42000, '이벤트 참여 적립', '2026-03-15 10:00:00', 'SYSTEM', '2026-04-20 00:00:00') ON CONFLICT DO NOTHING;
INSERT INTO shopjoy_2604.pm_cache (cache_id, site_id, member_id, member_nm, cache_type_cd, cache_amt, balance_amt, cache_desc, cache_date, reg_by, reg_date) VALUES ('CC000213', 'SITE000001', 'MB000007', '강예은', 'CHARGE', 15000, 15000, '직접 충전', '2026-02-14 13:00:00', 'SYSTEM', '2026-04-20 00:00:00') ON CONFLICT DO NOTHING;
INSERT INTO shopjoy_2604.pm_cache (cache_id, site_id, member_id, member_nm, cache_type_cd, cache_amt, balance_amt, cache_desc, cache_date, reg_by, reg_date) VALUES ('CC000214', 'SITE000001', 'MB000007', '강예은', 'USE', -5000, 10000, 'ORD-2026-012 결제 사용', '2026-02-10 18:07:00', 'SYSTEM', '2026-04-20 00:00:00') ON CONFLICT DO NOTHING;
INSERT INTO shopjoy_2604.pm_cache (cache_id, site_id, member_id, member_nm, cache_type_cd, cache_amt, balance_amt, cache_desc, cache_date, reg_by, reg_date) VALUES ('CC000215', 'SITE000001', 'MB000008', '윤성준', 'CHARGE', 100000, 100000, 'VIP 연간 충전', '2026-01-01 00:00:00', 'SYSTEM', '2026-04-20 00:00:00') ON CONFLICT DO NOTHING;
INSERT INTO shopjoy_2604.pm_cache (cache_id, site_id, member_id, member_nm, cache_type_cd, cache_amt, balance_amt, cache_desc, cache_date, reg_by, reg_date) VALUES ('CC000216', 'SITE000001', 'MB000008', '윤성준', 'USE', -50000, 50000, 'ORD-2026-015 결제 사용', '2026-02-22 22:14:00', 'SYSTEM', '2026-04-20 00:00:00') ON CONFLICT DO NOTHING;
INSERT INTO shopjoy_2604.pm_cache (cache_id, site_id, member_id, member_nm, cache_type_cd, cache_amt, balance_amt, cache_desc, cache_date, reg_by, reg_date) VALUES ('CC000217', 'SITE000001', 'MB000008', '윤성준', 'USE', -15000, 35000, 'ORD-2026-014 결제 사용', '2026-02-18 07:59:00', 'SYSTEM', '2026-04-20 00:00:00') ON CONFLICT DO NOTHING;
INSERT INTO shopjoy_2604.pm_cache (cache_id, site_id, member_id, member_nm, cache_type_cd, cache_amt, balance_amt, cache_desc, cache_date, reg_by, reg_date) VALUES ('CC000218', 'SITE000001', 'MB000008', '윤성준', 'EARN_EVENT', 5000, 40000, '연말 VIP 이벤트 적립', '2026-01-10 00:00:00', 'SYSTEM', '2026-04-20 00:00:00') ON CONFLICT DO NOTHING;
INSERT INTO shopjoy_2604.pm_cache (cache_id, site_id, member_id, member_nm, cache_type_cd, cache_amt, balance_amt, cache_desc, cache_date, reg_by, reg_date) VALUES ('CC000219', 'SITE000001', 'MB000001', '홍길동', 'CHARGE', 50000, 50000, '직접 충전', '2026-04-08 09:00:00', 'SYSTEM', '2026-04-20 00:00:00') ON CONFLICT DO NOTHING;
INSERT INTO shopjoy_2604.pm_cache (cache_id, site_id, member_id, member_nm, cache_type_cd, cache_amt, balance_amt, cache_desc, cache_date, reg_by, reg_date) VALUES ('CC000220', 'SITE000001', 'MB000001', '홍길동', 'EARN_EVENT', 3000, 53000, '친구 초대 이벤트 적립', '2026-04-10 10:00:00', 'SYSTEM', '2026-04-20 00:00:00') ON CONFLICT DO NOTHING;
INSERT INTO shopjoy_2604.pm_cache (cache_id, site_id, member_id, member_nm, cache_type_cd, cache_amt, balance_amt, cache_desc, cache_date, reg_by, reg_date) VALUES ('CC000221', 'SITE000001', 'MB000001', '홍길동', 'USE', -10000, 43000, 'ORD-2026-024 결제 사용', '2026-04-04 09:18:00', 'SYSTEM', '2026-04-20 00:00:00') ON CONFLICT DO NOTHING;
